inbound_date,Truck Number,actual_pallets,actual_packages,arrival_minutes,percentage contribution
5/1/2024,1,9,447,59,0.051970701
5/1/2024,2,11,604,109,0.070224393
5/1/2024,3,12,584,98,0.067899082
5/1/2024,4,5,277,119,0.032205557
5/1/2024,5,8,468,98,0.054412278
5/1/2024,6,17,876,174,0.101848622
5/1/2024,7,5,219,165,0.025462156
5/1/2024,8,12,623,202,0.072433438
5/1/2024,9,13,657,217,0.076386467
5/1/2024,10,10,713,223,0.082897338
5/1/2024,11,7,363,220,0.042204395
5/2/2024,12,3,146,920,0.021285902
5/2/2024,13,5,203,901,0.029596151
5/2/2024,14,4,204,992,0.029741945
5/2/2024,15,3,156,869,0.02274384
5/2/2024,1,9,481,82,0.070126841
5/2/2024,2,9,423,112,0.061670797
5/2/2024,3,12,582,117,0.084852019
5/2/2024,4,5,275,125,0.040093308
5/2/2024,5,7,425,189,0.061962385
5/2/2024,6,12,641,140,0.093453856
5/2/2024,7,3,152,165,0.022160665
5/2/2024,8,11,610,228,0.088934247
5/2/2024,9,10,699,216,0.101909899
5/2/2024,11,4,308,227,0.044904505
5/3/2024,12,3,124,917,0.011769172
5/3/2024,13,4,236,984,0.022399393
5/3/2024,14,4,145,977,0.013762339
5/3/2024,15,4,236,891,0.022399393
5/3/2024,1,10,585,65,0.055523918
5/3/2024,2,6,319,97,0.030277145
5/3/2024,3,10,599,98,0.056852696
5/3/2024,4,5,315,160,0.029897494
5/3/2024,5,7,466,118,0.044229309
5/3/2024,6,13,818,410,0.077638573
5/3/2024,7,4,215,201,0.020406226
5/3/2024,8,9,533,209,0.050588459
5/3/2024,9,13,649,217,0.06159833
5/3/2024,10,12,875,234,0.083048595
5/3/2024,11,6,406,244,0.038534548
5/4/2024,12,5,125,956,0.010688328
5/4/2024,13,5,229,901,0.019581018
5/4/2024,14,6,228,939,0.019495511
5/4/2024,1,7,394,61,0.033689611
5/4/2024,2,9,556,72,0.047541684
5/4/2024,3,10,573,90,0.048995297
5/4/2024,4,4,218,126,0.018640445
5/4/2024,5,9,508,77,0.043437366
5/4/2024,6,12,800,176,0.068405301
5/4/2024,7,4,209,167,0.017870885
5/4/2024,8,11,543,193,0.046430098
5/4/2024,9,9,636,218,0.054382215
5/4/2024,10,11,603,241,0.051560496
5/4/2024,11,6,374,205,0.031979478
5/5/2024,12,4,163,944,0.014965112
5/5/2024,13,5,287,901,0.026349614
5/5/2024,14,3,169,951,0.015515975
5/5/2024,15,4,184,891,0.016893133
5/5/2024,1,12,643,56,0.059034154
5/5/2024,2,12,730,111,0.067021667
5/5/2024,3,14,687,72,0.063073816
5/5/2024,5,9,650,114,0.059676827
5/5/2024,6,15,1011,157,0.092820419
5/5/2024,7,2,87,154,0.007987514
5/5/2024,8,13,751,193,0.068949688
5/5/2024,9,12,729,207,0.066929857
5/5/2024,10,13,1029,218,0.094473008
5/5/2024,11,7,434,211,0.039845758
5/6/2024,12,6,322,933,0.033322985
5/6/2024,13,6,367,924,0.037979923
5/6/2024,14,6,242,976,0.025043982
5/6/2024,15,4,224,871,0.023181207
5/6/2024,1,15,770,73,0.079685398
5/6/2024,2,17,969,157,0.100279416
5/6/2024,3,15,805,112,0.083307461
5/6/2024,4,5,351,83,0.036324123
5/6/2024,5,13,893,121,0.092414364
5/6/2024,6,19,1128,195,0.116733934
5/6/2024,7,4,292,175,0.030218359
5/6/2024,9,13,785,221,0.081237711
5/6/2024,10,15,1090,221,0.112801407
5/6/2024,11,7,493,217,0.051019352
5/7/2024,12,4,231,948,0.024498886
5/7/2024,13,3,165,940,0.017499205
5/7/2024,14,5,200,988,0.021211157
5/7/2024,15,4,185,867,0.01962032
5/7/2024,2,12,677,122,0.071799767
5/7/2024,3,18,896,140,0.095025984
5/7/2024,4,6,393,133,0.041679924
5/7/2024,5,13,836,115,0.088662637
5/7/2024,6,14,810,167,0.085905186
5/7/2024,7,4,247,149,0.026195779
5/7/2024,8,14,782,251,0.082935624
5/7/2024,9,12,741,197,0.078587337
5/7/2024,10,12,993,219,0.105313395
5/7/2024,11,5,372,217,0.039452752
5/8/2024,12,4,245,947,0.024842831
5/8/2024,13,4,96,925,0.009734334
5/8/2024,14,4,200,989,0.020279862
5/8/2024,15,5,197,870,0.019975664
5/8/2024,1,7,407,64,0.041269519
5/8/2024,2,11,670,153,0.067937538
5/8/2024,3,17,849,115,0.086088015
5/8/2024,4,5,336,142,0.034070168
5/8/2024,5,13,755,118,0.076556479
5/8/2024,6,17,987,194,0.100081119
5/8/2024,7,4,220,159,0.022307848
5/8/2024,8,11,689,222,0.069864125
5/8/2024,9,13,987,218,0.100081119
5/8/2024,11,5,432,229,0.043804502
5/9/2024,12,5,239,974,0.025751535
5/9/2024,13,2,104,873,0.011205689
5/9/2024,14,3,126,990,0.013576123
5/9/2024,15,4,162,863,0.017455016
5/9/2024,1,8,386,65,0.041590346
5/9/2024,2,11,710,142,0.076500377
5/9/2024,3,13,642,137,0.06917358
5/9/2024,4,0,0,205,0
5/9/2024,5,12,786,133,0.08468915
5/9/2024,6,14,889,169,0.095787092
5/9/2024,7,4,214,151,0.02305786
5/9/2024,8,11,664,246,0.071544015
5/9/2024,9,10,741,214,0.079840534
5/9/2024,10,12,738,227,0.079517293
5/9/2024,11,6,361,203,0.038896671
5/10/2024,12,4,155,937,0.014994679
5/10/2024,13,4,204,901,0.019734933
5/10/2024,14,4,169,964,0.016349037
5/10/2024,15,3,118,865,0.011415304
5/10/2024,1,10,489,49,0.047305795
5/10/2024,2,9,578,150,0.055915643
5/10/2024,3,13,623,122,0.060268937
5/10/2024,4,5,304,122,0.029408919
5/10/2024,5,2,73,137,0.00706201
5/10/2024,6,14,820,156,0.079326691
5/10/2024,7,3,178,191,0.017219696
5/10/2024,8,11,636,213,0.061526555
5/10/2024,9,7,499,211,0.048273193
5/10/2024,10,14,976,213,0.09441811
5/10/2024,11,6,485,207,0.046918835
5/11/2024,12,5,249,938,0.020028958
5/11/2024,13,3,208,919,0.016731017
5/11/2024,14,2,68,977,0.005469755
5/11/2024,15,3,159,916,0.012789575
5/11/2024,1,9,550,41,0.044240669
5/11/2024,2,11,709,94,0.057030245
5/11/2024,3,13,614,169,0.049388674
5/11/2024,4,6,286,125,0.023005148
5/11/2024,5,5,340,402,0.027348777
5/11/2024,6,14,903,146,0.072635135
5/11/2024,7,4,204,166,0.016409266
5/11/2024,8,9,600,220,0.048262548
5/11/2024,9,9,642,225,0.051640927
5/11/2024,10,11,825,240,0.066361004
5/11/2024,11,6,406,227,0.032657658
5/12/2024,12,5,184,952,0.019891892
5/12/2024,13,6,301,893,0.032540541
5/12/2024,14,5,168,964,0.018162162
5/12/2024,15,2,116,903,0.012540541
5/12/2024,1,12,599,45,0.064756757
5/12/2024,2,13,754,94,0.081513514
5/12/2024,3,19,848,102,0.091675676
5/12/2024,4,5,360,138,0.038918919
5/12/2024,6,16,900,176,0.097297297
5/12/2024,7,5,239,162,0.025837838
5/12/2024,8,15,756,210,0.08172973
5/12/2024,9,9,631,215,0.068216216
5/12/2024,10,14,866,218,0.093621622
5/12/2024,11,7,434,219,0.046918919
5/13/2024,12,5,229,925,0.026966557
5/13/2024,14,3,155,987,0.018252473
5/13/2024,15,4,205,869,0.024140367
5/13/2024,1,11,735,69,0.086552049
5/13/2024,2,13,769,139,0.090555817
5/13/2024,4,6,363,135,0.042746114
5/13/2024,5,14,954,106,0.112341027
5/13/2024,6,15,1019,155,0.11999529
5/13/2024,7,3,147,176,0.01731041
5/13/2024,9,12,925,213,0.108926048
5/13/2024,10,11,721,266,0.084903439
5/13/2024,11,6,422,223,0.049693829
5/14/2024,12,2,151,924,0.015211041
5/14/2024,13,7,357,929,0.035962526
5/14/2024,14,4,188,974,0.018938249
5/14/2024,15,5,198,877,0.019945603
5/14/2024,1,10,462,74,0.04653974
5/14/2024,2,12,678,144,0.06829858
5/14/2024,3,14,771,134,0.077666969
5/14/2024,4,5,348,135,0.035055908
5/14/2024,6,12,743,135,0.074846379
5/14/2024,7,4,248,167,0.024982371
5/14/2024,8,13,674,227,0.067895638
5/14/2024,9,12,936,214,0.094288305
5/14/2024,10,12,751,220,0.075652262
5/14/2024,11,7,423,248,0.042611061
5/15/2024,12,5,228,924,0.024712768
5/15/2024,13,7,276,940,0.029915456
5/15/2024,14,3,121,988,0.013115109
5/15/2024,15,3,65,894,0.007045307
5/15/2024,1,11,551,65,0.059722523
5/15/2024,2,7,417,120,0.045198352
5/15/2024,3,14,744,114,0.080641665
5/15/2024,4,5,276,141,0.029915456
5/15/2024,5,8,601,102,0.06514199
5/15/2024,6,14,816,160,0.088445697
5/15/2024,7,4,221,166,0.023954043
5/15/2024,8,12,668,223,0.072404075
5/15/2024,9,11,698,198,0.075655755
5/15/2024,10,11,798,221,0.086494689
5/15/2024,11,4,275,249,0.029807067
5/16/2024,12,5,195,923,0.017787102
5/16/2024,13,6,201,967,0.018334398
5/16/2024,14,3,149,979,0.01359117
5/16/2024,15,1,12,866,0.001094591
5/16/2024,1,8,483,45,0.044057284
5/16/2024,2,9,408,132,0.03721609
5/16/2024,3,12,689,145,0.062847761
5/16/2024,4,5,267,147,0.024354647
5/16/2024,5,9,624,94,0.056918727
5/16/2024,6,14,763,159,0.069597738
5/16/2024,7,2,82,168,0.007479704
5/16/2024,8,11,575,221,0.052449147
5/16/2024,9,11,815,240,0.074340965
5/16/2024,10,13,775,249,0.070692329
5/16/2024,11,5,335,268,0.030557329
5/17/2024,12,3,137,935,0.011472115
5/17/2024,13,5,245,979,0.020515826
5/17/2024,14,0,0,977,0
5/17/2024,15,2,95,872,0.007955116
5/17/2024,1,10,562,42,0.047060794
5/17/2024,2,10,466,123,0.039021939
5/17/2024,3,14,692,105,0.057946743
5/17/2024,4,5,291,132,0.024367778
5/17/2024,5,11,786,250,0.065818121
5/17/2024,6,13,740,133,0.06196617
5/17/2024,7,3,232,210,0.019427232
5/17/2024,8,11,645,210,0.054011053
5/17/2024,9,11,760,208,0.063640931
5/17/2024,10,10,853,273,0.071428571
5/18/2024,12,4,174,962,0.017597087
5/18/2024,13,6,307,891,0.031047735
5/18/2024,14,4,118,946,0.011933657
5/18/2024,15,3,220,904,0.022249191
5/18/2024,1,6,419,70,0.042374595
5/18/2024,2,8,525,80,0.05309466
5/18/2024,3,14,719,98,0.072714401
5/18/2024,5,11,645,109,0.065230583
5/18/2024,6,12,755,145,0.076355178
5/18/2024,7,5,238,159,0.024069579
5/18/2024,8,11,611,211,0.061792071
5/18/2024,9,12,798,210,0.080703883
5/18/2024,10,10,858,241,0.086771845
5/18/2024,11,5,420,219,0.042475728
5/19/2024,12,4,209,958,0.02396789
5/19/2024,13,6,290,889,0.033256881
5/19/2024,14,2,112,937,0.012844037
5/19/2024,15,2,141,894,0.016169725
5/19/2024,1,10,584,47,0.066972477
5/19/2024,2,13,799,96,0.09162844
5/19/2024,3,14,767,101,0.087958716
5/19/2024,4,6,313,113,0.035894495
5/19/2024,5,12,750,70,0.086009174
5/19/2024,7,4,245,169,0.02809633
5/19/2024,8,11,596,242,0.068348624
5/19/2024,9,13,1027,211,0.117775229
5/19/2024,10,12,891,212,0.102178899
5/19/2024,11,5,416,215,0.047706422
5/20/2024,12,6,312,925,0.03925022
5/20/2024,13,8,458,923,0.05761731
5/20/2024,14,6,232,996,0.029186061
5/20/2024,15,5,244,896,0.030695685
5/20/2024,1,12,729,101,0.091709649
5/20/2024,2,15,885,117,0.111334759
5/20/2024,4,7,438,133,0.055101271
5/20/2024,5,13,907,97,0.114102403
5/20/2024,6,15,998,176,0.125550384
5/20/2024,7,6,306,167,0.038495408
5/20/2024,8,16,875,217,0.110076739
5/20/2024,9,15,981,207,0.12341175
5/20/2024,10,17,1122,212,0.14114983
5/20/2024,11,7,500,230,0.062900994
5/21/2024,12,5,206,932,0.019411986
5/21/2024,13,6,309,925,0.02911798
5/21/2024,14,5,178,989,0.016773464
5/21/2024,15,5,197,889,0.01856389
5/21/2024,1,10,517,47,0.048718432
5/21/2024,2,14,766,113,0.072182435
5/21/2024,3,16,766,113,0.072182435
5/21/2024,4,5,312,151,0.029400678
5/21/2024,5,9,479,110,0.04513758
5/21/2024,6,11,737,137,0.06944968
5/21/2024,8,14,730,229,0.068790049
5/21/2024,9,16,956,221,0.090086694
5/21/2024,11,7,379,259,0.035714286
5/22/2024,12,4,208,936,0.017957351
5/22/2024,13,4,210,919,0.018130018
5/22/2024,14,3,119,982,0.010273677
5/22/2024,15,4,136,871,0.011741345
5/22/2024,1,8,517,68,0.044634378
5/22/2024,2,11,506,123,0.04368471
5/22/2024,3,11,681,110,0.058793059
5/22/2024,4,5,283,158,0.024432358
5/22/2024,5,11,587,114,0.050677717
5/22/2024,6,12,684,163,0.059052059
5/22/2024,8,8,368,233,0.031770698
5/22/2024,9,13,758,215,0.065440732
5/22/2024,10,10,722,234,0.062332729
5/22/2024,11,5,365,250,0.031511698
5/23/2024,12,4,120,928,0.009342156
5/23/2024,13,6,221,894,0.017205138
5/23/2024,14,3,135,984,0.010509926
5/23/2024,15,5,202,868,0.015725963
5/23/2024,1,7,339,60,0.026391592
5/23/2024,2,10,443,109,0.034488128
5/23/2024,3,11,576,123,0.044842351
5/23/2024,4,5,254,135,0.019774231
5/23/2024,5,9,542,125,0.042195407
5/23/2024,6,12,694,175,0.054028805
5/23/2024,7,2,101,183,0.007862982
5/23/2024,8,9,451,200,0.035110938
5/23/2024,9,11,619,224,0.048189957
5/23/2024,10,11,783,229,0.060957571
5/23/2024,11,6,304,231,0.023666796
5/24/2024,12,4,183,953,0.012450674
5/24/2024,13,4,235,938,0.01598857
5/24/2024,14,0,0,992,0
5/24/2024,15,4,136,876,0.00925296
5/24/2024,1,7,378,41,0.025717785
5/24/2024,2,11,669,110,0.045516397
5/24/2024,3,12,617,104,0.0419785
5/24/2024,4,5,279,150,0.018982174
5/24/2024,5,13,714,105,0.048578038
5/24/2024,6,16,952,160,0.064770717
5/24/2024,7,2,85,183,0.0057831
5/24/2024,8,9,580,239,0.039461151
5/24/2024,9,10,825,211,0.056130086
5/24/2024,10,12,671,229,0.04565247
5/24/2024,11,5,298,214,0.020274867
5/25/2024,12,5,253,953,0.016708493
5/25/2024,13,7,384,888,0.025359926
5/25/2024,14,5,257,953,0.016972659
5/25/2024,15,3,237,880,0.015651829
5/29/2024,1,11,677,62,0.080662457
5/29/2024,2,11,734,121,0.087453831
5/29/2024,3,18,934,117,0.111283212
5/29/2024,4,7,410,143,0.048850232
5/29/2024,5,11,881,121,0.104968426
5/29/2024,6,20,1227,167,0.146193256
5/29/2024,7,3,230,205,0.027403789
5/29/2024,8,12,765,210,0.091147385
5/29/2024,9,18,1210,219,0.144167759
5/29/2024,10,13,879,220,0.104730132
5/29/2024,11,5,357,217,0.042535446
5/30/2024,13,5,244,884,0.025025641
5/30/2024,14,2,79,1056,0.008102564
5/30/2024,15,6,189,895,0.019384615
5/30/2024,1,8,411,75,0.042153846
5/30/2024,2,9,477,100,0.048923077
5/30/2024,4,5,290,141,0.02974359
5/30/2024,5,8,506,105,0.051897436
5/30/2024,7,4,228,168,0.023384615
5/30/2024,8,10,529,212,0.05425641
5/30/2024,9,12,681,202,0.069846154
5/30/2024,10,10,630,267,0.064615385
5/30/2024,11,6,298,245,0.030564103
5/31/2024,12,5,75,901,0.006494631
5/31/2024,13,3,129,932,0.011170766
5/31/2024,14,4,118,960,0.01021822
5/31/2024,15,5,209,883,0.018098372
5/31/2024,1,9,453,42,0.039227572
5/31/2024,2,8,451,117,0.039054382
5/31/2024,3,13,606,105,0.052476619
5/31/2024,4,5,250,122,0.02164877
5/31/2024,5,10,556,124,0.048146865
5/31/2024,6,13,814,147,0.070488396
5/31/2024,7,2,85,159,0.007360582
5/31/2024,8,7,304,211,0.026324905
5/31/2024,9,10,596,207,0.051610669
5/31/2024,10,11,813,245,0.070401801
6/1/2024,12,3,133,945,0.013912134
6/1/2024,13,6,306,940,0.032008368
6/1/2024,14,4,158,962,0.016527197
6/1/2024,15,3,179,882,0.018723849
6/1/2024,1,8,480,36,0.050209205
6/1/2024,2,11,526,128,0.055020921
6/1/2024,3,15,633,117,0.066213389
6/1/2024,4,5,298,127,0.031171548
6/1/2024,5,10,579,118,0.060564854
6/1/2024,6,12,786,177,0.082217573
6/1/2024,7,4,201,169,0.021025105
6/1/2024,8,12,615,243,0.064330544
6/1/2024,9,10,592,207,0.061924686
6/1/2024,10,7,626,218,0.065481172
6/1/2024,11,5,335,209,0.035041841
6/2/2024,12,6,181,942,0.019703897
6/2/2024,13,4,213,934,0.023187459
6/2/2024,14,3,129,949,0.014043109
6/2/2024,15,3,114,879,0.012410189
6/2/2024,1,8,458,48,0.04985848
6/2/2024,2,12,715,106,0.077835837
6/2/2024,3,14,839,111,0.09133464
6/2/2024,4,5,323,143,0.035162203
6/2/2024,5,7,532,183,0.057914217
6/2/2024,6,15,955,145,0.103962552
6/2/2024,7,4,221,175,0.02405835
6/2/2024,8,11,613,209,0.066731983
6/2/2024,9,10,575,206,0.062595254
6/2/2024,11,0,0,214,0
6/3/2024,12,0,0,1167,0
6/3/2024,13,6,305,959,0.034235043
6/3/2024,14,5,243,960,0.027275789
6/3/2024,15,0,0,1201,0
6/3/2024,1,12,776,48,0.08710293
6/3/2024,3,16,676,125,0.075878325
6/3/2024,4,7,432,161,0.048490291
6/3/2024,5,10,764,110,0.085755977
6/3/2024,6,14,919,142,0.103154114
6/3/2024,7,6,283,185,0.03176563
6/3/2024,8,11,640,205,0.071837468
6/3/2024,9,14,1031,226,0.115725671
6/3/2024,10,15,980,249,0.110001122
6/3/2024,11,6,432,204,0.048490291
6/4/2024,12,6,243,967,0.02502317
6/4/2024,13,5,276,960,0.028421378
6/4/2024,14,6,168,968,0.017299969
6/4/2024,15,6,199,928,0.020492225
6/4/2024,1,12,670,58,0.068993924
6/4/2024,2,6,376,133,0.038718978
6/4/2024,3,13,609,157,0.062712388
6/4/2024,4,6,355,119,0.036556482
6/4/2024,5,5,395,157,0.040675523
6/4/2024,6,14,973,184,0.100195654
6/4/2024,7,5,228,192,0.02347853
6/4/2024,8,13,695,231,0.071568325
6/4/2024,9,12,854,213,0.08794151
6/4/2024,10,16,1136,222,0.116980743
6/4/2024,11,7,420,217,0.043249923
6/5/2024,12,4,195,967,0.020438109
6/5/2024,13,5,275,957,0.028822975
6/5/2024,14,4,164,991,0.017188974
6/5/2024,15,5,341,939,0.035740488
6/5/2024,1,10,567,48,0.059427733
6/5/2024,3,12,634,145,0.066450058
6/5/2024,4,5,335,121,0.035111624
6/5/2024,5,9,521,119,0.054606435
6/5/2024,6,13,754,170,0.079027356
6/5/2024,7,2,100,176,0.010481082
6/5/2024,8,11,639,220,0.066974112
6/5/2024,9,12,770,218,0.080704329
6/5/2024,10,8,534,222,0.055968976
6/5/2024,11,5,311,203,0.032596164
6/6/2024,12,4,233,969,0.022888016
6/6/2024,13,6,335,969,0.032907662
6/6/2024,14,3,153,984,0.01502947
6/6/2024,15,4,133,896,0.013064833
6/6/2024,2,11,579,105,0.056876228
6/6/2024,3,14,753,130,0.073968566
6/6/2024,4,6,336,110,0.033005894
6/6/2024,5,7,495,182,0.048624754
6/6/2024,6,13,809,175,0.079469548
6/6/2024,7,4,212,179,0.020825147
6/6/2024,8,12,632,210,0.062082515
6/6/2024,9,14,855,202,0.083988212
6/6/2024,10,7,575,248,0.056483301
6/6/2024,11,7,352,201,0.034577603
6/7/2024,12,4,199,963,0.017588828
6/7/2024,13,7,226,1106,0.019975252
6/7/2024,15,5,204,891,0.018030758
6/7/2024,1,8,453,63,0.04003889
6/7/2024,2,11,594,221,0.052501326
6/7/2024,3,14,779,135,0.068852749
6/7/2024,4,5,321,132,0.028371929
6/7/2024,5,6,320,125,0.028283543
6/7/2024,6,15,940,183,0.083082906
6/7/2024,7,5,242,181,0.021389429
6/7/2024,8,11,675,210,0.059660597
6/7/2024,9,11,736,200,0.065052148
6/7/2024,10,9,661,213,0.058423193
6/7/2024,11,6,363,209,0.032084144
6/8/2024,12,5,355,959,0.037566138
6/8/2024,13,6,355,908,0.037566138
6/8/2024,14,1,69,976,0.007301587
6/8/2024,1,8,556,45,0.058835979
6/8/2024,2,14,678,78,0.071746032
6/8/2024,3,15,854,92,0.09037037
6/8/2024,4,5,345,136,0.036507937
6/8/2024,5,3,299,129,0.031640212
6/8/2024,6,15,973,175,0.102962963
6/8/2024,7,4,224,186,0.023703704
6/8/2024,8,12,662,211,0.07005291
6/8/2024,9,17,986,208,0.104338624
6/8/2024,10,10,824,236,0.087195767
6/8/2024,11,6,431,1116,0.045608466
6/9/2024,12,3,87,960,0.009486425
6/9/2024,13,6,286,918,0.031185258
6/9/2024,14,3,141,947,0.01537455
6/9/2024,15,5,151,894,0.016464944
6/9/2024,1,7,394,45,0.042961509
6/9/2024,2,11,616,78,0.067168248
6/9/2024,3,16,849,87,0.092574419
6/9/2024,4,4,244,117,0.026605605
6/9/2024,5,13,835,114,0.091047868
6/9/2024,6,14,826,164,0.090066514
6/9/2024,7,4,241,158,0.026278487
6/9/2024,8,10,662,223,0.072184058
6/9/2024,9,9,650,205,0.070875586
6/9/2024,10,14,735,242,0.080143932
6/9/2024,11,6,392,197,0.04274343
6/10/2024,12,6,341,974,0.038679673
6/10/2024,14,5,190,948,0.021551724
6/10/2024,15,6,231,889,0.026202359
6/10/2024,2,13,747,134,0.084732305
6/10/2024,3,14,901,143,0.102200544
6/10/2024,4,6,462,103,0.052404719
6/10/2024,5,11,699,110,0.079287659
6/10/2024,6,14,1068,171,0.121143376
6/10/2024,7,4,251,162,0.028470962
6/10/2024,8,13,757,243,0.085866606
6/10/2024,9,14,1061,213,0.120349365
6/10/2024,11,6,427,215,0.048434664
6/11/2024,12,4,238,966,0.024812344
6/11/2024,13,7,352,910,0.036697248
6/11/2024,14,6,221,980,0.023040033
6/11/2024,15,4,188,882,0.019599666
6/11/2024,1,9,538,65,0.056088407
6/11/2024,2,11,638,105,0.066513761
6/11/2024,3,14,841,130,0.087677231
6/11/2024,4,2,172,114,0.01793161
6/11/2024,5,2,167,132,0.017410342
6/11/2024,6,13,962,150,0.10029191
6/11/2024,7,4,223,179,0.02324854
6/11/2024,8,10,673,213,0.070162636
6/11/2024,9,12,775,211,0.080796497
6/11/2024,10,10,840,221,0.087572977
6/11/2024,11,7,430,270,0.044829024
6/12/2024,12,4,211,964,0.027166216
6/12/2024,13,4,267,921,0.034376207
6/12/2024,14,4,159,1002,0.020471224
6/12/2024,15,5,177,918,0.022788722
6/12/2024,1,10,552,39,0.071069911
6/12/2024,2,12,599,94,0.077121154
6/12/2024,3,15,804,121,0.103514871
6/12/2024,4,5,303,138,0.039011201
6/12/2024,5,9,503,133,0.064761169
6/12/2024,6,14,864,169,0.111239861
6/12/2024,7,4,244,200,0.031414961
6/12/2024,8,11,591,226,0.076091155
6/12/2024,9,10,777,218,0.100038625
6/12/2024,10,13,763,237,0.098236127
6/12/2024,11,6,391,209,0.050341187
6/13/2024,12,4,153,963,0.015645772
6/13/2024,13,5,226,923,0.023110748
6/13/2024,15,5,234,882,0.023928827
6/13/2024,1,10,525,65,0.053686471
6/13/2024,2,9,526,137,0.053788731
6/13/2024,3,12,761,117,0.077819818
6/13/2024,4,5,308,144,0.031496063
6/13/2024,5,6,354,118,0.03620002
6/13/2024,6,5,394,179,0.040290418
6/13/2024,7,0,0,1169,0
6/13/2024,8,11,594,210,0.060742407
6/13/2024,9,10,726,216,0.07424072
6/13/2024,10,9,818,231,0.083648635
6/13/2024,11,8,373,1169,0.038142959
6/14/2024,12,2,89,939,0.008167386
6/14/2024,13,4,204,910,0.018720749
6/14/2024,14,3,110,984,0.010094521
6/14/2024,15,5,170,885,0.015600624
6/14/2024,1,9,536,45,0.04918785
6/14/2024,2,11,602,124,0.055244563
6/14/2024,3,13,748,116,0.068642746
6/14/2024,4,5,314,147,0.02881527
6/14/2024,5,8,519,133,0.047627787
6/14/2024,7,4,224,176,0.020556116
6/14/2024,8,10,559,215,0.051298523
6/14/2024,9,10,677,200,0.062127191
6/14/2024,10,9,753,262,0.069101588
6/14/2024,11,4,351,164,0.0322107
6/15/2024,12,4,174,932,0.016655499
6/15/2024,13,4,222,904,0.02125012
6/15/2024,14,4,135,973,0.01292237
6/15/2024,15,6,189,1169,0.018091318
6/15/2024,1,8,414,36,0.039628602
6/15/2024,2,10,449,99,0.042978846
6/15/2024,3,12,680,93,0.065090457
6/15/2024,4,4,276,133,0.026419068
6/15/2024,6,12,773,158,0.073992534
6/15/2024,7,2,92,194,0.008806356
6/15/2024,8,8,498,211,0.047669187
6/15/2024,9,8,523,207,0.050062219
6/15/2024,10,9,700,230,0.067004882
6/15/2024,11,4,320,190,0.030630803
6/16/2024,12,4,164,937,0.016727866
6/16/2024,13,4,233,895,0.02376581
6/16/2024,15,3,113,879,0.011525908
6/16/2024,1,5,339,111,0.034577723
6/16/2024,2,11,606,91,0.061811506
6/16/2024,3,11,747,101,0.07619339
6/16/2024,4,5,336,109,0.034271726
6/16/2024,5,6,388,97,0.039575683
6/16/2024,6,13,850,195,0.086699306
6/16/2024,7,4,229,1178,0.023357813
6/16/2024,8,11,705,236,0.071909425
6/16/2024,9,11,643,190,0.065585475
6/16/2024,10,10,705,217,0.071909425
6/16/2024,11,5,393,169,0.040085679
6/17/2024,12,4,268,947,0.027386062
6/17/2024,13,0,0,1183,0
6/17/2024,14,4,165,989,0.016860822
6/17/2024,15,0,0,1184,0
6/17/2024,1,10,657,54,0.067136726
6/17/2024,2,13,793,122,0.08103413
6/17/2024,3,16,1008,143,0.103004292
6/17/2024,4,7,427,105,0.043633763
6/17/2024,5,7,637,122,0.06509299
6/17/2024,6,13,892,192,0.091150623
6/17/2024,7,4,185,170,0.018904558
6/17/2024,8,13,777,195,0.079399142
6/17/2024,9,13,697,199,0.071224198
6/17/2024,10,10,687,224,0.07020233
6/17/2024,11,7,441,254,0.045064378
6/18/2024,12,4,255,928,0.027313625
6/18/2024,13,7,265,950,0.028384747
6/18/2024,15,5,196,873,0.020994002
6/18/2024,1,11,597,127,0.063946015
6/18/2024,2,11,768,102,0.082262211
6/18/2024,3,14,921,120,0.098650386
6/18/2024,4,7,471,122,0.050449871
6/18/2024,5,8,502,70,0.053770351
6/18/2024,6,11,782,171,0.083761782
6/18/2024,7,4,270,159,0.028920308
6/18/2024,8,10,627,225,0.067159383
6/18/2024,9,8,688,218,0.073693231
6/18/2024,10,11,893,218,0.095651243
6/18/2024,11,6,473,222,0.050664096
6/19/2024,12,4,212,928,0.022606099
6/19/2024,14,5,220,944,0.02345916
6/19/2024,15,4,189,871,0.020153551
6/19/2024,1,9,495,62,0.052783109
6/19/2024,2,10,637,103,0.067924931
6/19/2024,3,16,884,119,0.094263169
6/19/2024,4,5,369,97,0.039347409
6/19/2024,5,6,360,125,0.038387716
6/19/2024,6,14,938,167,0.100021327
6/19/2024,7,5,272,169,0.029004052
6/19/2024,9,11,704,201,0.075069311
6/19/2024,10,8,704,254,0.075069311
6/19/2024,11,6,397,215,0.04233312
6/20/2024,12,4,221,948,0.021649687
6/20/2024,13,5,234,940,0.022923197
6/20/2024,14,3,139,955,0.013616771
6/20/2024,15,5,222,874,0.021747649
6/20/2024,1,8,434,74,0.042515674
6/20/2024,2,10,565,128,0.055348746
6/20/2024,3,14,896,111,0.087774295
6/20/2024,4,5,367,150,0.035952194
6/20/2024,5,5,337,127,0.033013323
6/20/2024,6,13,951,185,0.093162226
6/20/2024,7,2,103,163,0.010090125
6/20/2024,8,6,350,223,0.034286834
6/20/2024,9,11,947,206,0.092770376
6/20/2024,10,11,843,210,0.082582288
6/20/2024,11,8,429,223,0.042025862
6/21/2024,12,4,196,945,0.015474499
6/21/2024,13,4,179,933,0.014132323
6/21/2024,14,4,171,944,0.013500711
6/21/2024,15,4,174,890,0.013737565
6/21/2024,1,7,460,44,0.036317701
6/21/2024,2,10,642,90,0.050686878
6/21/2024,3,12,742,113,0.058582031
6/21/2024,5,0,0,147,0
6/21/2024,6,13,934,158,0.073740723
6/21/2024,7,4,263,164,0.020764251
6/21/2024,8,11,600,211,0.047370914
6/21/2024,9,11,736,200,0.058108321
6/21/2024,10,11,938,210,0.074056529
6/21/2024,11,5,388,184,0.030633191
6/22/2024,12,3,179,923,0.017518105
6/22/2024,13,3,201,898,0.019671169
6/22/2024,14,3,110,953,0.010765316
6/22/2024,1,9,525,67,0.051379918
6/22/2024,2,11,626,76,0.061264435
6/22/2024,3,13,800,88,0.078293208
6/22/2024,4,5,313,112,0.030632218
6/22/2024,5,0,0,93,0
6/22/2024,6,15,882,156,0.086318262
6/22/2024,7,4,274,146,0.026815424
6/22/2024,8,10,606,221,0.059307105
6/22/2024,9,10,678,199,0.066353494
6/22/2024,10,11,869,213,0.085045997
6/22/2024,11,6,410,165,0.040125269
6/23/2024,12,4,174,972,0.01819703
6/23/2024,13,4,220,898,0.023007739
6/23/2024,14,2,127,937,0.01328174
6/23/2024,15,3,165,886,0.017255804
6/23/2024,1,11,677,42,0.070801088
6/23/2024,2,12,727,79,0.076030119
6/23/2024,3,14,841,149,0.087952311
6/23/2024,4,3,169,104,0.017674127
6/23/2024,5,0,0,183,0
6/23/2024,6,16,968,183,0.101234051
6/23/2024,8,11,629,217,0.065781217
6/23/2024,9,11,788,198,0.082409538
6/23/2024,10,13,952,225,0.099560761
6/23/2024,11,6,453,181,0.047375026
6/24/2024,12,5,198,946,0.020571429
6/24/2024,13,6,229,903,0.023792208
6/24/2024,14,4,182,944,0.018909091
6/24/2024,15,4,159,891,0.016519481
6/24/2024,1,17,900,63,0.093506494
6/24/2024,2,15,985,103,0.102337662
6/24/2024,3,20,1054,164,0.109506494
6/24/2024,4,8,512,279,0.053194805
6/24/2024,5,14,983,113,0.10212987
6/24/2024,6,15,1034,164,0.107428571
6/24/2024,7,5,358,158,0.037194805
6/24/2024,8,16,895,199,0.092987013
6/24/2024,9,15,1250,269,0.12987013
6/24/2024,11,7,450,222,0.046753247
6/25/2024,12,3,110,931,0.010907288
6/25/2024,13,5,176,918,0.017451661
6/25/2024,14,3,97,963,0.009618245
6/25/2024,15,4,110,876,0.010907288
6/25/2024,1,12,728,52,0.072186415
6/25/2024,2,12,744,95,0.07377293
6/25/2024,4,6,337,144,0.033415964
6/25/2024,5,13,772,128,0.076549331
6/25/2024,6,14,816,148,0.080912246
6/25/2024,7,4,247,167,0.02449182
6/25/2024,8,12,650,226,0.064452157
6/25/2024,9,11,869,209,0.086167576
6/25/2024,10,18,1193,217,0.118294497
6/25/2024,11,6,298,200,0.029548835
6/26/2024,12,4,154,953,0.016939831
6/26/2024,13,5,229,913,0.025189748
6/26/2024,14,3,169,950,0.018589814
6/26/2024,15,4,95,879,0.010449896
6/26/2024,1,8,460,54,0.050599494
6/26/2024,2,15,684,122,0.075239248
6/26/2024,3,12,776,112,0.085359146
6/26/2024,4,3,159,93,0.017489825
6/26/2024,5,10,693,152,0.076229238
6/26/2024,6,11,784,171,0.086239138
6/26/2024,7,4,210,166,0.023099769
6/26/2024,8,12,728,225,0.080079199
6/26/2024,9,9,786,236,0.086459135
6/26/2024,11,7,423,215,0.046529535
6/27/2024,12,3,129,938,0.013444502
6/27/2024,13,2,86,905,0.008963002
6/27/2024,14,3,138,942,0.014382491
6/27/2024,15,4,202,878,0.021052632
6/27/2024,1,9,619,60,0.064512767
6/27/2024,2,12,566,109,0.058989057
6/27/2024,3,8,513,146,0.053465347
6/27/2024,5,10,669,149,0.069723814
6/27/2024,6,13,832,173,0.086711829
6/27/2024,7,4,245,192,0.025534132
6/27/2024,8,9,505,215,0.052631579
6/27/2024,9,12,770,206,0.08025013
6/27/2024,10,11,834,248,0.086920271
6/27/2024,11,4,352,202,0.036685774
6/28/2024,12,5,319,942,0.028627838
6/28/2024,13,3,146,921,0.013102396
6/28/2024,14,7,298,956,0.026743247
6/28/2024,15,2,84,908,0.007538365
6/28/2024,1,8,503,30,0.045140447
6/28/2024,2,12,626,116,0.056178767
6/28/2024,3,12,747,122,0.067037602
6/28/2024,4,5,381,124,0.034191869
6/28/2024,5,9,528,88,0.047384008
6/28/2024,6,12,810,174,0.072691376
6/28/2024,7,0,0,993,0
6/28/2024,8,6,373,220,0.03347393
6/28/2024,9,14,803,197,0.072063179
6/28/2024,11,4,310,158,0.027820156
6/29/2024,12,3,147,907,0.014775354
6/29/2024,13,7,390,906,0.03919992
6/29/2024,14,3,152,960,0.015277917
6/29/2024,15,3,200,934,0.020102523
6/29/2024,1,8,520,9,0.052266559
6/29/2024,2,10,572,83,0.057493215
6/29/2024,3,13,785,140,0.078902402
6/29/2024,4,6,348,101,0.03497839
6/29/2024,5,8,605,156,0.060810132
6/29/2024,6,14,921,262,0.092572118
6/29/2024,7,4,292,186,0.029349683
6/29/2024,8,11,625,238,0.062820384
6/29/2024,9,14,804,231,0.080812142
6/29/2024,10,10,965,241,0.096994673
6/29/2024,11,6,430,193,0.043220424
6/30/2024,12,4,252,931,0.027222642
6/30/2024,13,5,230,922,0.024846062
6/30/2024,14,5,166,974,0.017932375
6/30/2024,15,4,99,868,0.010694609
6/30/2024,1,9,520,28,0.056173706
6/30/2024,2,13,658,95,0.071081344
6/30/2024,3,12,811,145,0.087609377
6/30/2024,4,4,253,111,0.027330669
6/30/2024,5,4,305,123,0.032948039
6/30/2024,6,13,932,172,0.100680566
6/30/2024,7,4,241,177,0.026034352
6/30/2024,8,10,566,221,0.061142919
6/30/2024,9,11,801,209,0.086529113
6/30/2024,10,11,861,256,0.093010695
6/30/2024,11,5,286,179,0.030895539
7/1/2024,12,5,282,937,0.034302396
7/1/2024,13,8,389,921,0.047317845
7/1/2024,14,3,153,943,0.018610875
7/1/2024,15,4,190,886,0.023111544
7/1/2024,2,12,803,87,0.097676682
7/1/2024,3,15,830,140,0.100960954
7/1/2024,4,5,392,169,0.047682764
7/1/2024,5,6,457,142,0.055589344
7/1/2024,6,10,738,170,0.089770101
7/1/2024,7,4,268,155,0.03259944
7/1/2024,8,12,702,240,0.085391072
7/1/2024,9,12,1046,193,0.12723513
7/1/2024,10,14,1112,248,0.13526335
7/1/2024,11,9,450,217,0.054737866
7/2/2024,12,4,232,921,0.028005794
7/2/2024,13,7,334,917,0.040318687
7/2/2024,15,5,183,877,0.022090777
7/2/2024,1,9,566,96,0.068324481
7/2/2024,2,13,670,111,0.080878803
7/2/2024,3,13,857,122,0.103452438
7/2/2024,4,5,377,106,0.045509416
7/2/2024,5,8,438,119,0.052873008
7/2/2024,6,14,1001,178,0.120835345
7/2/2024,7,4,243,151,0.029333655
7/2/2024,8,10,620,225,0.074843071
7/2/2024,9,13,923,216,0.111419604
7/2/2024,10,11,824,232,0.099468856
7/2/2024,11,5,284,196,0.034282955
7/3/2024,13,6,310,917,0.033020878
7/3/2024,14,5,175,948,0.018640818
7/3/2024,15,4,131,893,0.013953984
7/3/2024,1,9,536,77,0.057094163
7/3/2024,2,9,438,91,0.046655305
7/3/2024,3,13,752,148,0.080102258
7/3/2024,4,2,173,171,0.01842778
7/3/2024,5,7,448,209,0.047720494
7/3/2024,6,15,952,204,0.10140605
7/3/2024,7,4,231,157,0.02460588
7/3/2024,8,8,451,243,0.048040051
7/3/2024,9,12,802,206,0.085428206
7/3/2024,10,8,767,264,0.081700043
7/3/2024,11,8,346,197,0.03685556
7/4/2024,12,4,182,929,0.011067867
7/4/2024,13,5,236,903,0.014351739
7/4/2024,14,2,115,944,0.006993432
7/4/2024,15,6,157,895,0.009547555
7/4/2024,1,6,329,72,0.020007297
7/4/2024,2,7,404,61,0.024568232
7/4/2024,3,10,686,125,0.041717344
7/4/2024,4,0,0,907,0
7/4/2024,5,2,74,106,0.004500122
7/4/2024,6,11,798,169,0.048528339
7/4/2024,7,3,182,155,0.011067867
7/4/2024,8,11,677,229,0.041170032
7/4/2024,9,12,748,186,0.045487716
7/4/2024,10,11,903,260,0.054913646
7/4/2024,11,5,348,190,0.021162734
7/5/2024,12,3,141,943,0.006615681
7/5/2024,13,3,147,904,0.006897199
7/5/2024,14,3,114,953,0.005348848
7/5/2024,1,9,444,94,0.020832356
7/5/2024,2,12,543,121,0.025477408
7/5/2024,3,12,678,124,0.03181157
7/5/2024,4,3,125,102,0.005864965
7/5/2024,5,5,190,111,0.008914747
7/5/2024,6,16,866,194,0.040632478
7/5/2024,7,3,142,145,0.0066626
7/5/2024,8,9,522,218,0.024492094
7/5/2024,9,13,716,204,0.03359452
7/5/2024,10,10,837,282,0.039271806
7/5/2024,11,5,364,160,0.017078778
7/6/2024,12,4,195,935,0.011291257
7/6/2024,13,5,249,912,0.014418066
7/6/2024,14,5,174,955,0.010075275
7/6/2024,15,3,149,923,0.008627678
7/6/2024,1,5,339,90,0.019629415
7/6/2024,2,12,693,87,0.040127389
7/6/2024,3,12,672,125,0.038911407
7/6/2024,4,5,308,112,0.017834395
7/6/2024,5,4,239,117,0.013839027
7/6/2024,6,15,896,161,0.051881876
7/6/2024,7,4,247,214,0.014302258
7/6/2024,8,10,559,216,0.032368269
7/6/2024,9,11,725,224,0.041980313
7/6/2024,10,11,895,258,0.051823972
7/6/2024,11,5,389,215,0.022524609
7/7/2024,12,5,174,920,0.010603937
7/7/2024,13,0,0,969,0
7/7/2024,14,5,144,945,0.008775672
7/7/2024,15,4,192,891,0.011700896
7/15/2024,1,15,904,56,0.090544872
7/15/2024,2,16,1016,139,0.101762821
7/15/2024,3,19,1177,154,0.117888622
7/15/2024,4,11,857,171,0.08583734
7/15/2024,5,0,0,138,0
7/15/2024,7,6,232,170,0.023237179
7/15/2024,8,14,841,235,0.084234776
7/15/2024,9,36,2316,200,0.231971154
7/15/2024,10,17,1482,258,0.1484375
7/15/2024,11,8,496,189,0.049679487
7/16/2024,12,6,310,951,0.037971583
7/16/2024,13,6,340,910,0.041646252
7/16/2024,14,4,207,952,0.025355218
7/16/2024,15,5,284,885,0.034786869
7/16/2024,1,11,588,58,0.072023518
7/16/2024,2,14,859,87,0.10521803
7/16/2024,3,17,848,128,0.103870652
7/16/2024,4,6,417,141,0.051077903
7/16/2024,5,7,444,161,0.054385105
7/16/2024,6,18,1076,154,0.131798138
7/16/2024,8,7,418,225,0.051200392
7/16/2024,9,15,850,212,0.10411563
7/16/2024,10,15,1084,268,0.13277805
7/16/2024,11,7,419,206,0.051322881
7/17/2024,12,4,181,946,0.019068689
7/17/2024,13,7,342,937,0.036030341
7/17/2024,14,4,161,955,0.016961652
7/17/2024,15,7,233,902,0.024546987
7/17/2024,1,11,577,78,0.060788032
7/17/2024,2,14,739,91,0.077855036
7/17/2024,3,17,864,150,0.09102402
7/17/2024,4,7,309,121,0.032553729
7/17/2024,5,8,440,145,0.046354825
7/17/2024,6,18,928,169,0.09776654
7/17/2024,7,2,107,156,0.011272651
7/17/2024,8,16,719,216,0.075747998
7/17/2024,9,15,848,204,0.08933839
7/17/2024,10,14,977,231,0.102928782
7/17/2024,11,9,461,212,0.048567214
7/18/2024,12,4,205,958,0.020541082
7/18/2024,13,6,289,915,0.028957916
7/18/2024,14,3,99,971,0.00991984
7/18/2024,15,6,270,956,0.027054108
7/18/2024,1,8,502,61,0.050300601
7/18/2024,2,16,772,85,0.077354709
7/18/2024,3,16,891,129,0.089278557
7/18/2024,4,7,344,109,0.034468938
7/18/2024,5,8,386,136,0.038677355
7/18/2024,6,19,889,154,0.089078156
7/18/2024,7,4,288,173,0.028857715
7/18/2024,8,11,581,223,0.058216433
7/18/2024,9,15,1024,263,0.10260521
7/18/2024,11,5,352,197,0.035270541
7/19/2024,12,4,163,962,0.014696601
7/19/2024,13,5,288,1005,0.025967
7/19/2024,14,0,0,1005,0
7/19/2024,1,9,503,61,0.045352087
7/19/2024,2,12,623,85,0.056171671
7/19/2024,3,12,695,124,0.062663421
7/19/2024,4,5,300,112,0.027048959
7/19/2024,5,12,745,112,0.067171581
7/19/2024,6,11,619,176,0.055811018
7/19/2024,7,5,338,208,0.03047516
7/19/2024,8,9,494,219,0.044540619
7/19/2024,9,12,722,202,0.065097827
7/19/2024,10,13,1019,341,0.091876296
7/19/2024,11,5,256,1006,0.023081778
7/20/2024,1,12,652,71,0.07106267
7/20/2024,2,14,796,130,0.086757493
7/20/2024,3,14,654,124,0.071280654
7/20/2024,4,3,142,102,0.015476839
7/20/2024,5,15,798,93,0.086975477
7/20/2024,6,18,1062,160,0.115749319
7/20/2024,7,4,284,174,0.030953678
7/20/2024,8,11,488,224,0.053188011
7/20/2024,9,10,635,193,0.069209809
7/20/2024,10,12,945,239,0.102997275
7/20/2024,11,5,351,169,0.038256131
7/21/2024,12,6,239,930,0.026103102
7/21/2024,13,4,216,906,0.023591088
7/21/2024,14,5,176,116,0.019222368
7/21/2024,15,4,176,891,0.019222368
7/21/2024,1,11,634,74,0.069244211
7/21/2024,2,13,751,61,0.082022717
7/21/2024,3,14,690,120,0.075360419
7/21/2024,4,6,312,109,0.034076016
7/21/2024,5,12,704,85,0.076889471
7/21/2024,6,17,937,141,0.102337265
7/21/2024,7,0,0,1009,0
7/21/2024,8,9,529,237,0.057776322
7/21/2024,9,11,695,196,0.075906509
7/21/2024,10,13,998,251,0.108999563
7/21/2024,11,7,227,183,0.024792486
7/22/2024,12,5,199,945,0.022054749
7/22/2024,13,2,102,1011,0.011304444
7/22/2024,14,6,188,972,0.020835642
7/22/2024,15,4,178,890,0.019727363
7/22/2024,2,11,610,98,0.067605009
7/22/2024,3,15,933,144,0.103402416
7/22/2024,4,6,353,119,0.039122243
7/22/2024,6,17,1044,231,0.115704311
7/22/2024,8,14,748,232,0.082899257
7/22/2024,9,11,742,196,0.08223429
7/22/2024,10,15,1213,246,0.134434224
7/22/2024,11,6,348,197,0.038568104
7/23/2024,13,9,371,942,0.043905325
7/23/2024,14,6,193,951,0.022840237
7/23/2024,15,5,186,879,0.022011834
7/23/2024,1,10,581,65,0.068757396
7/23/2024,2,12,635,102,0.075147929
7/23/2024,3,14,744,128,0.088047337
7/23/2024,5,12,748,117,0.08852071
7/23/2024,6,14,803,156,0.095029586
7/23/2024,7,4,316,138,0.03739645
7/23/2024,8,12,630,219,0.074556213
7/23/2024,9,15,834,196,0.098698225
7/23/2024,10,11,679,257,0.08035503
7/23/2024,11,6,339,135,0.040118343
7/24/2024,12,4,119,932,0.012933377
7/24/2024,13,6,242,923,0.026301489
7/24/2024,14,4,149,989,0.016193892
7/24/2024,15,2,75,888,0.008151288
7/24/2024,1,12,758,70,0.08238235
7/24/2024,2,11,613,104,0.066623193
7/24/2024,4,3,105,105,0.011411803
7/24/2024,5,11,584,108,0.063471362
7/24/2024,6,11,615,147,0.066840561
7/24/2024,7,4,259,146,0.028149114
7/24/2024,8,11,619,237,0.067275296
7/24/2024,9,12,683,218,0.074231062
7/24/2024,10,15,948,250,0.103032279
7/24/2024,11,6,297,150,0.0322791
7/25/2024,12,5,185,937,0.018336802
7/25/2024,13,4,210,927,0.020814749
7/25/2024,14,3,105,988,0.010407374
7/25/2024,15,3,180,917,0.017841213
7/25/2024,1,10,571,60,0.056596293
7/25/2024,2,12,607,88,0.060164536
7/25/2024,3,13,681,141,0.067499257
7/25/2024,4,5,164,134,0.016255328
7/25/2024,5,10,559,104,0.055406879
7/25/2024,6,15,762,163,0.075527803
7/25/2024,7,0,0,934,0
7/25/2024,8,11,532,234,0.052730697
7/25/2024,9,13,697,228,0.069085142
7/25/2024,10,11,896,268,0.088809595
7/25/2024,11,6,333,190,0.033006244
7/26/2024,12,6,271,935,0.02263426
7/26/2024,13,3,214,899,0.017873549
7/26/2024,14,4,209,969,0.017455943
7/26/2024,15,3,165,907,0.013781007
7/26/2024,1,6,392,60,0.032740332
7/26/2024,2,11,582,82,0.048609371
7/26/2024,3,12,624,128,0.052117264
7/26/2024,4,3,134,118,0.011191848
7/26/2024,5,9,465,95,0.038837384
7/26/2024,6,12,726,161,0.060636432
7/26/2024,7,4,262,922,0.021882569
7/26/2024,8,7,384,202,0.032072162
7/26/2024,9,9,746,245,0.062306857
7/27/2024,12,4,242,928,0.021900452
7/27/2024,13,3,186,910,0.016832579
7/27/2024,14,2,80,209,0.007239819
7/27/2024,15,4,188,913,0.017013575
7/27/2024,1,10,640,56,0.057918552
7/27/2024,2,10,540,79,0.048868778
7/27/2024,3,12,761,139,0.068868778
7/27/2024,4,6,296,101,0.02678733
7/27/2024,5,10,453,77,0.040995475
7/27/2024,6,13,850,176,0.076923077
7/27/2024,7,4,211,178,0.019095023
7/27/2024,9,11,669,205,0.060542986
7/27/2024,10,12,900,237,0.081447964
7/27/2024,11,5,405,182,0.036651584
7/28/2024,12,5,256,931,0.023456111
7/28/2024,13,7,290,928,0.026571376
7/28/2024,14,4,112,1003,0.010262049
7/28/2024,1,12,587,66,0.05378413
7/28/2024,2,13,766,80,0.070185083
7/28/2024,3,12,730,115,0.066886568
7/28/2024,4,5,309,113,0.028312259
7/28/2024,5,10,596,84,0.054608759
7/28/2024,6,15,1011,182,0.092633315
7/28/2024,7,5,296,170,0.027121129
7/28/2024,8,6,297,225,0.027212754
7/28/2024,9,14,827,207,0.075774235
7/28/2024,10,14,929,257,0.085120029
7/28/2024,11,6,417,926,0.038207806
7/29/2024,12,6,398,945,0.035830032
7/29/2024,13,7,397,936,0.035740007
7/29/2024,14,5,261,993,0.023496579
7/29/2024,15,2,136,917,0.012243428
7/29/2024,2,17,979,82,0.088134678
7/29/2024,3,21,1141,113,0.102718761
7/29/2024,4,9,455,133,0.040961469
7/29/2024,5,13,763,94,0.068689233
7/29/2024,6,20,1214,178,0.109290601
7/29/2024,7,7,405,210,0.036460209
7/29/2024,9,15,929,203,0.083633417
7/29/2024,11,8,424,853,0.038170688
7/30/2024,12,4,188,954,0.017260375
7/30/2024,13,0,0,249,0
7/30/2024,14,0,0,1008,0
7/30/2024,15,2,54,887,0.004957767
7/30/2024,1,14,786,73,0.072163055
7/30/2024,2,15,842,114,0.077304444
7/30/2024,3,18,874,120,0.08024238
7/30/2024,4,6,378,157,0.03470437
7/30/2024,5,12,663,111,0.060870364
7/30/2024,7,6,356,155,0.032684539
7/30/2024,9,15,1029,243,0.094473008
7/30/2024,10,12,808,250,0.074182887
7/30/2024,11,6,291,195,0.026716856
7/31/2024,12,6,253,1030,0.024513129
7/31/2024,13,0,0,922,0
7/31/2024,14,5,215,988,0.020831315
7/31/2024,15,5,175,912,0.016955721
7/31/2024,1,15,853,72,0.08264703
7/31/2024,2,14,799,112,0.077414979
7/31/2024,3,14,680,168,0.065885089
7/31/2024,4,6,370,134,0.035849239
7/31/2024,5,11,630,152,0.061040597
7/31/2024,6,10,663,180,0.064237961
7/31/2024,7,5,271,210,0.026257146
7/31/2024,8,11,610,226,0.0591028
7/31/2024,9,14,926,232,0.089719988
7/31/2024,10,14,1030,249,0.099796531
7/31/2024,11,7,453,922,0.043891096
8/1/2024,12,7,259,955,0.02238935
8/1/2024,13,8,325,912,0.028094744
8/1/2024,14,7,274,997,0.02368603
8/1/2024,15,4,200,910,0.017289073
8/1/2024,1,10,571,74,0.049360304
8/1/2024,2,13,665,87,0.057486169
8/1/2024,3,13,647,157,0.055930152
8/1/2024,5,12,818,114,0.07071231
8/1/2024,6,14,775,180,0.066995159
8/1/2024,7,6,361,181,0.031206777
8/1/2024,9,10,668,210,0.057745505
8/1/2024,10,16,1227,279,0.106068465
8/1/2024,11,9,491,207,0.042444675
8/2/2024,12,6,231,953,0.016096439
8/2/2024,13,6,387,938,0.026966762
8/2/2024,14,7,387,990,0.026966762
8/2/2024,15,5,228,911,0.015887395
8/2/2024,1,13,699,34,0.048707407
8/2/2024,2,13,724,85,0.050449446
8/2/2024,3,13,610,144,0.042505749
8/2/2024,4,7,315,129,0.02194969
8/2/2024,5,12,625,94,0.043550972
8/2/2024,6,12,802,163,0.055884607
8/2/2024,7,2,130,154,0.009058602
8/2/2024,9,17,992,225,0.069124103
8/2/2024,10,14,1160,233,0.080830604
8/2/2024,11,7,418,251,0.02912689
8/3/2024,12,5,273,930,0.021003231
8/3/2024,13,5,288,925,0.022157255
8/3/2024,14,3,136,143,0.010463148
8/3/2024,1,12,788,28,0.060624711
8/3/2024,2,12,603,72,0.046391753
8/3/2024,3,13,726,129,0.055854747
8/3/2024,4,7,374,118,0.028773657
8/3/2024,5,12,866,78,0.066625635
8/3/2024,6,13,781,178,0.060086167
8/3/2024,7,6,356,169,0.027388829
8/3/2024,8,13,802,234,0.0617018
8/3/2024,9,11,671,217,0.051623327
8/3/2024,10,13,1048,271,0.080627789
8/3/2024,11,7,355,254,0.027311894
8/4/2024,12,5,261,933,0.019372077
8/4/2024,13,6,377,951,0.02798189
8/4/2024,14,5,183,975,0.013582721
8/4/2024,15,3,112,878,0.008312922
8/4/2024,1,12,838,74,0.062198471
8/4/2024,2,15,796,85,0.059081125
8/4/2024,3,17,968,107,0.071847399
8/4/2024,4,7,421,122,0.031247681
8/4/2024,7,5,272,189,0.020188525
8/4/2024,8,14,873,223,0.064796259
8/4/2024,9,16,976,215,0.072441179
8/4/2024,10,15,1040,264,0.07719142
8/4/2024,11,6,389,196,0.02887256
8/5/2024,12,6,295,975,0.024752475
8/5/2024,13,0,0,1037,0
8/5/2024,14,6,221,989,0.01854338
8/5/2024,15,4,180,1020,0.015103205
8/5/2024,1,14,864,78,0.072495385
8/5/2024,2,19,1051,125,0.088185937
8/5/2024,3,19,1097,149,0.092045645
8/5/2024,4,9,551,126,0.046232589
8/5/2024,5,14,933,153,0.078284947
8/5/2024,7,7,460,188,0.03859708
8/5/2024,8,16,797,226,0.066873637
8/5/2024,9,0,0,228,0
8/5/2024,10,14,1044,232,0.08759859
8/5/2024,11,8,513,260,0.043044135
8/6/2024,12,9,488,970,0.041320914
8/6/2024,13,10,502,937,0.042506351
8/6/2024,14,9,446,1009,0.037764606
8/6/2024,15,2,132,889,0.011176969
8/6/2024,1,11,711,88,0.060203218
8/6/2024,2,16,987,109,0.083573243
8/6/2024,3,20,967,114,0.081879763
8/6/2024,4,9,655,115,0.055461473
8/6/2024,5,17,1090,120,0.092294666
8/6/2024,6,19,1318,172,0.111600339
8/6/2024,7,5,365,895,0.030906012
8/6/2024,8,14,869,240,0.07358171
8/6/2024,9,17,1155,233,0.097798476
8/6/2024,11,8,453,219,0.038357324
8/7/2024,12,4,178,944,0.014097893
8/7/2024,13,7,400,911,0.031680659
8/7/2024,14,8,386,992,0.030571836
8/7/2024,15,2,62,903,0.004910502
8/7/2024,1,8,637,81,0.050451449
8/7/2024,2,15,974,115,0.077142405
8/7/2024,3,15,976,146,0.077300808
8/7/2024,4,7,472,157,0.037383178
8/7/2024,4,0,0,173,0
8/7/2024,5,15,874,112,0.06922224
8/7/2024,6,17,1039,166,0.082290512
8/7/2024,7,5,330,203,0.026136544
8/7/2024,8,14,762,227,0.060351655
8/7/2024,9,17,1185,225,0.093853952
8/7/2024,10,14,1139,252,0.090210676
8/7/2024,11,6,506,230,0.040076034
8/8/2024,13,6,399,897,0.027526733
8/8/2024,14,5,161,982,0.011107278
8/8/2024,15,4,268,910,0.018489134
8/8/2024,1,6,358,65,0.024698172
8/8/2024,2,16,813,123,0.056088306
8/8/2024,3,15,815,153,0.056226285
8/8/2024,4,7,471,120,0.032493963
8/8/2024,5,12,704,128,0.048568472
8/8/2024,6,18,1207,173,0.083270093
8/8/2024,7,4,252,175,0.017385305
8/8/2024,8,11,576,227,0.039737841
8/8/2024,9,12,734,212,0.050638151
8/8/2024,10,14,1241,291,0.08561573
8/8/2024,11,8,461,196,0.03180407
8/9/2024,12,6,264,970,0.018957346
8/9/2024,13,5,311,901,0.022332328
8/9/2024,14,6,326,987,0.02340945
8/9/2024,15,5,249,910,0.017880224
8/9/2024,1,11,752,61,0.053999713
8/9/2024,2,13,732,79,0.05256355
8/9/2024,3,17,1124,109,0.080712337
8/9/2024,4,4,217,136,0.015582364
8/9/2024,5,11,635,85,0.045598162
8/9/2024,6,18,1101,181,0.07906075
8/9/2024,7,0,0,1042,0
8/9/2024,8,12,748,238,0.05371248
8/9/2024,9,16,858,202,0.061611374
8/9/2024,10,12,996,236,0.071520896
8/9/2024,11,5,349,218,0.025061037
8/10/2024,12,3,166,931,0.012407504
8/10/2024,14,6,278,1003,0.020778832
8/10/2024,15,6,360,909,0.026907841
8/10/2024,2,11,631,77,0.047163465
8/10/2024,3,18,838,127,0.062635474
8/10/2024,5,10,643,99,0.048060393
8/10/2024,6,15,994,161,0.074295538
8/10/2024,7,7,359,179,0.026833097
8/10/2024,8,9,559,225,0.041781897
8/10/2024,9,15,796,203,0.059496225
8/10/2024,10,12,1006,228,0.075192466
8/10/2024,11,7,542,208,0.040511249
8/11/2024,12,7,449,942,0.03744475
8/11/2024,13,5,328,914,0.027353849
8/11/2024,14,4,172,971,0.014344091
8/11/2024,15,4,222,908,0.018513885
8/11/2024,1,12,909,67,0.075806855
8/11/2024,2,16,1071,79,0.089316988
8/11/2024,3,17,1131,118,0.094320741
8/11/2024,4,7,507,111,0.042281711
8/11/2024,5,13,924,119,0.077057793
8/11/2024,6,19,1185,166,0.098824118
8/11/2024,7,5,367,139,0.030606288
8/11/2024,8,13,937,232,0.07814194
8/11/2024,9,18,1312,231,0.109415395
8/11/2024,11,10,630,227,0.052539405
8/12/2024,12,7,461,1009,0.039244062
8/12/2024,13,9,490,924,0.041712778
8/12/2024,14,7,268,993,0.022814336
8/12/2024,15,5,237,903,0.020175364
8/12/2024,1,16,1004,80,0.08546863
8/12/2024,2,20,1185,109,0.10087682
8/12/2024,3,24,1377,127,0.117221418
8/12/2024,4,8,564,113,0.048012258
8/12/2024,5,14,960,123,0.081722993
8/12/2024,7,5,300,162,0.025538435
8/12/2024,8,18,910,255,0.077466587
8/12/2024,9,20,1268,207,0.107942453
8/12/2024,10,9,603,235,0.051332255
8/12/2024,11,9,470,223,0.040010215
8/13/2024,12,5,299,930,0.022418835
8/13/2024,13,7,412,928,0.030891505
8/13/2024,14,7,292,1000,0.021893979
8/13/2024,15,6,258,916,0.01934468
8/13/2024,1,13,732,84,0.054884907
8/13/2024,2,16,988,108,0.074079628
8/13/2024,3,22,1269,112,0.095148834
8/13/2024,4,8,494,116,0.037039814
8/13/2024,5,15,963,104,0.072205144
8/13/2024,6,19,1189,157,0.089150484
8/13/2024,7,4,155,166,0.011621804
8/13/2024,8,14,779,249,0.058408938
8/13/2024,9,15,1040,210,0.077978556
8/13/2024,10,14,914,264,0.068531154
8/13/2024,11,8,554,193,0.041538577
8/14/2024,12,3,150,960,0.01046463
8/14/2024,13,6,231,912,0.01611553
8/14/2024,14,5,243,995,0.0169527
8/14/2024,15,5,258,928,0.017999163
8/14/2024,1,9,578,60,0.040323706
8/14/2024,2,15,907,84,0.063276127
8/14/2024,3,18,1067,127,0.074438398
8/14/2024,4,7,414,133,0.028882378
8/14/2024,5,15,946,130,0.06599693
8/14/2024,7,5,184,164,0.012836612
8/14/2024,8,16,883,226,0.061601786
8/14/2024,9,13,646,211,0.045067671
8/14/2024,10,12,881,272,0.061462258
8/14/2024,11,10,515,221,0.035928561
8/15/2024,12,7,242,952,0.017443956
8/15/2024,13,8,486,986,0.035032077
8/15/2024,14,6,322,999,0.023210553
8/15/2024,15,6,366,911,0.026382181
8/15/2024,1,11,615,61,0.044330714
8/15/2024,2,14,748,96,0.053917682
8/15/2024,3,15,908,105,0.065450876
8/15/2024,4,0,0,928,0
8/15/2024,4,6,336,133,0.024219707
8/15/2024,5,16,941,101,0.067829597
8/15/2024,6,17,1021,159,0.073596194
8/15/2024,7,8,494,928,0.035608736
8/15/2024,8,14,766,234,0.055215166
8/15/2024,9,17,955,226,0.068838752
8/15/2024,10,16,968,259,0.069775824
8/15/2024,11,9,423,198,0.030490882
8/16/2024,12,5,307,958,0.024397997
8/16/2024,13,2,112,986,0.008900898
8/16/2024,14,4,152,987,0.01207979
8/16/2024,15,5,343,901,0.027259
8/16/2024,1,9,685,57,0.054438528
8/16/2024,2,13,837,95,0.066518318
8/16/2024,3,18,1084,126,0.086147977
8/16/2024,4,7,406,200,0.032265755
8/16/2024,5,11,706,125,0.056107447
8/16/2024,6,20,1114,166,0.088532147
8/16/2024,7,0,0,891,0
8/16/2024,8,15,934,236,0.074227132
8/16/2024,9,15,1009,214,0.080187555
8/16/2024,10,11,970,265,0.077088135
8/16/2024,11,6,363,210,0.028848446
8/17/2024,12,4,309,911,0.022368612
8/17/2024,13,0,0,892,0
8/17/2024,14,5,362,986,0.026205299
8/17/2024,15,4,328,906,0.023744028
8/17/2024,1,12,842,56,0.060952657
8/17/2024,2,11,683,72,0.049442594
8/17/2024,3,20,1254,155,0.090777472
8/17/2024,4,0,0,885,0
8/17/2024,4,6,488,114,0.03532648
8/17/2024,5,13,922,104,0.066743883
8/17/2024,6,17,1126,180,0.08151151
8/17/2024,7,7,427,189,0.03091067
8/17/2024,8,12,808,246,0.058491386
8/17/2024,9,15,1193,201,0.086361662
8/17/2024,10,13,962,272,0.069639496
8/17/2024,11,6,368,192,0.026639641
8/18/2024,12,5,392,938,0.031059346
8/18/2024,13,9,590,935,0.046747484
8/18/2024,14,7,352,975,0.027890025
8/18/2024,15,4,261,890,0.020679819
8/18/2024,1,16,952,60,0.075429839
8/18/2024,2,16,849,82,0.067268838
8/18/2024,3,19,1066,103,0.084462404
8/18/2024,4,6,330,137,0.026146898
8/18/2024,5,13,1026,102,0.081293083
8/18/2024,6,18,1124,185,0.089057919
8/18/2024,7,7,420,172,0.03327787
8/18/2024,8,13,858,238,0.067981935
8/18/2024,9,18,1287,228,0.101972902
8/18/2024,10,13,1059,265,0.083907773
8/18/2024,11,4,364,208,0.028840821
8/19/2024,12,4,343,968,0.028746229
8/19/2024,13,6,341,898,0.028578612
8/19/2024,15,6,361,912,0.030254777
8/19/2024,1,5,203,35,0.017013074
8/19/2024,2,8,740,82,0.062018103
8/19/2024,3,16,925,86,0.077522628
8/19/2024,4,14,775,109,0.064951391
8/19/2024,5,12,795,106,0.066627556
8/19/2024,6,5,341,126,0.028578612
8/19/2024,7,19,1048,202,0.087831043
8/19/2024,8,18,1139,203,0.095457593
8/19/2024,9,6,406,233,0.034026148
8/19/2024,9,19,1022,256,0.085652028
8/19/2024,11,23,1444,266,0.121019108
8/20/2024,12,5,256,961,0.02347547
8/20/2024,13,6,371,918,0.034021091
8/20/2024,14,2,94,894,0.008619899
8/20/2024,1,7,386,35,0.035396607
8/20/2024,2,12,965,79,0.088491518
8/20/2024,3,14,855,94,0.078404402
8/20/2024,4,23,1119,121,0.10261348
8/20/2024,5,12,875,101,0.080238423
8/20/2024,6,8,456,143,0.041815681
8/20/2024,7,14,877,217,0.080421825
8/20/2024,8,17,1132,230,0.103805594
8/20/2024,9,7,481,206,0.044108207
8/20/2024,9,16,1124,256,0.103071985
8/20/2024,11,16,959,283,0.087941311
8/21/2024,12,2,141,949,0.011227009
8/21/2024,13,7,513,902,0.040847201
8/21/2024,14,2,78,904,0.006210686
8/21/2024,1,5,357,36,0.02842583
8/21/2024,2,10,709,77,0.056453539
8/21/2024,3,12,727,80,0.057886774
8/21/2024,4,19,1133,126,0.090214189
8/21/2024,5,9,708,107,0.056373915
8/21/2024,6,7,332,122,0.026435226
8/21/2024,7,9,543,205,0.043235926
8/21/2024,8,14,849,215,0.067600924
8/21/2024,9,8,534,194,0.042519309
8/21/2024,9,17,1112,244,0.088542081
8/21/2024,11,14,877,268,0.069830401
8/22/2024,12,4,263,942,0.020218327
8/22/2024,13,7,474,900,0.036439114
8/22/2024,14,5,388,900,0.029827798
8/22/2024,1,5,367,48,0.028213407
8/22/2024,2,14,838,57,0.064421894
8/22/2024,3,10,737,79,0.056657442
8/22/2024,4,12,805,110,0.061884994
8/22/2024,5,10,790,87,0.060731857
8/22/2024,6,6,360,1142,0.027675277
8/22/2024,7,11,730,202,0.056119311
8/22/2024,8,15,969,216,0.07449262
8/22/2024,9,7,479,225,0.036823493
8/22/2024,9,16,1057,266,0.081257688
8/22/2024,11,12,750,286,0.057656827
8/23/2024,12,4,276,967,0.01995373
8/23/2024,13,7,488,1142,0.035280509
8/23/2024,14,3,243,900,0.017567958
8/23/2024,1,5,323,64,0.023351648
8/23/2024,2,9,552,68,0.039907461
8/23/2024,3,11,634,86,0.045835743
8/23/2024,4,18,976,108,0.070561018
8/23/2024,5,13,842,114,0.060873337
8/23/2024,6,4,248,185,0.017929439
8/23/2024,7,13,706,215,0.051041064
8/23/2024,8,15,941,212,0.068030654
8/23/2024,9,7,439,226,0.031737999
8/23/2024,9,12,936,347,0.067669173
8/23/2024,11,14,855,265,0.061813187
8/24/2024,12,0,0,938,0
8/24/2024,13,6,365,1089,0.027980069
8/24/2024,14,0,0,937,0
8/24/2024,1,0,0,908,0
8/24/2024,2,11,970,82,0.074357992
8/24/2024,3,11,666,87,0.051054044
8/24/2024,4,14,994,97,0.076197777
8/24/2024,5,11,766,93,0.058719816
8/24/2024,6,0,0,909,0
8/24/2024,7,13,803,235,0.061556152
8/24/2024,8,15,931,200,0.07136834
8/24/2024,9,4,369,182,0.0282867
8/24/2024,9,20,1296,280,0.099348409
8/24/2024,11,14,878,305,0.067305481
8/25/2024,13,7,401,901,0.032167496
8/26/2024,1,9,484,45,0.042189679
8/26/2024,2,18,1321,59,0.11514993
8/26/2024,3,14,775,97,0.067555788
8/26/2024,4,15,936,94,0.081589958
8/26/2024,5,8,492,113,0.042887029
8/26/2024,6,7,477,177,0.041579498
8/26/2024,7,18,1208,258,0.105299861
8/26/2024,8,17,1002,209,0.087343096
8/26/2024,9,6,475,266,0.04140516
8/26/2024,9,22,1218,286,0.106171548
8/26/2024,11,18,1060,308,0.092398884
8/27/2024,12,3,179,965,0.014476345
8/27/2024,13,9,585,961,0.047310958
8/27/2024,14,5,299,989,0.024181156
8/27/2024,1,8,494,13,0.039951476
8/27/2024,2,12,1024,64,0.082814395
8/27/2024,3,14,793,85,0.064132632
8/27/2024,4,15,738,120,0.059684594
8/27/2024,5,2,124,143,0.010028306
8/27/2024,6,9,658,171,0.053214719
8/27/2024,7,15,994,205,0.080388192
8/27/2024,8,15,983,217,0.079498585
8/27/2024,9,6,427,231,0.034532956
8/27/2024,9,20,1364,263,0.110311363
8/27/2024,11,11,669,252,0.054104327
8/28/2024,12,4,287,980,0.023584518
8/28/2024,13,8,429,956,0.035253513
8/28/2024,14,5,233,967,0.019147013
8/28/2024,1,6,391,56,0.032130824
8/28/2024,2,13,1042,58,0.085627414
8/28/2024,3,12,840,77,0.069027858
8/28/2024,4,17,1075,120,0.088339223
8/28/2024,5,7,496,143,0.040759306
8/28/2024,6,7,507,172,0.041663243
8/28/2024,7,14,924,226,0.075930643
8/28/2024,8,14,863,216,0.070917906
8/28/2024,9,6,440,230,0.036157449
8/28/2024,9,17,1178,257,0.096803353
8/28/2024,11,6,437,278,0.035910921
8/29/2024,12,4,198,979,0.015781923
8/29/2024,13,8,445,984,0.035469472
8/29/2024,14,4,191,954,0.015223976
8/29/2024,1,6,353,81,0.028136458
8/29/2024,2,12,980,62,0.078112546
8/29/2024,3,11,727,71,0.057946756
8/29/2024,4,10,641,135,0.051091982
8/29/2024,5,3,172,115,0.013709549
8/29/2024,6,10,667,175,0.053164355
8/29/2024,7,14,840,196,0.066953611
8/29/2024,8,13,899,209,0.071656305
8/29/2024,9,6,330,252,0.026303204
8/29/2024,9,16,993,270,0.079148733
8/29/2024,11,11,668,294,0.053244062
