Trial,Total LH,TLMD,NC,TFC,Rate
1,10902,6836,4066,2554,52.85822637
2,10902,7197,3705,2795,51.96430514
3,10902,8100,2802,1562,45.39937784
4,10902,6978,3924,3308,54.83600692
5,10902,6323,4579,3780,58.61062296
6,10902,7620,3282,3260,51.9445872
7,10902,6428,4474,1716,50.19778984
8,10902,8289,2613,3026,49.72548289
9,10902,6726,4176,2397,52.60359017
10,10902,7802,3100,3072,50.58859043
11,10902,6846,4056,1694,49.49547926
12,10902,7267,3635,2867,52.17292055
13,10902,6359,4543,2587,53.63001287
14,10902,6764,4138,4117,58.61521625
15,10902,7429,3473,2245,49.35398809
16,10902,7498,3404,1669,47.07419189
17,10902,7226,3676,2126,49.73863185
18,10902,6687,4215,2646,53.66614495
19,10902,7862,3040,2881,50.15628853
20,10902,6786,4116,3341,55.6195459
21,10902,6957,3945,4106,57.90541962
22,10902,7652,3250,2943,50.94949464
23,10902,7011,3891,957,46.26304467
24,10902,7357,3545,1458,46.6480861
25,10902,6708,4194,2160,51.77151239
26,10902,6441,4461,2561,53.68231249
27,10902,6649,4253,3636,57.52445601
28,10902,8046,2856,3643,52.50269356
29,10902,7680,3222,2238,48.3716574
30,10902,7538,3364,959,44.43121626
31,10902,6507,4395,2552,53.30901762
32,10902,6952,3950,1695,49.22865049
33,10902,7143,3759,4277,57.46193856
34,10902,7452,3450,2692,50.55772621
35,10902,6685,4217,1384,49.07524086
36,10902,6598,4304,2336,52.3639037
37,10902,7113,3789,1691,48.16703687
38,10902,7001,3901,2723,52.78286831
39,10902,6228,4674,1876,51.84017573
40,10902,6356,4546,2439,53.48716402
41,10902,7553,3349,4305,55.70342656
42,10902,7744,3158,3407,52.16525355
43,10902,7429,3473,2547,50.41059907
44,10902,7201,3701,1497,47.24241324
45,10902,7638,3264,3446,52.58286107
46,10902,7372,3530,2547,50.34536975
47,10902,6503,4399,3487,57.25363368
48,10902,6013,4889,3287,58.19726449
49,10902,7983,2919,3851,53.3999927
50,10902,6916,3986,3225,54.90454887
51,11603,8195,3408,3322,51.93906548
52,11603,7417,4186,2062,50.64571736
53,11603,7330,4273,4201,57.63334076
54,11603,7695,3908,3515,54.52407995
55,11603,7563,4040,4855,59.59335803
56,11603,6774,4829,2042,51.96283793
57,11603,6032,5571,2879,58.03299754
58,11603,6941,4662,4231,58.85821075
59,11603,7143,4460,3011,54.20816307
60,11603,7263,4340,2354,51.74706748
61,11603,7804,3799,4939,58.54017114
62,11603,7285,4318,3950,57.06867327
63,11603,6844,4759,2335,52.89983527
64,11603,7538,4065,2137,50.50289844
65,11603,6936,4667,3101,55.1928211
66,11603,6618,4985,2944,55.83972581
67,11603,8057,3546,2366,49.35683284
68,11603,7424,4179,2470,52.08614779
69,11603,8412,3191,2400,48.19239447
70,11603,6846,4757,3539,56.95232747
71,11603,7673,3930,2622,51.57501426
72,11603,7711,3892,3957,56.03805988
73,11603,7626,3977,908,45.88583011
74,11603,8031,3572,3656,53.38986885
75,11603,7311,4292,2114,50.76907666
76,11603,9056,2547,3818,51.15607744
77,11603,7963,3640,2920,51.24550782
78,11603,7440,4163,2652,52.61046233
79,11603,7636,3967,3605,55.07023974
80,11603,8187,3416,2532,49.41904136
81,11603,7143,4460,1503,48.60526194
82,11603,6914,4689,3944,58.27259255
83,11603,7691,3912,3026,52.76068538
84,11603,6095,5508,2357,56.26379839
85,11603,8404,3199,3519,51.6461195
86,11603,8470,3133,3660,52.04118409
87,11603,8148,3455,3064,51.28904692
88,11603,8569,3034,1610,45.27704582
89,11603,7189,4414,2499,52.3154022
90,11603,7133,4470,2642,53.13338387
91,11603,7273,4330,1673,49.04208757
92,11603,8662,2941,3848,52.39693766
93,11603,7544,4059,2808,52.70090417
94,11603,8227,3376,3744,53.24410825
95,11603,9460,2143,2908,47.00857798
96,11603,7893,3710,3359,53.09642696
97,11603,8186,3417,4681,56.46357445
98,11603,7555,4048,1996,49.75561942
99,11603,7352,4251,2257,51.53170547
100,11603,7034,4569,2535,52.90274359
101,11603,7134,4469,3043,54.00222102
102,11603,8342,3261,3780,52.90298568
103,11603,7735,3868,3230,52.93221617
104,11603,7226,4377,2060,50.93870151
105,11603,7767,3836,2765,51.72704578
106,11603,6217,5386,3103,58.27505048
107,11603,7019,4584,4411,59.52492345
108,11603,7521,4082,3207,53.93675235
109,11603,7947,3656,2921,51.61999766
110,11603,7192,4411,2772,53.55685537
111,11603,9159,2444,3254,49.04305769
112,11603,7373,4230,4433,59.05509623
113,11603,7659,3944,3980,56.05428698
114,11603,8059,3544,1192,45.17494093
115,11603,9279,2324,4117,50.87994903
116,11603,7411,4192,3495,55.46594947
117,11603,8353,3250,2231,47.80658401
118,11603,7195,4408,2934,54.12463556
119,11603,7179,4424,2634,53.10339161
120,11603,8842,2761,1522,44.65547807
121,11603,8026,3577,2090,48.58119316
122,11603,7985,3618,2706,50.55983904
123,11603,6689,4914,2778,54.91645964
124,11603,7501,4102,4203,57.56462423
125,11603,8048,3555,3296,52.36391927
126,11603,7705,3898,2713,51.69767908
127,11603,7024,4579,2692,53.1635777
128,11603,7547,4056,4206,57.39370994
129,11603,7183,4420,2895,53.9857207
130,11603,8280,3323,2873,50.24326685
131,11603,8656,2947,3518,51.47613902
132,11603,7028,4575,2847,53.89195499
133,11603,7733,3870,2740,51.6680917
134,11603,8081,3522,2199,48.51995768
135,11603,8701,2902,2502,48.14607873
136,11603,7636,3967,2990,52.88408359
137,11603,7202,4401,4565,59.64964143
138,11603,7252,4351,3089,54.57983297
139,11603,6932,4671,2342,52.52482049
140,11603,7331,4272,2856,53.6814737
141,11603,8004,3599,2546,50.18854386
142,11603,7017,4586,3653,56.84254757
143,11603,8127,3476,3765,53.74969114
144,11603,7849,3754,3759,54.49084466
145,11603,7494,4109,3068,53.81255146
146,11603,8045,3558,2955,51.3940317
147,11603,7931,3672,2914,51.62314342
148,11603,7212,4391,2544,52.69772483
149,11603,7129,4474,1991,50.85066228
150,11603,8179,3424,2950,50.70135218
151,11762,8767,2995,2757,48.71865534
152,11762,7664,4098,2516,51.76177435
153,11762,8287,3475,2386,48.98414241
154,11762,8007,3755,3174,52.55461505
155,11762,7699,4063,4396,57.62646225
156,11762,7829,3933,4442,57.26338454
157,11762,7039,4723,1966,51.2257434
158,11762,8308,3454,2751,49.81255735
159,11762,8405,3357,2781,49.77136003
160,11762,6358,5404,4169,61.70099794
161,11762,7460,4302,3415,55.26084031
162,11762,6458,5304,3035,57.40975734
163,11762,7336,4426,4271,58.41220642
164,11762,6077,5685,1693,54.12765073
165,11762,7717,4045,2451,51.13524425
166,11762,8740,3022,3647,51.74505195
167,11762,7994,3768,3407,53.41636481
168,11762,7485,4277,3327,54.78962153
169,11762,7385,4377,1471,48.18643793
170,11762,7860,3902,3032,52.7562091
171,11762,7482,4280,4904,60.27431513
172,11762,8219,3543,2842,50.62089859
173,11762,7516,4246,3236,54.4783501
174,11762,6972,4790,2618,53.78702754
175,11762,8422,3340,3568,52.38980973
176,11762,7975,3787,3044,52.30333306
177,11762,9141,2621,3240,49.2423936
178,11762,7197,4565,2897,53.99695225
179,11762,7517,4245,4337,58.44548934
180,11762,7621,4141,3360,54.56686434
181,11762,6719,5043,2744,55.19712955
182,11762,7453,4309,3740,56.30021329
183,11762,6636,5126,3361,57.50329208
184,11762,8871,2891,2434,47.84474999
185,11762,8918,2844,2389,47.68516643
186,11762,8141,3621,2080,48.50571493
187,11762,6820,4942,2755,54.50774196
188,11762,7847,3915,3279,53.63005302
189,11762,7391,4371,2864,53.07021056
190,11762,7557,4205,3952,57.06496641
191,11762,8218,3544,2658,49.87144621
192,11762,8920,2842,3640,51.64924893
193,11762,8221,3541,3394,52.55511213
194,11762,8169,3593,3198,51.85060592
195,11762,7546,4216,4097,57.36645576
196,11762,7315,4447,2004,50.74983701
197,11762,7934,3828,2371,50.26519681
198,11762,7886,3876,850,45.1522765
199,11762,8792,2970,3443,51.0573162
200,11762,7923,3839,3291,53.27343973
201,11762,9365,2397,2628,46.81275893
202,11762,7497,4265,3472,55.36833496
203,11762,7724,4038,4142,56.96679448
204,11762,6989,4773,3926,57.86745595
205,11762,8941,2821,3537,51.24224128
206,11762,6954,4808,2528,53.5784075
207,11762,7689,4073,4901,59.5464751
208,11762,8083,3679,2843,51.19329213
209,11762,8617,3145,3199,50.38556014
210,11762,7492,4270,3331,54.91756945
211,11762,8242,3520,3455,52.58050012
212,11762,7019,4743,1193,48.64805346
213,11762,9076,2686,3876,51.90575089
214,11762,7669,4093,2938,52.9569408
215,11762,7450,4312,2658,52.65886227
216,11762,6047,5715,3469,60.42936298
217,11762,7352,4410,1823,50.07316788
218,11762,8178,3584,3971,54.63282861
219,11762,8304,3458,1988,47.70270677
220,11762,6636,5126,3016,56.541473
221,11762,6650,5112,3564,58.42068662
222,11762,6157,5605,3817,61.65324151
223,11762,8106,3656,2700,50.57437839
224,11762,7981,3781,4520,56.65781245
225,11762,7583,4179,3760,55.88774592
226,11762,8199,3563,856,44.19471897
227,11762,7948,3814,2809,51.68118936
228,11762,7978,3784,3521,53.83065627
229,11762,8311,3451,3707,53.07660549
230,11762,6883,4879,2434,53.08314315
231,11762,8343,3419,3512,52.0005621
232,11762,8450,3312,1991,47.16423675
233,11762,5940,5822,2605,57.85622991
234,11762,8175,3587,3913,54.4463716
235,11762,8314,3448,4149,54.68756969
236,11762,7246,4516,3699,56.66928998
237,11762,7807,3955,1454,47.22318642
238,11762,7693,4069,2183,50.36042989
239,11762,6796,4966,2333,53.5548614
240,11762,8088,3674,5091,58.54707946
241,11762,7283,4479,5042,61.1945263
242,11762,7730,4032,3146,53.42286139
243,11762,7332,4430,2447,52.26920667
244,11762,7574,4188,2004,50.28753382
245,11762,7793,3969,2723,51.88099383
246,11762,7455,4307,2547,52.1313382
247,11762,7043,4719,2611,53.45545639
248,11762,6529,5233,3687,59.47058106
249,11762,8268,3494,4153,54.81697575
250,11762,6870,4892,3071,55.6544558
251,11711,8521,3190,2700,49.0874065
252,11711,8628,3083,2257,47.36079833
253,11711,7510,4201,2522,52.10988927
254,11711,7210,4501,2877,53.86985435
255,11711,7808,3903,3552,54.55290726
256,11711,8072,3639,1323,46.1148029
257,11711,7656,4055,3598,55.23608829
258,11711,7495,4216,3288,54.71646104
259,11711,7903,3808,3021,52.1792751
260,11711,7538,4173,3130,54.1730592
261,11711,7788,3923,3507,54.48564924
262,11711,7364,4347,3331,55.21826121
263,11711,6766,4945,3003,55.89677049
264,11711,7670,4041,4131,56.67204983
265,11711,7817,3894,2909,52.37682942
266,11711,7800,3911,4959,58.89509688
267,11711,7506,4205,3769,56.23288286
268,11711,7506,4205,4184,57.91947213
269,11711,8482,3229,4640,55.46853476
270,11711,7579,4132,4084,57.28324718
271,11711,7255,4456,3239,54.88136971
272,11711,8160,3551,3285,52.2299886
273,11711,8856,2855,2853,49.20257026
274,11711,7932,3779,3347,53.25312237
275,11711,8258,3453,3029,51.14086557
276,11711,8693,3018,2519,48.12193324
277,11711,7084,4627,4348,59.14285044
278,11711,6573,5138,2849,56.06817069
279,11711,8355,3356,2899,50.09724889
280,11711,7073,4638,2975,54.49983447
281,11711,7063,4648,1255,48.22558582
282,11711,8855,2856,3834,52.32363523
283,11711,7938,3773,1601,47.4188318
284,11711,7597,4114,2726,52.38861887
285,11711,8118,3593,3470,52.98904967
286,11711,7578,4133,3011,53.37816741
287,11711,7466,4245,2411,51.96718246
288,11711,8290,3421,2791,50.0587218
289,11711,7630,4081,3636,55.38434267
290,11711,8220,3491,3705,53.47967232
291,11711,6624,5087,4559,62.10734341
292,11711,7678,4033,1988,49.42707736
293,11711,8534,3177,2086,47.04743362
294,11711,7072,4639,1474,49.15908786
295,11711,7567,4144,4912,59.71430635
296,11711,8088,3623,3545,53.34983334
297,11711,6949,4762,3424,56.53290971
298,11711,7186,4525,4475,59.3748258
299,11711,7242,4469,3384,55.56054642
300,11711,7579,4132,5150,60.49128175
301,11711,7903,3808,3125,52.41719929
302,11711,8694,3017,1732,45.69891286
303,11711,6993,4718,1799,50.46542821
304,11711,7784,3927,2735,51.83054317
305,11711,8094,3617,3327,52.65802052
306,11711,7104,4607,2604,53.11716667
307,11711,8426,3285,2611,49.13728576
308,11711,7820,3891,2137,49.75388589
309,11711,8592,3119,3092,50.07537213
310,11711,6389,5322,2363,55.22343608
311,11711,8163,3548,3382,52.53511643
312,11711,8342,3369,2033,47.58246785
313,11711,8039,3672,3131,52.15223992
314,11711,8599,3112,2633,48.6768925
315,11711,7837,3874,2809,51.93196519
316,11711,8155,3556,1877,47.66723243
317,11711,8013,3698,1672,47.50781
318,11711,6550,5161,2919,56.55301921
319,11711,8014,3697,3208,52.61243111
320,11711,7620,4091,3484,54.88510558
321,11711,7502,4209,2261,51.12671168
322,11711,7361,4350,1231,47.94496326
323,11711,7317,4394,2481,52.33539173
324,11711,7261,4450,1415,48.54405162
325,11711,8124,3587,3962,54.58298938
326,11711,7259,4452,4036,57.71574048
327,11711,8603,3108,2351,47.44096005
328,11711,6968,4743,2761,54.20522982
329,11711,6940,4771,3704,57.40885638
330,11711,8422,3289,3235,51.20417678
331,11711,8859,2852,3708,51.46405616
332,11711,7675,4036,2632,51.94799752
333,11711,8607,3104,2833,49.0966786
334,11711,8067,3644,3117,52.04029502
335,11711,7781,3930,1466,47.40254558
336,11711,7578,4133,3841,55.84055297
337,11711,8334,3377,2735,49.2923327
338,11711,8136,3575,1591,46.81941923
339,11711,8464,3247,3139,50.36732458
340,11711,7426,4285,2395,51.94258664
341,11711,7907,3804,2965,52.05698027
342,11711,8142,3569,3726,53.76371383
343,11711,7899,3812,2676,51.11220237
344,11711,7370,4341,1714,49.49699929
345,11711,7432,4279,3142,54.2186953
346,11711,7228,4483,2103,51.0094415
347,11711,6989,4722,2571,53.14864787
348,11711,8125,3586,2687,50.36335534
349,11711,7158,4553,3459,55.93922658
350,11711,8309,3402,4869,56.76084562
351,9087,5824,3263,2728,54.52643833
352,9087,6677,2410,2637,50.46457298
353,9087,6472,2615,2262,49.83527216
354,9087,6574,2513,3917,56.14301242
355,9087,4876,4211,2177,55.67232478
356,9087,6263,2824,2870,53.24875271
357,9087,5613,3474,1992,51.78186218
358,9087,5525,3562,2747,54.96912653
359,9087,5824,3263,2888,55.2075506
360,9087,5605,3482,3833,59.38322487
361,9087,6505,2582,2009,48.6125157
362,9087,6242,2845,1339,46.9729713
363,9087,6398,2689,2423,50.84613481
364,9087,5549,3538,2830,55.50930384
365,9087,6169,2918,2752,53.31849678
366,9087,5683,3404,1789,50.72340747
367,9087,5937,3150,2350,52.28881184
368,9087,5637,3450,2768,55.11115017
369,9087,5565,3522,1786,50.77268259
370,9087,6095,2992,2431,52.12583131
371,9087,6093,2994,3411,56.21666347
372,9087,5871,3216,1281,48.07215547
373,9087,5729,3358,1503,49.09608924
374,9087,6248,2839,2366,51.15698178
375,9087,6858,2229,2901,50.5580243
376,9087,6141,2946,2379,51.76621929
377,9087,6176,2911,2805,53.16987849
378,9087,6041,3046,2442,52.41504382
379,9087,6936,2151,3749,53.2509294
380,9087,6007,3080,2089,50.69069127
381,9087,5919,3168,2281,52.2841285
382,9087,4607,4480,2502,59.13135211
383,9087,6094,2993,2498,52.37156577
384,9087,5857,3230,3588,58.35866618
385,9087,5767,3320,2095,51.90209536
386,9087,6517,2570,1539,46.67949832
387,9087,5731,3356,2912,55.32077929
388,9087,6048,3039,2042,50.71598396
389,9087,7049,2038,1660,44.97590404
390,9087,6665,2422,1655,46.33726409
391,9087,6542,2545,3175,53.12484443
392,9087,5190,3897,2687,55.92683453
393,9087,6227,2860,2478,51.71986881
394,9087,5911,3176,1447,48.84531089
395,9087,4716,4371,2537,58.36672206
396,9087,5633,3454,3259,56.99373104
397,9087,4913,4174,1865,54.25952183
398,9087,6061,3026,1973,50.32569289
399,9087,5931,3156,2517,53.42740169
400,9087,5599,3488,2136,52.18108729
401,9087,6204,2883,2160,50.47572422
402,9087,6282,2805,602,43.5225777
403,9087,5995,3092,2396,52.56902131
404,9087,5938,3149,3734,58.43589
405,9087,5359,3728,2479,54.7614662
406,9087,5482,3605,730,46.31035556
407,9087,5705,3382,2637,54.14428216
408,9087,5838,3249,1761,50.40841474
409,9087,5606,3481,2411,53.16610573
410,9087,6328,2759,3852,56.90717376
411,9087,6421,2666,1880,48.2748763
412,9087,5968,3119,2064,51.1369078
413,9087,5645,3442,3157,56.50661931
414,9087,4924,4163,3579,62.11821955
415,9087,5592,3495,885,46.72892912
416,9087,5930,3157,2114,51.64147843
417,9087,6106,2981,1685,48.91272624
418,9087,5565,3522,2818,55.38967232
419,9087,6017,3070,1827,49.91771728
420,9087,5786,3301,2990,55.81409352
421,9087,6336,2751,3038,53.68356631
422,9087,6543,2544,2396,49.93533086
423,9087,5218,3869,1813,52.42819779
424,9087,5905,3182,1463,48.81913654
425,9087,5513,3574,1686,50.51936096
426,9087,5674,3413,2574,54.17712657
427,9087,5457,3630,2652,54.9829361
428,9087,5555,3532,2492,53.9116391
429,9087,5722,3365,2263,52.72548824
430,9087,4997,4090,2194,55.3293331
431,9087,6387,2700,2248,50.13656246
432,9087,5856,3231,3550,58.11814396
433,9087,6275,2812,2939,53.14980934
434,9087,5632,3455,1688,50.45233722
435,9087,6090,2997,2245,51.41555481
436,9087,6011,3076,1843,49.89044248
437,9087,5271,3816,3075,57.8201438
438,9087,6065,3022,2236,51.49015236
439,9087,6279,2808,1112,45.83724045
440,9087,6250,2837,2301,50.92027502
441,9087,5020,4067,2271,55.41569032
442,9087,5522,3565,3068,56.34845338
443,9087,5756,3331,2401,53.23018401
444,9087,6482,2605,2351,50.17078962
445,9087,5732,3355,2824,55.14537291
446,9087,6011,3076,1653,49.21837336
447,9087,5630,3457,2913,55.40840092
448,9087,5494,3593,2587,54.59335285
449,9087,6141,2946,2863,53.64955668
450,9087,6558,2529,2161,48.97158963
451,9863,6787,3076,1639,47.67602127
452,10455,6913,3542,2029,49.30941806
453,8906,6912,1994,1438,44.10126004
454,11058,7754,3304,1446,45.8524412
455,11612,9044,2568,2104,46.06048378
456,12515,8281,4234,3338,53.61136073
457,10272,7363,2909,1576,46.00090874
458,9520,6786,2734,2253,49.3166883
459,7531,5032,2499,2736,55.07490881
460,14762,9786,4976,2596,49.92770964
461,11788,8988,2800,2597,48.02027601
462,11961,7740,4221,1940,50.02685159
463,13010,9036,3974,1817,47.16961424
464,11923,8938,2985,2331,47.43422363
465,12696,9541,3155,2233,46.69358204
466,11303,8235,3068,2026,46.39771505
467,10192,6210,3982,1615,49.76535213
468,10959,7253,3706,1742,48.39293765
469,8706,6528,2178,2091,47.96050853
470,8689,6291,2398,1963,48.39311263
471,6413,4462,1951,2065,51.29248867
472,10908,6717,4191,1633,49.94186834
473,11834,8472,3362,2661,49.15602276
474,10990,7114,3876,2035,49.70186309
475,11419,8872,2547,2029,45.5462982
476,9093,6687,2406,1426,45.17883309
477,8361,5192,3169,2182,53.36493959
478,11819,8342,3477,785,43.6504026
479,9566,7201,2365,1271,44.01207895
480,8058,5322,2736,3039,56.96702986
481,12520,8048,4472,1891,49.40202699
482,8911,5915,2996,2076,50.86768723
483,9422,6427,2995,1755,48.51840154
484,9237,6470,2767,1140,45.55038084
485,11484,8211,3273,2124,47.71744428
486,8773,6097,2676,2098,50.01824682
487,9970,6854,3116,1630,47.59862948
488,8681,5915,2766,1845,49.60744902
489,10685,6489,4196,2276,52.49379714
490,11093,8287,2806,1982,46.39114315
491,12190,7887,4303,1881,49.69682963
492,10241,7164,3077,2020,48.3258667
493,10943,8209,2734,1064,43.47753338
494,8254,5817,2437,2984,53.90796728
495,8608,6206,2402,1969,48.74148045
496,9212,6488,2724,2065,49.23810195
497,10094,7415,2679,2331,48.23448446
498,11716,9054,2662,2034,46.05315677
499,10174,6462,3712,1768,49.28307752
500,10658,7392,3266,2299,49.04292094
501,9991,7202,2789,1519,45.80714205
502,9616,6391,3225,1767,49.31394964
503,8069,5881,2188,1394,46.31562411
504,9868,6585,3283,1047,46.14146686
505,8019,6383,1636,1654,44.75344973
506,10639,7880,2759,1933,46.80790191
507,9566,6662,2904,1266,45.99792798
508,12736,9517,3219,2915,48.55561562
509,12925,9354,3571,1330,44.6440779
510,13743,9541,4202,2702,49.37098576
511,12611,8969,3642,1217,44.59923125
512,8196,5689,2507,1777,49.36035454
513,10012,6724,3288,1903,49.26550348
514,9361,6504,2857,2117,49.60844892
515,6757,4596,2161,2337,52.34100299
516,6151,4534,1617,1349,46.36318251
517,8954,6304,2650,526,42.78352214
518,11723,7700,4023,1721,48.77259603
519,13184,9835,3349,1606,44.37658615
520,9457,6204,3253,2173,51.18747239
521,12557,7782,4775,2011,49.96144655
522,11968,8559,3409,4171,53.96394815
523,8609,5603,3006,1684,50.1421268
524,9273,6337,2936,2042,49.92460929
525,8850,6067,2783,1856,49.0795864
526,10664,7870,2794,1589,45.61588646
527,9133,6496,2637,1690,47.35653355
528,7645,5077,2568,1595,49.47398764
529,8360,6179,2181,1575,46.20814461
530,11101,7448,3653,1722,47.97172932
531,9873,7560,2313,1974,45.46513308
532,13362,9379,3983,1955,47.02604479
533,8405,5794,2611,1971,49.94700592
534,10352,6656,3696,1010,45.91677123
535,10542,7716,2826,2542,49.07958196
536,9309,6193,3116,2185,50.94273993
537,7277,5741,1536,1866,47.12477669
538,6778,4955,1823,1612,47.14590173
539,9572,6661,2911,1929,48.6179444
540,9361,7067,2294,1744,45.71881958
541,8444,5667,2777,2303,52.37826988
542,12222,8849,3373,2144,47.30305106
543,5220,3727,1493,2516,55.45268516
544,10379,6456,3923,2048,50.762522
545,7611,5735,1876,2164,48.73069899
546,10609,6591,4018,1846,50.22892675
547,11578,7908,3670,2912,51.02972426
548,8775,6249,2526,2398,50.19667715
549,10156,7016,3140,1173,45.50872058
550,11331,8180,3151,1505,45.25094561
551,11793,8518,3275,2607,49.04434401
552,10281,7516,2765,1294,44.58828652
553,7911,5548,2363,1573,48.23729244
554,10331,6414,3917,1809,49.80506179
555,10211,5928,4283,2600,54.87482899
556,11876,8265,3611,1688,47.10493313
557,9295,5393,3902,2329,54.30034224
558,10563,7869,2694,1821,46.15071619
559,10333,7009,3324,2166,49.73583107
560,7036,5035,2001,2023,49.12752729
561,9851,7771,2080,1246,42.4181215
562,12770,8586,4184,1737,47.46094924
563,10018,6819,3199,1331,46.6196814
564,8893,6733,2160,1855,46.46697702
565,10169,7287,2882,2265,48.70693656
566,12054,8804,3250,2169,47.34177122
567,10279,7115,3164,1959,48.42708383
568,11663,8174,3489,2592,49.5760774
569,6912,4476,2436,2108,53.02850312
570,11998,8142,3856,2349,49.90672133
571,10423,7472,2951,2514,49.21473731
572,11923,8337,3586,2978,51.08505156
573,9913,6954,2959,1710,47.33236539
574,11300,8034,3266,1910,47.10938996
575,9713,6687,3026,1866,48.64957103
576,10915,7569,3346,2042,48.08232407
577,10488,7776,2712,2481,48.47054015
578,10327,6825,3502,2371,50.83388513
579,9915,6446,3469,2035,50.6168528
580,12055,7289,4766,1996,50.91203743
581,7978,5889,2089,2913,52.72818461
582,10827,8158,2669,1764,45.70662999
583,12956,8953,4003,1980,47.73531256
584,11561,9432,2129,2497,45.63101462
585,9268,7008,2260,1600,45.26775008
586,9672,6099,3573,1938,50.81539561
587,8373,5949,2424,1797,48.24419041
588,9470,7387,2083,1996,45.87872472
589,8844,5930,2914,2087,51.08967381
590,3880,2398,1482,2324,66.66682301
591,9812,7306,2506,1806,45.9506383
592,12874,9494,3380,2177,46.50460615
593,13349,9769,3580,1889,45.41742443
594,8488,5486,3002,2054,52.06020934
595,6183,4627,1556,1470,47.24471465
596,8984,6091,2893,2227,51.00587873
597,11450,8108,3342,3343,52.02558142
598,10790,7838,2952,1634,45.7438565
599,8131,6563,1568,1948,45.91567618
600,11329,6958,4371,2092,51.42575733
601,11029,7144,3885,1698,48.65398473
602,12970,9059,3911,2361,48.37842987
603,10127,6974,3153,2670,51.32650577
604,12546,8783,3763,3000,50.8336306
605,11055,7439,3616,2277,49.85148305
606,8964,6009,2955,1610,48.75433539
607,8561,5215,3346,1968,52.10824506
608,9705,5988,3717,2587,52.77480524
609,8271,5607,2664,1526,48.77125367
610,11304,6825,4479,2274,52.32187127
611,11054,7677,3377,2274,48.9821598
612,11187,7740,3447,2101,48.46251233
613,7125,5418,1707,1651,46.50971126
614,10926,7206,3720,1888,48.84127417
615,10857,8054,2803,1882,46.32965156
616,11745,7608,4137,1926,49.8275892
617,9303,6191,3112,2005,50.44780477
618,8070,5839,2231,2817,52.64941007
619,11150,8513,2637,1487,44.55597059
620,10430,7624,2806,2043,47.36343818
621,7268,5040,2228,2467,52.86577278
622,11148,8721,2427,2157,46.09041186
623,9093,5611,3482,1877,50.93205752
624,11069,8007,3062,1255,44.22195246
625,7121,5481,1640,2176,49.59624418
626,12497,8480,4017,1935,48.17018928
627,10407,7073,3334,1403,45.94269792
628,10784,8249,2535,1941,45.96460635
629,7073,4611,2462,1854,51.50857382
630,10452,6877,3575,2414,50.75051231
631,10215,7335,2880,1838,46.78876516
632,10783,7841,2942,2536,49.00364608
633,10069,7243,2826,2497,49.55078804
634,9528,6600,2928,1786,48.05803255
635,8927,5818,3109,2458,53.46890259
636,9981,6616,3365,1456,47.8957577
637,10229,8153,2076,1474,42.80686003
638,8679,6475,2204,2261,48.70429687
639,7435,4867,2568,2013,52.32870568
640,12315,9143,3172,2013,46.20123871
641,8197,4984,3213,2563,55.65733875
642,3858,2464,1394,1887,61.68176907
643,8442,6087,2355,2000,48.99823572
644,7582,4921,2661,2674,55.7906979
645,7635,5385,2250,1743,48.81750026
646,9551,6630,2921,2751,52.05644799
647,11243,7728,3515,1642,47.10302095
648,11440,8267,3173,1457,45.14802468
649,10210,7647,2563,1667,45.46395016
650,9684,7404,2280,2555,48.24924406
651,9476,6058,3418,1110,47.26463429
652,9179,6355,2824,3150,53.90368552
653,11368,8989,2379,1780,44.59892548
654,8088,5403,2685,1780,50.43153436
655,12142,9273,2869,2188,46.76270617
656,8603,6376,2227,2083,48.40146909
657,8667,6038,2629,2908,53.57320137
658,9545,7146,2399,1305,43.87579017
659,8514,5659,2855,2209,52.10183649
660,9800,6621,3179,2623,52.10303096
661,8078,5191,2887,1771,51.38304486
662,12464,9171,3293,2730,48.48540489
663,9333,6875,2458,2502,48.80319866
664,11377,8287,3090,2498,48.28645482
665,10714,8092,2622,1844,45.70806158
666,10030,7584,2446,2233,47.20494631
667,11036,8615,2421,1972,45.52816405
668,10435,7319,3116,2024,47.31491501
669,9763,7052,2711,2563,49.79108764
670,12382,8248,4134,2265,49.89784686
671,8801,6591,2210,1893,47.17205869
672,9197,6247,2950,2794,53.16676186
673,10928,7274,3654,1418,46.69246026
674,14353,10058,4295,1364,45.21797246
675,6220,4393,1827,2961,56.39555684
676,6718,4666,2052,1639,48.76035253
677,12185,8761,3424,1355,45.13740373
678,11136,7769,3367,1955,47.76856698
679,7916,4802,3114,1820,52.05961242
680,7885,5603,2282,2839,53.60609265
681,7184,4906,2278,1212,46.80006888
682,11073,7479,3594,1275,46.20197742
683,11432,7362,4070,2431,51.70579149
684,13789,10447,3342,2218,46.04749534
685,6814,4877,1937,1252,45.32652239
686,9145,6781,2364,2219,48.34533956
687,11153,8976,2177,1654,43.67348601
688,12507,8769,3738,983,44.11223105
689,10585,7677,2908,2002,47.17848808
690,10821,7640,3181,3084,51.30593374
691,7872,5075,2797,2839,56.10177055
692,8363,5900,2463,2915,53.49761634
693,8950,5588,3362,1183,47.93202841
694,9318,6938,2380,2684,49.96397867
695,7292,4411,2881,1708,52.05902323
696,11127,7822,3305,1565,46.19069145
697,11773,8064,3709,1967,48.39775583
698,8856,6501,2355,1378,45.18370053
699,11124,7440,3684,1380,46.83303718
700,9302,6928,2374,1808,46.35343457
701,8578,5634,2944,2236,52.59594768
702,8612,6352,2260,2284,49.40223196
703,7237,4233,3004,1646,52.56979079
704,11718,7924,3794,2715,51.25450626
705,11431,8742,2689,1933,46.02326037
706,10944,7485,3459,2518,50.24067445
707,5361,3485,1876,1560,50.32422102
708,7925,5396,2529,2414,53.10148441
709,10322,6802,3520,1802,49.01103223
710,11620,7381,4239,1176,47.58692698
711,8956,6190,2766,1985,49.08730672
712,8252,5751,2501,2292,51.41564021
713,8924,6191,2733,1332,46.74808663
714,12068,7589,4479,2809,53.07982024
715,10770,7764,3006,1506,45.23735961
716,12302,8257,4045,2034,48.74025342
717,10926,7260,3666,1986,48.75762175
718,9752,7142,2610,1586,45.67853755
719,6648,4736,1912,2389,51.48035572
720,12291,8672,3619,1669,46.60200404
721,7747,5162,2585,2332,53.3178433
722,10809,6835,3974,2307,51.62757159
723,8378,5357,3021,1549,50.1275352
724,9083,5608,3475,3056,56.3193065
725,9724,6432,3292,2868,53.61161495
726,10581,7235,3346,2272,49.04846674
727,8675,5758,2917,2916,55.28456792
728,11856,8266,3590,2473,49.66554219
729,10086,6918,3168,2041,49.05862435
730,8971,5982,2989,1948,50.43400114
731,13582,9968,3614,1557,44.52657368
732,7533,5068,2465,2015,51.1511339
733,10802,6304,4498,2299,52.70023799
734,8901,6523,2378,2303,49.36971011
735,9745,7074,2671,942,43.31651069
736,8481,6084,2397,1853,48.40740977
737,7651,5803,1848,1675,46.32137583
738,6810,5102,1708,3079,54.82660236
739,7649,5395,2254,1250,46.46738806
740,9935,6759,3176,2548,51.4461778
741,8882,5693,3189,2717,54.82752672
742,8534,5707,2827,2283,52.27575676
743,12377,8385,3992,1162,45.96789499
744,11756,8552,3204,2167,47.37168794
745,9446,6858,2588,1948,47.6463716
746,8341,6091,2250,1512,46.12481717
747,7252,4858,2394,1350,47.85356187
748,13291,9151,4140,2207,47.89122212
749,10862,7702,3160,1345,45.04866724
750,9221,6540,2681,2289,49.89241824
751,10805,7670,3135,1844,46.83667848
752,9068,5976,3092,1805,49.76097824
753,12029,8436,3593,2297,48.78771481
754,12337,8022,4315,2209,50.54238995
755,7378,5732,1646,1870,47.44436629
756,10238,7151,3087,2256,49.15034663
757,14259,9435,4824,1112,46.05676765
758,6686,4982,1704,2165,49.80695132
759,11333,8025,3308,1275,45.10016864
760,11596,7159,4437,2365,52.17607829
761,13303,8223,5080,2351,50.47263927
762,8103,5594,2509,2223,51.56212587
763,11081,7057,4024,1749,49.38596767
764,8557,6120,2437,2644,51.77486398
765,12128,9150,2978,2538,47.93645098
766,8148,4999,3149,2222,53.75779804
767,7809,5688,2121,2096,49.59448043
768,9021,5912,3109,3226,56.45433274
769,10470,7952,2518,2360,47.47369177
770,11034,7829,3205,1072,44.07917756
771,7851,5134,2717,1214,47.96646765
772,9922,6517,3405,1992,50.22841319
773,7397,5526,1871,2236,49.56454885
774,10203,7393,2810,1544,45.42329146
775,11628,7951,3677,1784,47.71803637
776,11828,8308,3520,2392,49.05738245
777,6933,4900,2033,1372,45.99106194
778,7093,4844,2249,1988,50.85653232
779,6828,4720,2108,2740,54.22213842
780,7113,5010,2103,2469,52.42577142
781,11699,7864,3835,2162,49.63520834
782,11399,7535,3864,1840,48.86852308
783,9994,7090,2904,2713,50.75875287
784,9291,5857,3434,1484,49.22998614
785,8978,7221,1757,2190,46.40162645
786,9245,5736,3509,3713,58.94954523
787,7293,4894,2399,2557,54.17807391
788,7569,5146,2423,2019,50.88808343
789,9384,6004,3380,2466,53.0667768
790,14484,9451,5033,1888,48.53158951
791,8213,5667,2546,1781,49.14960795
792,9190,6058,3132,2429,52.62336724
793,6548,4044,2504,2051,53.81258972
794,12394,7862,4532,3301,54.39800945
795,11764,8336,3428,2356,48.68966738
796,9443,7455,1988,2136,45.93062822
797,10424,7557,2867,1466,45.36467371
798,11139,7667,3472,2462,49.89316081
799,10279,6611,3668,1961,49.45126629
800,9539,6641,2898,2060,49.20564601
801,13313,8170,5143,2234,50.69726965
802,9367,5846,3521,1758,50.28893699
803,9315,6375,2940,3534,55.71240319
804,9698,5483,4215,2026,53.38231631
805,6333,4272,2061,2047,52.26376345
806,5827,4252,1575,2019,51.22864309
807,11030,6229,4801,1406,50.41660164
808,9024,6427,2597,1816,48.05294772
809,8244,5814,2430,2276,51.0157217
810,9587,7263,2324,2335,47.77689702
811,10013,7718,2295,1915,45.36902399
812,6281,3858,2423,1771,53.29015964
813,11033,7646,3387,1710,47.05502236
814,10174,7005,3169,2330,50.00772956
815,7173,5103,2070,2342,51.16336137
816,11468,7999,3469,3184,51.84324636
817,10147,7201,2946,1620,46.44358501
818,12519,8798,3721,2367,48.78626982
819,12322,9217,3105,1727,45.37784429
820,9596,6836,2760,2606,50.33376122
821,10673,7939,2734,3331,51.4060195
822,5891,4103,1788,2172,52.67636984
823,6093,4186,1907,834,44.88505337
824,9445,6507,2938,2020,49.21347081
825,9824,7606,2218,1801,45.03248725
826,8325,5486,2839,1457,49.06466339
827,9706,6821,2885,1951,48.1346849
828,13523,8828,4695,1742,48.46314567
829,10624,7221,3403,2371,49.52775779
830,8504,6284,2220,2626,50.6979787
831,9076,6493,2583,2024,48.44234816
832,11154,7104,4050,3064,54.23098083
833,10113,7135,2978,2464,49.75191222
834,11446,7510,3936,2106,50.08532892
835,6789,5028,1761,2306,50.82921247
836,10385,7775,2610,2112,47.10733263
837,8497,5472,3025,1997,51.93866564
838,10680,7782,2898,1541,45.44125182
839,12942,9524,3418,2063,46.00639608
840,8449,6202,2247,1589,46.42605261
841,7157,4943,2214,2170,51.01188193
842,7257,5639,1618,1976,47.96250563
843,14654,9835,4819,1395,46.2260653
844,9224,7016,2208,2366,48.22050176
845,10860,8044,2816,1956,46.81857471
846,9320,5812,3508,2461,53.4956751
847,9306,6636,2670,1721,47.36056138
848,12306,8414,3892,1543,47.01717732
849,11627,8391,3236,1716,46.01747014
850,8482,5216,3266,1977,52.37101428
851,13659,9864,3795,2104,46.61478211
852,8091,5746,2345,1317,46.60592759
853,5879,3735,2144,2163,54.96049963
854,10725,7386,3339,1998,47.94873711
855,10440,7843,2597,2701,48.9708567
856,9647,6235,3412,1907,50.38887059
857,9461,6024,3437,1641,49.72721512
858,8388,6252,2136,1775,46.99875653
859,10013,6261,3752,1446,48.32822887
860,11216,8268,2948,2209,47.54846111
861,10421,7971,2450,1630,44.72698493
862,10751,7784,2967,1003,43.49765554
863,10568,7944,2624,1891,46.23181386
864,12427,9018,3409,1456,45.13764215
865,13168,11340,1828,2053,42.62081138
866,13053,8064,4989,2426,51.05820315
867,7094,4530,2564,2006,52.27773019
868,7888,5073,2815,1802,51.67617618
869,9291,6701,2590,1478,46.09599754
870,10237,7231,3006,2130,48.24173013
871,10827,7040,3787,1971,49.67604099
872,9203,5714,3489,1868,51.04494155
873,10097,5743,4354,2058,52.52023019
874,10867,7873,2994,1880,46.55979642
875,11015,7968,3047,2316,47.87436563
876,8232,5477,2755,1554,49.14612115
877,12368,9096,3272,2080,46.17374634
878,10713,6931,3782,2551,51.67106745
879,12722,8731,3991,1943,47.80886442
880,8420,5708,2712,1940,50.560711
881,6201,4440,1761,2355,52.77800045
882,11280,8029,3251,1444,45.24466757
883,10727,6919,3808,1450,47.79772317
884,7535,5507,2028,1679,47.55030356
885,10638,8057,2581,2698,48.8081213
886,8452,5822,2630,1054,45.8836215
887,10002,7917,2085,1370,42.62490412
888,5035,3156,1879,2300,58.2614837
889,9180,6520,2660,1922,48.33938833
890,11230,7080,4150,1949,50.56653074
891,8187,5378,2809,1523,49.32380464
892,11543,8934,2609,1101,42.9366363
893,14217,10890,3327,2839,47.20704051
894,11464,8284,3180,2002,47.05071914
895,10616,7191,3425,2074,48.70436422
896,6645,4639,2006,3335,57.37929167
897,9821,6633,3188,2071,49.84990665
898,12169,8572,3597,1717,46.70616845
899,5409,3909,1500,1893,50.96541859
900,8449,6178,2271,2310,49.61093833
901,5758,3646,2112,1025,47.50996663
902,9555,7049,2506,2597,49.39121149
903,5929,4351,1578,2242,52.36632868
904,12003,8517,3486,2598,49.48009268
905,9756,6196,3560,1408,48.39434588
906,7507,5510,1997,2489,51.05481994
907,9691,6919,2772,2514,50.00538796
908,9649,6278,3371,1919,50.32403039
909,9953,6450,3503,2173,51.05188655
910,12351,7828,4523,2597,51.4301706
911,7486,5287,2199,1669,48.16901102
912,10733,7307,3426,1818,47.6532981
913,9023,6314,2709,1231,46.03841474
914,10046,5591,4455,1975,52.58264335
915,10531,7770,2761,2037,47.25908555
916,9805,7253,2552,1856,46.35325148
917,9096,6300,2796,1673,48.18239328
918,11152,9005,2147,2492,45.8231439
919,10859,7919,2940,1305,44.66825997
920,11527,8691,2836,1744,45.71719835
921,12331,8915,3416,1812,46.26060828
922,9775,6943,2832,1941,47.88100061
923,8668,6310,2358,2367,49.84884893
924,13109,9374,3735,2790,49.04398595
925,12803,9575,3228,2095,45.87218864
926,11949,8709,3240,2157,47.37335341
927,7519,5065,2454,1245,47.16661652
928,11232,7963,3269,1874,47.08367065
929,7718,5576,2142,2553,51.70597768
930,9459,6815,2644,1403,45.15816042
931,12904,8511,4393,2168,49.31045687
932,11592,7170,4422,1947,50.42813444
933,11033,8268,2765,2428,48.1274895
934,9149,6656,2493,1786,47.16308527
935,7718,5427,2291,1431,47.22674112
936,10893,8482,2411,1718,44.67546456
937,13210,9581,3629,2452,47.71525759
938,7603,5165,2438,2362,52.84225964
939,9837,7808,2029,2222,45.53149145
940,12839,9234,3605,2253,47.53974697
941,12386,8382,4004,2699,50.38294778
942,8007,5434,2573,1864,50.46802679
943,11870,8372,3498,1586,46.44441914
944,13522,9256,4266,2108,48.23989125
945,11136,7052,4084,1792,49.8530485
946,10057,6624,3433,2483,51.95296441
947,4643,3407,1236,2321,57.65498033
948,9789,6106,3683,2146,50.86739969
949,8430,5964,2466,2197,50.11973894
950,10453,7063,3390,2902,51.8534928
951,10729,7468,3261,1950,47.61143019
952,11474,7861,3613,1598,47.1490636
953,8541,5268,3273,2032,52.49095177
954,12210,8064,4146,2121,49.96790102
955,8963,5733,3230,2677,54.56567222
956,9547,7526,2021,2767,48.22636038
957,6696,4725,1971,2308,52.00056035
958,6339,4326,2013,1595,48.96886248
959,7300,5269,2031,1749,47.79329679
960,10702,7238,3464,2541,50.41755724
961,12453,8438,4015,1811,48.07840829
962,12601,7857,4744,2660,52.0460916
963,10662,7043,3619,2125,49.41174934
964,7131,5254,1877,1965,48.45413301
965,10601,7390,3211,2327,48.98260362
966,15227,10034,5193,2088,48.26288063
967,8580,6013,2567,1707,47.69694441
968,11358,7423,3935,1609,48.12707463
969,14489,10311,4178,1281,44.38206946
970,11419,7314,4105,1745,49.08154794
971,5311,3842,1469,1238,46.83360707
972,11915,8734,3181,2353,47.68089881
973,11704,8365,3339,1753,46.5234412
974,8202,5951,2251,1335,45.90970544
975,8781,5045,3736,3287,59.59139564
976,12783,7808,4975,2171,50.92552875
977,9191,6664,2527,2233,49.01703683
978,5660,4118,1542,2631,54.66821342
979,8001,5785,2216,1109,45.206939
980,9095,6844,2251,1970,47.01029311
981,11728,8153,3575,2115,48.55446453
982,10402,6939,3463,1906,48.48666032
983,10702,7993,2709,1696,45.40726301
984,9855,8169,1686,1924,44.21997002
985,9429,6954,2475,1694,45.93502491
986,9210,6423,2787,1730,48.11241765
987,9464,6093,3371,1978,50.45508686
988,11462,7672,3790,1413,47.08250071
989,10924,8371,2553,2026,46.19499007
990,8718,5337,3381,2181,52.07456709
991,13409,8948,4461,1376,46.66370154
992,8997,6896,2101,1119,43.09269272
993,13228,8909,4319,2084,48.21283986
994,7299,5279,2020,2293,50.56128981
995,7254,4889,2365,2428,53.42684555
996,11301,7934,3367,1693,46.73824783
997,11484,8381,3103,2345,47.87524128
998,9010,6867,2143,1550,45.04645383
999,6943,4446,2497,2397,54.60291118
1000,5531,3948,1583,2239,52.70845225
1001,5866,4114,1752,2524,54.92189756
1002,14424,10781,3643,2397,46.1755005
1003,9673,6661,3012,2540,51.35050587
1004,8728,6152,2576,1570,47.47482698
1005,7811,5697,2114,1781,47.93342163
1006,9282,6200,3082,2843,53.71382077
1007,8399,5889,2510,2790,52.99616906
1008,9752,7203,2549,1896,46.37275638
1009,6945,4682,2263,2594,54.04383593
1010,9217,6412,2805,1734,48.11627351
1011,9325,7014,2311,2451,48.7690728
1012,13602,9672,3930,1242,44.67216281
1013,10104,7146,2958,1780,47.18541179
1014,6708,4146,2562,1265,49.58885023
1015,13475,9270,4205,2131,48.19108707
1016,10542,6633,3909,1957,50.36754506
1017,11783,8171,3612,2716,50.58637138
1018,9394,6518,2876,2297,50.34305697
1019,10176,7517,2659,2404,48.35623844
1020,9408,7339,2069,2009,45.45272965
1021,9254,6983,2271,1970,46.8337022
1022,13809,10157,3652,2158,45.98089292
1023,8992,6751,2241,1903,46.84736438
1024,9145,6311,2834,1467,46.99249888
1025,11854,8052,3802,2821,51.07897765
1026,10126,6376,3750,1704,49.09868433
1027,4804,3595,1209,2915,61.11341931
1028,11600,7736,3864,2436,50.73442707
1029,14191,10579,3612,1574,44.13470273
1030,10364,7963,2401,2025,45.88661134
1031,9136,6771,2365,2706,50.34394931
1032,10387,7060,3327,1056,45.35357603
1033,9910,6858,3052,708,43.65855925
1034,9778,6945,2833,2140,48.50163298
1035,10210,7506,2704,1717,45.99761834
1036,12708,7945,4763,1402,47.65937885
1037,9056,6469,2587,1696,47.3055991
1038,11921,8525,3396,1531,45.8478342
1039,10053,6981,3072,2904,52.07543456
1040,10561,6830,3731,2386,50.6490125
1041,10579,7924,2655,799,42.33268454
1042,7555,5356,2199,1216,45.7204962
1043,9542,6819,2723,2067,48.49211758
1044,10351,6222,4129,2082,52.09709863
1045,6871,5148,1723,1964,48.9622457
1046,10136,6976,3160,2651,51.26161431
1047,10390,7522,2868,2214,48.06284574
1048,10701,7279,3422,2575,50.50441168
1049,10786,6659,4127,1194,48.08514967
1050,7210,4994,2216,2013,50.10465151
1051,9419,5948,3471,1621,49.56395414
1052,11380,7434,3946,2582,51.64334641
1053,8192,5185,3007,2567,54.9944911
1054,9990,7868,2122,1369,42.84601061
1055,9552,7006,2546,2250,48.27468169
1056,16691,12037,4654,2299,45.77297739
1057,14899,10760,4139,2425,47.0067902
1058,10649,7250,3399,2861,51.29966485
1059,9278,6018,3260,2387,52.81517022
1060,8238,5990,2248,1931,48.39766723
1061,8373,5801,2572,1869,49.37481779
1062,10620,7267,3353,2007,48.14473665
1063,7798,5033,2765,2359,54.40808789
1064,9385,6668,2717,3078,52.76808035
1065,9682,7268,2414,2330,48.04195155
1066,10892,8121,2771,1357,44.39768269
1067,12774,7653,5121,2720,53.22611751
1068,11581,7382,4199,2237,51.23570861
1069,9004,5769,3235,1639,49.8129812
1070,9820,6704,3116,2960,52.91016957
1071,8008,6053,1955,2372,49.3998081
1072,11850,8607,3243,2307,47.77380104
1073,9872,6731,3141,2228,50.06576565
1074,8656,6319,2337,2083,48.79056274
1075,6872,4839,2033,624,42.60599742
1076,11660,8512,3148,1455,44.85582391
1077,13052,10051,3001,1779,44.98921985
1078,10657,7608,3049,2625,49.37535325
1079,10814,6851,3963,2173,50.88311255
1080,9983,7032,2951,2476,50.02863991
1081,10949,7677,3272,1977,47.56716451
1082,7604,5968,1636,1663,46.04661236
1083,11286,8031,3255,2583,49.38641313
1084,10495,7701,2794,1468,45.20826079
1085,9937,6236,3701,1364,47.86084881
1086,9185,5535,3650,1055,47.76671396
1087,7751,5329,2422,1902,50.06341049
1088,8299,5778,2521,1662,48.65807509
1089,12050,9377,2673,1233,43.38390116
1090,7209,5445,1764,2647,51.57632717
1091,12317,8498,3819,1671,47.1655525
1092,9578,7246,2332,1680,45.45971573
1093,14561,10446,4115,2238,46.45717081
1094,8907,5780,3127,1811,50.5668669
1095,7519,5551,1968,3267,54.68188515
1096,11935,7927,4008,1798,48.83311053
1097,8463,6061,2402,1476,46.80035623
1098,9805,6420,3385,1684,49.05590541
1099,8875,6389,2486,1345,45.85352248
1100,9089,6647,2442,1248,44.81367026
1101,8312,5749,2563,2212,51.32876176
1102,11273,7525,3748,2326,50.24418339
1103,11517,9334,2183,2480,46.13616179
1104,6189,4181,2008,1034,46.23664357
1105,9584,7261,2323,1331,44.08193709
1106,11172,7737,3435,1729,47.21470459
1107,9546,6385,3161,2282,51.29242864
1108,9247,5951,3296,2031,51.46433615
1109,11590,7901,3689,2730,50.9967704
1110,6978,4735,2243,2426,53.01716011
1111,10974,8345,2629,1896,45.96403189
1112,7660,4359,3301,2229,56.04276404
1113,12270,8042,4228,1752,48.48567115
1114,12404,10239,2165,2240,44.63202228
1115,7907,4862,3045,2534,55.23349731
1116,12434,8650,3784,1932,47.52163507
1117,12204,7145,5059,2058,51.75925907
1118,9072,6983,2089,1989,46.46702868
1119,8791,5893,2898,2055,50.92151214
1120,11436,7990,3446,1659,46.53218886
1121,7412,5747,1665,2286,49.47254862
1122,12835,9406,3429,2041,46.20588583
1123,11549,8501,3048,1758,45.71469604
1124,10055,7412,2643,2217,47.29654423
1125,11854,8362,3492,2233,48.53086956
1126,13440,9705,3735,834,43.15039328
1127,9443,6473,2970,1449,46.85319671
1128,9712,7533,2179,1924,45.44644356
1129,7808,6069,1739,1599,45.50721457
1130,10656,8240,2416,2024,45.86423127
1131,10989,7003,3986,1099,47.09613981
1132,11528,8207,3321,935,43.84872257
1133,9151,6573,2578,2395,49.97766079
1134,9493,6740,2753,2046,48.64669166
1135,10655,6468,4187,1251,48.70342613
1136,10594,9131,1463,1398,41.36177358
1137,14144,10250,3894,2384,47.04927407
1138,8005,6262,1743,1901,46.32192504
1139,9003,6650,2353,1400,45.22840107
1140,7847,5110,2737,2760,55.78697397
1141,13247,9568,3679,2017,46.5513472
1142,10256,7144,3112,2551,50.32163733
1143,11460,7717,3743,2527,50.61414763
1144,12036,7668,4368,1921,50.09306656
1145,9931,6968,2963,1631,46.90191401
1146,12173,9552,2621,1332,43.37005472
1147,9058,6025,3033,1910,50.27257134
1148,13837,8730,5107,2010,48.82391452
1149,9029,6303,2726,2209,50.27903887
1150,9750,6685,3065,1931,48.97422569
1151,10059,8128,1931,2236,45.18791394
1152,11275,7669,3606,1985,48.35169085
1153,5377,4183,1194,2553,54.01695323
1154,11039,8775,2264,857,41.26584839
1155,7606,5084,2522,2612,54.45055899
1156,12003,8373,3630,2046,48.25889415
1157,11409,7162,4247,2060,50.83762621
1158,9022,5780,3242,2162,52.06105702
1159,10374,7043,3331,1085,45.59730527
1160,12870,9279,3591,1895,46.16344661
1161,15417,13068,2349,2401,42.59510199
1162,7719,5330,2389,1788,49.72469255
1163,8183,5899,2284,1330,46.18821537
1164,8245,5772,2473,1946,49.66762841
1165,9900,6902,2998,1821,47.72079095
1166,9327,7497,1830,2240,45.59434153
1167,7819,5355,2464,1235,47.1964486
1168,10206,7535,2671,2253,47.96474982
1169,10475,7633,2842,854,43.18845895
1170,10172,6462,3710,1555,48.08603938
1171,9613,6768,2845,1520,46.6360168
1172,9195,6710,2485,1975,47.82545151
1173,11018,7260,3758,1683,48.06358365
1174,10325,7092,3233,2072,49.03454676
1175,13787,10441,3346,1509,43.89547791
1176,10719,7831,2888,2599,49.26164962
1177,7671,5393,2278,2041,49.89808864
1178,9433,7317,2116,955,41.87798552
1179,13784,9526,4258,1545,45.70329515
1180,10682,7488,3194,2136,48.01525538
1181,13451,9327,4124,1194,45.20799816
1182,10742,7366,3376,1702,47.16807703
1183,12628,9551,3077,2393,46.88430689
1184,11273,7921,3352,1283,45.16421238
1185,8647,6075,2572,1932,49.13630628
1186,7369,5345,2024,2076,49.21398381
1187,12226,9222,3004,2156,46.32109028
1188,11441,6752,4689,1856,51.12026114
1189,10868,7622,3246,1327,45.12353432
1190,10837,7908,2929,2134,47.39419513
1191,10169,8125,2044,2161,45.40896184
1192,9487,6558,2929,2499,51.24328684
1193,7322,4170,3152,1993,54.5056922
1194,10886,7160,3726,2162,50.00977031
1195,11355,7625,3730,1840,48.24519221
1196,5022,3517,1505,2246,56.92342671
1197,11119,7638,3481,2926,51.40652236
1198,10377,7940,2437,1380,43.88719906
1199,13563,9751,3812,1451,44.7569003
1200,13694,9622,4072,1671,46.10760493
1201,9668,7481,2187,2783,48.85572951
1202,10820,7242,3578,1206,45.98694116
1203,8948,6008,2940,1834,49.69068135
1204,11493,7516,3977,2651,51.91177915
1205,9924,6413,3511,1773,49.65307906
1206,9977,6929,3048,1700,47.45466772
1207,8240,5313,2927,1867,51.55885116
1208,12939,9114,3825,1946,47.23220704
1209,8021,5518,2503,1764,49.57480095
1210,12382,8022,4360,1738,49.08040628
1211,12559,9771,2788,3316,49.34484131
1212,13383,9833,3550,1316,43.91520613
1213,11042,7582,3460,1240,45.68910264
1214,12135,9112,3023,1499,44.66565644
1215,10375,6813,3562,2253,50.64584276
1216,11470,8027,3443,2199,48.51588273
1217,9665,6872,2793,2232,49.01898174
1218,4728,2813,1915,1613,55.71547865
1219,8905,4339,4566,1981,57.83856466
1220,10043,7356,2687,2262,48.19982339
1221,9560,6789,2771,2342,49.78143277
1222,10143,6418,3725,2347,51.56804244
1223,11669,8042,3627,1968,48.14766818
1224,6445,4787,1658,2180,50.62348668
1225,7969,5118,2851,2126,53.15460592
1226,10056,6472,3584,1570,48.4105848
1227,8229,5695,2534,2373,52.19431849
1228,9476,6235,3241,1524,48.54966846
1229,8400,6541,1859,2089,47.24649845
1230,9568,6496,3072,2023,49.69073689
1231,10292,6867,3425,1679,48.10938143
1232,9986,6853,3133,2171,49.56449446
1233,8315,5748,2567,2146,50.89115662
1234,9251,5745,3506,2947,54.79646585
1235,10702,7488,3214,2252,48.56462695
1236,11462,7550,3912,2278,50.40763635
1237,8949,5487,3462,2061,52.11865216
1238,7281,5074,2207,1765,49.25206283
1239,9819,7051,2768,2014,47.55045486
1240,9744,6768,2976,1347,46.3211214
1241,8512,6138,2374,1916,48.19945973
1242,12082,8388,3694,1686,46.88621888
1243,12242,7628,4614,2394,51.72016946
1244,12102,8521,3581,1940,47.38509046
1245,10115,7556,2559,2367,47.94542561
1246,11074,8023,3051,1434,44.98819892
1247,11015,7971,3044,2603,49.05063692
1248,11944,8222,3722,2089,48.65125054
1249,9545,5217,4328,2004,53.75364511
1250,9111,6440,2671,2301,49.97558023
1251,8526,5694,2832,2191,51.93994621
1252,8641,6114,2527,1680,47.84163113
1253,12484,8390,4094,1600,47.64708881
1254,14634,9864,4770,2430,48.69009241
1255,11816,9375,2441,1205,42.69599434
1256,9582,6443,3139,2054,50.0156254
1257,11075,8601,2474,2083,46.05172426
1258,10027,7991,2036,2368,45.89851814
1259,9631,6688,2943,2726,51.77394149
1260,6824,4602,2222,1952,51.0642562
1261,9384,6065,3319,1663,49.19618441
1262,7345,4947,2398,2266,52.76553301
1263,7214,4620,2594,1802,51.67153093
1264,14272,10732,3540,1685,44.52625048
1265,11244,7647,3597,1448,46.66974294
1266,7854,5662,2192,2358,51.23575083
1267,9309,6516,2793,2444,50.8620072
1268,9364,7286,2078,2293,47.03774695
1269,10522,7767,2755,2160,47.42675949
1270,8723,5573,3150,2162,52.29932076
1271,10749,7333,3416,1907,47.7214275
1272,10495,7346,3149,1649,46.16717655
1273,11101,6589,4512,1887,50.96724072
1274,11212,7338,3874,1863,49.18348087
1275,8515,6000,2515,2094,49.85401941
1276,8865,6529,2336,2449,49.88438855
1277,11003,7260,3743,1701,48.33037512
1278,9732,6451,3281,2170,50.80400141
1279,8119,5569,2550,2026,50.97482326
1280,11168,6907,4261,1975,50.96671918
1281,7400,5353,2047,2107,49.52337076
1282,8394,5568,2826,2447,53.44558571
1283,11537,7994,3543,2767,50.61115014
1284,11707,7994,3713,1691,47.63742645
1285,14600,10146,4454,2360,48.01577329
1286,8373,5659,2714,1561,48.79897096
1287,9430,7409,2021,1519,43.84037052
1288,13821,9703,4118,1780,46.45459294
1289,9313,6199,3114,2356,51.79706438
1290,10156,7743,2413,1676,44.76690151
1291,9939,7606,2333,2005,46.09961703
1292,10085,6197,3888,1374,48.29631445
1293,12013,8823,3190,2636,48.56634353
1294,10108,7875,2233,1879,44.77564662
1295,5825,3844,1981,1100,47.41560312
1296,8675,5781,2894,1931,50.75227116
1297,11070,7565,3505,2415,49.59293534
1298,9907,7157,2750,1637,45.6834701
1299,10671,8186,2485,2259,46.65584375
1300,8939,5699,3240,918,46.13979541
1301,6830,5200,1630,1930,48.46168033
1302,11992,7251,4741,1101,48.13511732
1303,9014,5859,3155,1475,48.89356084
1304,8933,6290,2643,1153,45.62167143
1305,11465,7906,3559,1855,47.22303859
1306,8367,6171,2196,2162,49.07365155
1307,9952,6864,3088,1706,47.81935916
1308,14999,9327,5672,2306,49.62986125
1309,7682,4787,2895,2030,53.27066499
1310,6162,4595,1567,2395,52.66131598
1311,6889,4957,1932,2512,51.77894177
1312,10237,6620,3617,2312,51.16784685
1313,10441,7382,3059,2035,47.52637438
1314,10487,7998,2489,1673,45.00205202
1315,9766,5596,4170,1960,52.65095723
1316,10362,7957,2405,2056,46.02763112
1317,9755,6856,2899,1645,47.11564591
1318,11031,8082,2949,2711,49.24455589
1319,9324,6610,2714,1872,48.17729692
1320,7762,5246,2516,2647,54.20578428
1321,10407,7078,3329,2368,49.55681342
1322,9581,6628,2953,1438,46.7422676
1323,10451,7868,2583,1140,43.27134614
1324,11261,7639,3622,1396,46.55644104
1325,8793,6544,2249,2095,48.20111812
1326,11400,7935,3465,1695,47.00854048
1327,9754,7311,2443,2523,48.55679214
1328,10848,8529,2319,2341,46.51219222
1329,12231,9727,2504,1888,44.76741351
1330,9169,6419,2750,1666,47.58100286
1331,9906,6170,3736,2154,51.26081067
1332,9297,7063,2234,1974,46.65222016
1333,11382,8199,3183,1957,46.90995027
1334,11936,8526,3410,2634,49.29065695
1335,11227,8057,3170,2240,47.72182183
1336,11634,8328,3306,1375,45.14628287
1337,9654,6777,2877,2323,49.75171521
1338,9949,7489,2460,2555,48.41396001
1339,11546,8363,3183,1418,45.07989222
1340,9848,6019,3829,2465,52.79250787
1341,11168,7777,3391,1475,46.09613168
1342,11349,8215,3134,2166,47.49495814
1343,7220,5580,1640,2104,49.12831866
1344,8796,5320,3476,1401,49.33708186
1345,13497,9875,3622,1810,45.27893396
1346,9758,6318,3440,1961,50.47939544
1347,9920,5994,3926,2062,51.61463046
1348,10609,6391,4218,2795,54.75423193
1349,8000,5316,2684,1420,49.07536013
1350,10986,8054,2932,1630,45.74458508
1351,11057,8024,3033,2901,49.75314656
1352,10131,6870,3261,1834,48.57776854
1353,6477,4820,1657,2340,51.52768503
1354,9910,6429,3481,3077,54.86941355
1355,10396,6075,4321,1798,51.47021799
1356,9312,6539,2773,1992,48.92903116
1357,11611,8023,3588,1638,47.02054493
1358,10383,7513,2870,2283,48.33091281
1359,7464,4561,2903,2810,57.59801649
1360,9980,5689,4291,1930,52.53717257
1361,11442,8739,2703,1549,44.58760728
1362,12107,9065,3042,2035,46.366734
1363,9154,5666,3488,1726,50.41566922
1364,11660,8291,3369,3152,51.10629388
1365,6806,5066,1740,1869,48.57549187
1366,11036,6777,4259,1930,51.00457979
1367,12206,7758,4448,1615,48.96159071
1368,6217,4782,1435,2350,52.18453064
1369,10457,7260,3197,2145,48.03213863
1370,5266,3635,1631,2598,56.50291615
1371,8427,5219,3208,2070,52.84471719
1372,9394,7628,1766,2819,48.02496088
1373,9729,6632,3097,1697,48.2343956
1374,6555,4915,1640,2303,51.13357114
1375,10590,6769,3821,2331,51.4112171
1376,9639,7300,2339,2248,47.46549603
1377,11067,8099,2968,1608,45.33342328
1378,12082,8470,3612,1771,47.20113955
1379,9021,6131,2890,1719,48.78996046
1380,10350,8160,2190,2450,46.71193684
1381,7123,4762,2361,2343,52.99753266
1382,4527,3463,1064,1582,51.43497061
1383,11086,7587,3499,2746,51.0114256
1384,11733,8853,2880,914,42.78679463
1385,12220,8435,3785,2532,50.017868
1386,13228,9495,3733,2653,48.26775118
1387,8740,5835,2905,1906,50.36797835
1388,7578,5638,1940,1536,46.38864204
1389,6262,4416,1846,2035,51.21576243
1390,7970,5905,2065,1666,47.20515086
1391,7101,4523,2578,2540,55.44234277
1392,11917,8437,3480,2310,48.60669092
1393,8335,5832,2503,2209,50.95639949
1394,7806,5686,2120,2202,49.30347971
1395,8308,5437,2871,1921,51.50081759
1396,10863,6565,4298,1279,48.5645971
1397,12117,8450,3667,2304,48.81144222
1398,12837,9249,3588,2164,47.29128611
1399,13791,10314,3477,1370,43.84013165
1400,8535,5498,3037,2038,51.91234113
1401,11272,8375,2897,2299,47.74320055
1402,12500,7651,4849,2263,51.49230743
1403,6058,3919,2139,2598,57.6079622
1404,11789,7274,4515,1216,48.10077435
1405,9432,5185,4247,2138,54.25905324
1406,8723,6268,2455,2290,49.80287201
1407,13657,9371,4286,1720,46.88624029
1408,9168,7039,2129,2380,47.91283453
1409,9933,7607,2326,1932,45.5175638
1410,11403,7029,4374,2520,52.76418622
1411,7138,4973,2165,2379,52.05356965
1412,6519,4424,2095,1644,49.55325119
1413,6365,4511,1854,1828,49.17086073
1414,9717,6389,3328,1893,49.85785037
1415,8814,6391,2423,2464,50.24494284
1416,9536,6563,2973,2850,52.75741437
1417,11062,7797,3265,1664,46.38331054
1418,10635,7134,3501,1996,48.47083146
1419,11484,9020,2464,2037,45.53268308
1420,8636,6549,2087,1551,45.51621595
1421,9057,6886,2171,2280,48.0779065
1422,11259,7512,3747,1964,49.04093847
1423,6689,5053,1636,887,42.81576385
1424,11521,7440,4081,1919,49.89843172
1425,10597,7492,3105,2136,47.61612675
1426,10655,8359,2296,2922,48.00512725
1427,10539,7897,2642,3016,50.22634631
1428,13038,9718,3320,3003,48.58646718
1429,9998,5995,4003,1729,50.5509927
1430,10357,7155,3202,2195,49.32790124
1431,10558,6907,3651,693,44.58906806
1432,9762,7049,2713,2106,47.90173238
1433,11627,7602,4025,1630,48.27554217
1434,9124,6460,2664,2734,51.92891012
1435,11213,8243,2970,1729,45.81720314
1436,5482,3615,1867,1915,52.50635894
1437,7371,5190,2181,943,44.67304044
1438,9752,6308,3444,1863,49.82962785
1439,7798,4757,3041,2178,54.10798343
1440,10618,7457,3161,2060,47.4509665
1441,10163,6500,3663,1930,49.66698937
1442,12314,8819,3495,2596,48.98808629
1443,7596,4895,2701,2203,53.52743024
1444,8401,6234,2167,1691,46.72195832
1445,8655,5933,2722,2066,50.55875368
1446,12485,8680,3805,2153,48.44838136
1447,10557,6691,3866,1852,49.71357503
1448,10930,6673,4257,2342,52.71588962
1449,10668,7233,3435,1561,46.9569582
1450,12125,8302,3823,2097,48.61462927
1451,12160,8648,3512,913,44.01717828
1452,14021,8884,5137,1755,48.7148479
1453,10615,8160,2455,2049,46.15860883
1454,6641,4091,2550,3330,61.69173777
1455,10897,7052,3845,2069,50.17587893
1456,10542,8144,2398,1603,44.3227185
1457,10111,7846,2265,2542,47.36454008
1458,8292,5841,2451,1533,47.49979457
1459,12351,7672,4679,2065,50.444139
1460,11309,8239,3070,2470,48.21367416
1461,9388,6493,2895,3082,53.71660906
1462,10308,7380,2928,2640,49.79256103
1463,12000,8690,3310,1328,44.9391742
1464,6736,4461,2275,2468,54.24728786
1465,9225,5856,3369,1907,50.90141918
1466,8354,6190,2164,2376,49.77548528
1467,10146,7005,3141,2583,50.95210989
1468,7615,5370,2245,1696,48.39130833
1469,12615,9161,3454,2152,47.16104315
1470,9089,6602,2487,1809,47.1643988
1471,8520,5674,2846,1538,49.13429074
1472,10717,7323,3394,2053,48.42939205
1473,8393,5247,3146,3036,57.32875607
1474,12701,8115,4586,1252,47.50649941
1475,6527,4652,1875,2413,52.35137662
1476,10237,6885,3352,2164,49.98811918
1477,7743,6200,1543,2610,49.37883932
1478,10253,7745,2508,2927,49.53862064
1479,10392,7525,2867,2173,47.80728668
1480,12764,9144,3620,2270,47.68036885
1481,11531,8455,3076,1347,44.46777781
1482,6585,5009,1576,2791,53.71963827
1483,7403,5392,2011,1581,46.61981891
1484,5605,3885,1720,1689,49.67530421
1485,13752,9639,4113,1841,46.62065926
1486,12137,7951,4186,2247,50.64798687
1487,11580,7430,4150,1886,49.98002143
1488,7594,5117,2477,2453,53.43096521
1489,11835,7617,4218,1439,48.08433542
1490,8048,5253,2795,2079,52.71085998
1491,8830,6380,2450,1685,47.08702792
1492,8530,6012,2518,2148,50.05245914
1493,6448,4035,2413,2462,56.81913532
1494,9529,6974,2555,2626,49.90125004
1495,5074,3150,1924,1522,52.77445668
1496,7664,5491,2173,1958,49.19287278
1497,9016,6687,2329,1760,46.59277282
1498,9905,7601,2304,3619,51.62565723
1499,13696,8610,5086,1815,49.12361684
1500,12563,9008,3555,1647,45.76074435
1501,9412,6930,2482,1553,45.60790722
1502,10996,7825,3171,2683,49.58392602
1503,9003,6196,2807,2204,50.66429932
1504,9901,6339,3562,2866,54.2302598
1505,8266,6111,2155,1653,46.84924064
1506,9511,6447,3064,1888,49.2485074
1507,5750,3493,2257,1894,54.97473955
1508,10883,6977,3906,2514,51.96629384
1509,11643,8397,3246,2326,48.03474771
1510,8353,5539,2814,2195,52.29245576
1511,10991,8210,2781,2371,48.10008275
1512,14837,9243,5594,2460,50.37312116
1513,10976,7507,3469,2535,50.1441646
1514,9029,6968,2061,1287,43.55808471
1515,9932,7779,2153,1576,43.9106753
1516,10694,7746,2948,2262,48.14668772
1517,9882,7115,2767,2705,50.28084744
1518,8123,5206,2917,2189,53.304915
1519,11658,8816,2842,2898,49.38169249
1520,13038,8873,4165,1703,46.71778333
1521,10626,6704,3922,3231,54.73137228
1522,8327,5692,2635,1385,47.84654644
1523,9051,6371,2680,1876,48.4381409
1524,14409,10467,3942,1613,44.80586107
1525,10078,7916,2162,2777,48.05866383
1526,9628,6613,3015,1293,46.47218477
1527,10008,7260,2748,1639,45.82306602
1528,13301,9702,3599,2009,46.13100417
1529,13202,10014,3188,1515,44.21467104
1530,13434,9110,4324,2325,49.18841473
1531,9361,6599,2762,1746,47.49216692
1532,10795,6879,3916,1711,49.20259471
1533,10811,6964,3847,1339,47.61297852
1534,9600,7220,2380,2272,47.57137563
1535,7608,5341,2267,1788,48.98074032
1536,9842,6554,3288,2056,50.17754546
1537,8036,5252,2784,2787,56.10951281
1538,8426,5710,2716,1547,48.68429515
1539,12658,8494,4164,1825,48.31681879
1540,10377,7891,2486,2285,47.26803461
1541,6051,4058,1993,2076,53.23345037
1542,12337,8399,3938,2418,49.75281733
1543,9617,6718,2899,2162,49.45283787
1544,13161,8533,4628,2377,50.62646491
1545,10228,7827,2401,1867,45.53016264
1546,9069,5872,3197,2746,54.60339361
1547,9425,6650,2775,1837,48.06640822
1548,9189,6542,2647,1279,45.41702714
1549,8746,6099,2647,2380,51.26327402
1550,10217,6544,3673,1485,47.56193821
1551,10276,7692,2584,1953,46.17614071
1552,8397,6562,1835,1687,45.34066359
1553,12074,7345,4729,1660,49.65324124
1554,10995,7854,3141,2866,50.02508461
1555,10741,8049,2692,1662,45.53195914
1556,13063,9195,3868,2387,48.47463924
1557,11233,7337,3896,2741,52.28263664
1558,9073,6192,2881,1127,46.23714019
1559,8347,6023,2324,2007,49.01639963
1560,12235,7782,4453,1782,49.46195908
1561,12854,8399,4455,1622,48.35064368
1562,11289,7674,3615,1957,48.52289535
1563,8225,5774,2451,1642,48.36344486
1564,8620,5818,2802,1662,49.15060218
1565,10890,7489,3401,896,44.22436163
1566,7928,5442,2486,2411,52.37714993
1567,6558,5753,805,2594,48.73279912
1568,10860,6941,3919,2977,53.50578659
1569,10829,8822,2007,2300,45.29890652
1570,8970,5571,3399,2267,52.99543262
1571,9654,7332,2322,1740,45.44032461
1572,6852,4892,1960,1716,47.97411901
1573,5993,4214,1779,2714,55.69839452
1574,9149,6487,2662,1503,46.72032236
1575,10967,7288,3679,1898,48.38273974
1576,8628,5657,2971,2079,51.5917982
1577,7922,4980,2942,1960,52.51997297
1578,10257,6589,3668,2150,50.01563152
1579,9133,5804,3329,2279,52.3923611
1580,8384,5990,2394,1667,47.25090612
1581,9137,6664,2473,2552,49.73400085
1582,8723,6055,2668,2417,51.58234842
1583,11724,8076,3648,2415,49.75621205
1584,6829,4344,2485,1652,51.13498125
1585,10948,7382,3566,1379,46.609359
1586,11414,7756,3658,2598,50.74343645
1587,7043,4786,2257,3035,55.88948201
1588,13820,10194,3626,2083,45.73093982
1589,9571,7175,2396,2159,47.49663082
1590,9251,6359,2892,1892,49.00184382
1591,9524,6624,2900,1803,48.11071703
1592,7872,4748,3124,1575,51.04611322
1593,5128,3436,1692,2188,57.82819974
1594,9058,6164,2894,1545,48.06582763
1595,10417,7831,2586,2349,47.80180617
1596,9188,6744,2444,2558,49.93963774
1597,9955,6446,3509,2422,52.33363132
1598,9150,6055,3095,2370,52.05886281
1599,12747,8568,4179,1337,46.39552788
1600,4929,3724,1205,1662,51.37078927
1601,8265,6102,2163,1782,47.30147978
1602,8900,5849,3051,1252,47.82258494
1603,13459,8925,4534,1526,47.38773715
1604,11653,8474,3179,1200,44.19219891
1605,9994,7219,2775,2113,47.80762955
1606,9599,7167,2432,2043,47.06835716
1607,11431,8470,2961,1626,45.30880023
1608,9170,5885,3285,2642,53.69271956
1609,7828,4919,2909,1595,51.04011664
1610,10007,7110,2897,959,43.70358787
1611,10384,7150,3234,2687,51.04714194
1612,8885,5917,2968,1685,49.46572082
1613,6563,4024,2539,1705,52.40031662
1614,13468,9208,4260,2226,48.43712341
1615,8889,6538,2351,1786,47.0474394
1616,9940,7762,2178,1957,45.30589285
1617,9781,6497,3284,2443,51.8137347
1618,14525,10541,3984,1942,45.52366758
1619,10639,7072,3567,2030,49.23142833
1620,10350,7047,3303,1264,45.94968304
1621,11499,8108,3391,2636,49.82522489
1622,10009,7598,2411,2243,46.84164614
1623,10801,7321,3480,1920,48.17090229
1624,10427,7643,2784,2641,49.49975005
1625,11353,8055,3298,1943,46.97652379
1626,10171,6961,3210,1955,48.73724165
1627,13030,8814,4216,2210,48.96799498
1628,9526,6869,2657,2023,48.0863257
1629,9474,6802,2672,1427,45.76428748
1630,8563,6597,1966,2252,48.02799538
1631,10854,7092,3762,2659,51.84857867
1632,8911,6181,2730,1967,49.10985451
1633,8683,5517,3166,2729,55.01847569
1634,11311,7787,3524,2160,48.72354582
1635,10430,7561,2869,2298,48.47922088
1636,9202,7675,1527,2551,47.32907646
1637,9764,6662,3102,985,45.13197234
1638,9423,6752,2671,2615,50.75638262
1639,13088,9567,3521,2789,48.34655774
1640,11568,8354,3214,2198,47.65380011
1641,10452,7243,3209,2177,48.58035605
1642,9292,6392,2900,1753,48.47541319
1643,9170,6177,2993,1380,47.49362003
1644,9583,7387,2196,1474,44.11275277
1645,11335,7272,4063,2539,52.15147737
1646,10662,8094,2568,2107,46.62211279
1647,9043,6861,2182,1981,46.84012067
1648,11056,7176,3880,1737,48.63647214
1649,7789,5974,1815,1919,47.69810491
1650,7067,5006,2061,1943,48.93276142
1651,6497,4310,2187,1994,52.340445
1652,10226,7132,3094,2853,51.53503877
1653,13685,9464,4221,1893,47.06029704
1654,8501,5877,2624,1971,49.77585469
1655,8071,5630,2441,2332,51.8057499
1656,7854,5658,2196,1582,47.41746487
1657,8749,6913,1836,2892,49.2642741
1658,9928,5976,3952,2344,52.70494467
1659,10056,6947,3109,2029,48.8578757
1660,13062,9172,3890,1895,47.11445266
1661,9957,7323,2634,2778,49.73199083
1662,12336,8853,3483,2504,48.51757307
1663,9504,6136,3368,1939,50.35173308
1664,10153,6607,3546,1857,49.71560798
1665,11553,8284,3269,2052,47.426954
1666,6895,4701,2194,1596,48.71524192
1667,6817,5189,1628,1546,46.88830657
1668,8892,6479,2413,2283,49.48881846
1669,10770,8375,2395,2405,47.00884264
1670,6138,3927,2211,2119,54.94850854
1671,7844,5808,2036,1534,46.44922104
1672,9170,7928,1242,1455,42.14529632
1673,9275,5936,3339,2446,52.33873767
1674,12485,8528,3957,2313,49.4579344
1675,9784,6874,2910,2395,49.68290447
1676,10232,6738,3494,1643,48.60110314
1677,15722,11744,3978,2209,45.32958368
1678,13734,9898,3836,1780,45.71663364
1679,10808,8331,2477,1928,45.53774782
1680,12838,8093,4745,2100,50.17418067
1681,9337,6308,3029,1801,48.95442393
1682,11740,8367,3373,1967,47.27306206
1683,13643,8529,5114,1222,47.01725652
1684,7438,5016,2422,1594,48.88314697
1685,9814,6632,3182,2306,50.77001291
1686,13901,9685,4216,1616,46.20507899
1687,11790,7338,4452,2426,52.19726012
1688,9922,7310,2612,924,43.00729486
1689,10386,6710,3676,2070,49.82618947
1690,6964,4805,2159,1744,49.22829861
1691,9354,7173,2181,2900,49.89724895
1692,7496,5628,1868,1168,44.05817622
1693,6495,4476,2019,1998,51.24609213
1694,9002,6955,2047,1517,44.62993264
1695,8825,5846,2979,1515,48.91579883
1696,12210,8955,3255,1780,45.70416402
1697,10323,6331,3992,1840,50.51454293
1698,6937,4896,2041,2228,51.07724049
1699,7008,5239,1769,2534,51.36050093
1700,8115,5493,2622,1560,49.13819945
1701,10152,6422,3730,1987,50.04033858
1702,6666,4711,1955,2118,50.62943697
1703,13174,8232,4942,2321,50.94152784
1704,10043,6660,3383,2254,50.8040087
1705,9452,6702,2750,1249,45.40359412
1706,10138,7285,2853,1612,46.06986788
1707,7154,4768,2386,1818,50.72828035
1708,7977,4834,3143,2557,55.9016058
1709,7267,5011,2256,2379,52.33707961
1710,12178,8157,4021,2638,51.24895633
1711,9763,7050,2713,2038,47.6019324
1712,9740,6873,2867,1851,47.83774732
1713,8010,5976,2034,2886,52.14292191
1714,11127,8100,3027,2265,47.84557728
1715,10915,8341,2574,2111,46.43154023
1716,10266,6952,3314,2458,50.79345921
1717,10754,7928,2826,2240,47.8330691
1718,11061,7796,3265,1794,46.79385055
1719,11535,8528,3007,1501,44.91324357
1720,7197,5591,1606,2260,49.66676199
1721,10646,7208,3438,2343,49.85504355
1722,9776,7740,2036,1917,44.93548253
1723,12000,9577,2423,1918,44.7075284
1724,11023,8107,2916,2383,48.28212207
1725,11242,8601,2641,2064,46.42818531
1726,12059,8242,3817,2382,49.55044612
1727,9819,6515,3304,1801,49.34936807
1728,8482,5696,2786,3212,56.45106357
1729,6496,5056,1440,1409,46.18134633
1730,9175,6076,3099,1942,50.50907478
1731,10659,7879,2780,1734,46.13993383
1732,8880,6111,2769,2256,50.86766763
1733,8854,5928,2926,2227,51.66414704
1734,11345,8120,3225,2385,48.25601969
1735,10359,6883,3476,1809,48.96152122
1736,6882,4856,2026,2001,49.81906173
1737,7891,6324,1567,1306,43.560505
1738,10348,7408,2940,1894,47.15715125
1739,14320,9619,4701,1828,47.48633811
1740,10402,7437,2965,2046,47.65519547
1741,10414,7042,3372,792,44.01967662
1742,12026,7961,4065,1350,47.39754
1743,12880,8555,4325,1739,48.25838314
1744,11512,8195,3317,2350,48.59010855
1745,11292,7423,3869,2202,50.29288205
1746,11309,7305,4004,1610,48.3586376
1747,8452,6314,2138,1650,46.27704656
1748,11347,7869,3478,2593,50.1534527
1749,9771,7323,2448,936,42.34556164
1750,9236,6088,3148,2285,51.92142413
1751,8557,5638,2919,2764,54.6843329
1752,9342,5788,3554,2649,54.31131658
1753,14075,9811,4264,2700,49.08574095
1754,8122,6331,1791,2710,49.57825602
1755,8642,5933,2709,3016,54.67029841
1756,9932,7154,2778,2035,47.79808948
1757,10222,7403,2819,1561,45.91015866
1758,8520,5832,2688,2368,52.10753777
1759,11893,8040,3853,2664,50.86311185
1760,7179,4994,2185,1761,48.68939935
1761,10762,8572,2190,943,41.41320061
1762,7157,5159,1998,1899,48.48090826
1763,8318,6103,2215,2772,52.07952376
1764,10636,7811,2825,1256,44.5209073
1765,11712,8067,3645,2887,51.23258163
1766,9876,6930,2946,1603,46.74690189
1767,13385,9796,3589,2102,45.94225538
1768,10521,7311,3210,2881,50.90655565
1769,10821,7201,3620,2487,50.81692499
1770,7482,5985,1497,1758,46.04818493
1771,11020,8001,3019,447,41.59972358
1772,8843,7302,1541,1132,42.33927174
1773,8972,7309,1663,2476,47.34974438
1774,12932,9036,3896,2576,49.27716977
1775,6217,4782,1435,2113,50.83341368
1776,10680,7314,3366,1517,46.4155817
1777,7272,4504,2768,2049,53.75871563
1778,10548,7324,3224,1669,46.50085733
1779,10368,6989,3379,1242,46.40725895
1780,11170,7516,3654,1148,45.8583473
1781,14470,10505,3965,2303,46.30768878
1782,8557,5711,2846,2089,51.55543366
1783,9272,6802,2470,1799,46.50673681
1784,11398,8297,3101,2583,48.63729323
1785,8170,5051,3119,3144,58.18522353
1786,10465,7818,2647,2402,47.93520986
1787,11030,8380,2650,1493,44.65468803
1788,6489,4257,2232,3363,60.68269021
1789,10446,7709,2737,2291,48.08221365
1790,12572,9253,3319,1638,45.16727636
1791,8874,7204,1670,1941,45.40089371
1792,11999,8778,3221,1779,46.01599374
1793,9397,6059,3338,1776,49.97917741
1794,9261,6757,2504,2126,48.21613883
1795,9752,5736,4016,988,47.89010652
1796,10501,7437,3064,2134,47.87229888
1797,5634,3779,1855,1478,49.52622327
1798,9438,7279,2159,2569,48.4201104
1799,6028,4367,1661,1825,49.47127138
1800,8644,6387,2257,1881,47.35343433
1801,9648,6347,3301,2837,53.9149894
1802,11488,8134,3354,2246,48.30303941
1803,13727,11498,2229,1895,42.74256219
1804,7438,5446,1992,1571,46.67462189
1805,12326,8705,3621,1434,45.84378075
1806,11490,7879,3611,1912,48.14130513
1807,10180,6571,3609,1922,50.1031478
1808,11757,9102,2655,1837,45.18331099
1809,9168,5507,3661,2186,52.55277685
1810,11814,8689,3125,1694,45.40791679
1811,14663,10408,4255,2301,47.24924792
1812,9978,6481,3497,2242,51.46421064
1813,8364,5663,2701,2545,53.44619424
1814,8844,6092,2752,1901,49.39531872
1815,6502,4857,1645,1778,48.39114386
1816,16331,10980,5351,1870,46.87639853
1817,11687,8996,2691,2622,47.82135318
1818,10669,7596,3073,2607,49.37087407
1819,10596,6912,3684,1728,48.53106845
1820,12734,9692,3042,1545,44.57217459
1821,11082,7184,3898,2606,52.05416119
1822,11513,7548,3965,1945,49.37108862
1823,9573,6771,2802,2557,50.69389056
1824,9082,5957,3125,1820,50.19860917
1825,9280,6981,2299,1494,44.97731838
1826,6151,4442,1709,2531,53.61327679
1827,7500,5645,1855,1844,47.39574149
1828,9346,6220,3126,1277,47.42042316
1829,7940,5412,2528,1061,46.58406729
1830,11940,8219,3721,1953,47.97974232
1831,7926,4890,3036,1725,51.75824778
1832,9733,6342,3391,1608,48.77886242
1833,14283,10039,4244,1985,46.85605459
1834,10961,8226,2735,1952,46.46781182
1835,11322,8558,2764,2068,46.71232318
1836,11166,8411,2755,802,42.58633152
1837,10667,8496,2171,2152,45.38245602
1838,9744,6757,2987,2014,48.8009544
1839,11936,8336,3600,1062,44.93375464
1840,7253,4944,2309,1961,50.79480719
1841,11013,7972,3041,1943,46.86304998
1842,8730,5688,3042,1760,50.34011046
1843,8725,6264,2461,1218,45.37107073
1844,6729,5161,1568,2748,53.23093402
1845,10824,7156,3668,1674,47.96106673
1846,8473,6314,2159,2079,48.40022274
1847,13239,9831,3408,2248,46.49334915
1848,6753,4350,2403,1804,51.70291491
1849,11643,7493,4150,1450,48.23307533
1850,9129,6231,2898,1865,49.36302054
1851,10306,7225,3081,2331,49.37853627
1852,11235,7357,3878,1997,49.66595538
1853,13259,9245,4014,2759,49.53634145
1854,12308,8308,4000,1397,46.91357199
1855,10903,8028,2875,1759,45.62365648
1856,7615,5046,2569,2040,51.75609406
1857,12147,9179,2968,1727,45.20646823
1858,9848,7401,2447,1328,44.1432644
1859,10894,7537,3357,1511,46.35350288
1860,7615,4986,2629,2673,55.17698025
1861,8987,5714,3273,2804,55.16424167
1862,8777,6251,2526,1324,46.09314095
1863,12586,9294,3292,1892,45.68041176
1864,8808,6730,2078,2277,48.15555083
1865,12504,8578,3926,1216,45.77119366
1866,7998,6111,1887,1577,45.91241799
1867,11135,8150,2985,2113,47.25010486
1868,13455,8289,5166,1389,48.09941981
1869,12952,9506,3446,1764,45.55156227
1870,9481,6701,2780,2731,51.39491318
1871,8622,6063,2559,1622,47.89801437
1872,9438,7223,2215,1897,45.85244363
1873,8428,5835,2593,805,44.61693358
1874,9836,6780,3056,2639,51.54257577
1875,6889,5313,1576,1111,44.15925567
1876,7875,5222,2653,2161,52.48681778
1877,10513,7123,3390,2285,49.60333914
1878,9665,5977,3688,2237,51.62530999
1879,8544,5999,2545,1355,46.42908958
1880,12861,9330,3531,2211,47.2393237
1881,7688,5642,2046,1791,48.01160802
1882,12824,8939,3885,1250,45.45977895
1883,7832,5405,2427,1322,47.48198004
1884,12599,7836,4763,1437,48.40662664
1885,11310,8407,2903,1954,46.59084864
1886,14386,9505,4881,1835,48.09227447
1887,9808,6718,3090,2627,51.70563336
1888,11039,6428,4611,2118,51.52308059
1889,9182,6709,2473,1506,45.89347901
1890,8838,6662,2176,2345,48.80535874
1891,9082,6381,2701,1550,47.11705762
1892,13432,9352,4080,2230,48.1417182
1893,9684,7008,2676,1545,46.01128592
1894,9462,7359,2103,2450,47.69831765
1895,11482,8800,2682,2050,46.21237093
1896,8802,6252,2550,2393,50.66119445
1897,7684,5448,2236,1524,47.69372225
1898,11153,7328,3825,2364,50.76087742
1899,11729,8858,2871,3044,49.77710496
1900,11292,8176,3116,1600,45.58583703
1901,8735,6117,2618,2563,52.02109524
1902,10420,6586,3834,1476,48.25274823
1903,6535,4247,2288,1761,51.60612848
1904,6380,4258,2122,2334,54.46395508
1905,12380,9192,3188,2074,46.40548079
1906,5723,4203,1520,1721,49.57749743
1907,7287,5045,2242,1743,49.25397885
1908,8892,6407,2485,1936,48.23016882
1909,8508,5928,2580,2128,50.21421187
1910,9290,6063,3227,2204,51.35128682
1911,7833,6068,1765,2879,51.1665473
1912,8720,6060,2660,2297,50.78700845
1913,7380,5057,2323,1530,48.38840126
1914,7093,5016,2077,2155,50.5281701
1915,8905,6027,2878,2457,52.25673648
1916,8226,5668,2558,2649,53.31479042
1917,11343,7897,3446,1073,44.81892421
1918,12346,7785,4561,2344,51.39044749
1919,10602,6740,3862,1477,48.16650934
1920,9542,7755,1787,2633,47.61396015
1921,6685,4807,1878,2594,52.41710375
1922,10551,6433,4118,1789,50.50439759
1923,5903,4123,1780,1568,48.98495883
1924,9927,7139,2788,2277,48.59921287
1925,11831,8544,3287,1637,45.96312209
1926,10273,6252,4021,2136,51.82944445
1927,11687,7890,3797,1455,47.12172659
1928,8418,5656,2762,1310,47.91238174
1929,8041,5134,2907,1625,50.81140599
1930,10734,7979,2755,2126,47.21061191
1931,10065,8523,1542,2942,47.16721429
1932,8624,6105,2519,2546,51.30803267
1933,13648,8815,4833,1825,48.43968239
1934,13407,9747,3660,2446,47.40430395
1935,14931,10999,3932,2022,45.40524649
1936,9757,6849,2908,2536,50.62390094
1937,9216,6276,2940,1446,47.50014142
1938,10493,7115,3378,1666,47.30995604
1939,8272,5846,2426,1148,45.90266508
1940,9532,7702,1830,2789,47.79620297
1941,9255,7041,2214,2514,48.60265138
1942,11763,7147,4616,1198,48.21581547
1943,7107,4876,2231,3027,55.51497949
1944,11915,8365,3550,1568,46.46922194
1945,11887,8244,3643,2253,49.08034372
1946,9599,6186,3413,578,44.73324438
1947,9440,7303,2137,3030,50.06821868
1948,9241,6580,2661,1486,46.53078419
1949,11522,8187,3335,1527,45.90174924
1950,9168,6227,2941,2420,51.64013163
1951,8846,6346,2500,1296,45.75831546
1952,10180,7465,2715,1905,46.72245403
1953,13020,8951,4069,2121,48.39244425
1954,10328,7420,2908,1433,45.42941294
1955,10006,6865,3141,1705,47.88408942
1956,9098,6599,2499,1340,45.3670373
1957,7957,5372,2585,3030,55.90747424
1958,10373,6901,3472,2258,50.0268193
1959,11132,7659,3473,2375,49.58897067
1960,5331,3271,2060,1308,50.60395136
1961,11496,7593,3903,1754,48.63821464
1962,9739,6301,3438,1377,48.01001515
1963,9145,6418,2727,1434,46.74514637
1964,11608,8752,2856,1861,46.08964357
1965,7637,4823,2814,1773,52.13598087
1966,8256,5851,2405,2155,50.16395776
1967,5482,4020,1462,2005,51.9225105
1968,8995,5636,3359,1592,49.6354613
1969,9390,6740,2650,2423,49.82446541
1970,11198,7567,3631,1301,46.38922975
1971,11352,8002,3350,2440,49.02254125
1972,11464,8246,3218,2493,48.26496171
1973,10787,8193,2594,1341,43.95645586
1974,7841,5265,2576,1319,47.76922914
1975,9827,6847,2980,1501,46.81146375
1976,11056,7326,3730,2888,52.47537221
1977,7380,5129,2251,2471,52.47608043
1978,8377,5750,2627,2200,51.40901404
1979,5679,4053,1626,2045,50.99464287
1980,8341,5750,2591,2440,52.27540507
1981,10199,7073,3126,1587,47.03755246
1982,12660,9370,3290,1146,43.14262179
1983,9369,6273,3096,1581,48.4209818
1984,10442,6972,3470,2102,49.14516266
1985,8993,6473,2520,2454,50.24715218
1986,7203,5075,2128,1743,48.43578372
1987,8434,5481,2953,2126,52.59699532
1988,8003,5748,2255,2176,50.44849678
1989,9306,6446,2860,1967,49.21484568
1990,6913,4721,2192,2259,51.93416797
1991,12140,9054,3086,1636,44.61660598
1992,13496,10212,3284,1998,45.38226638
1993,7405,5501,1904,2324,49.94052347
1994,6037,4393,1644,1398,47.01479743
1995,11133,7952,3181,1249,44.58480932
1996,13339,9726,3613,2251,46.64203577
1997,10730,8598,2132,2443,46.29921881
1998,9163,6770,2393,2138,48.08811658
1999,9009,6417,2592,1759,47.80975346
2000,9803,7149,2654,1830,46.55818688
2001,12868,9536,3332,1577,44.77529352
2002,7534,5165,2369,1795,49.45737483
2003,11027,7996,3031,2114,47.33673298
2004,7838,5495,2343,2608,53.25034905
2005,9414,6675,2739,1287,45.57242732
2006,13387,9660,3727,2431,47.59706584
2007,7797,5941,1856,2167,48.26016538
2008,11586,8600,2986,2167,46.96426248
2009,9298,6729,2569,2486,49.84955058
2010,11503,7809,3694,1517,47.11852488
2011,13539,10713,2826,1968,44.42684662
2012,7099,5218,1881,1261,45.01638351
2013,10709,7114,3595,1910,48.37826617
2014,12290,9442,2848,2008,46.03368523
2015,10691,7644,3047,2139,47.64990861
2016,10182,7116,3066,1277,45.69539651
2017,8619,6336,2283,2759,51.32793038
2018,11802,8843,2959,1199,43.91743574
2019,8641,6491,2150,1937,47.26584797
2020,10304,7478,2826,2334,48.14603616
2021,10945,6893,4052,1068,47.26013934
2022,10103,7246,2857,2285,48.18311865
2023,8780,6438,2342,1450,45.73997379
2024,8432,6015,2417,1930,48.82303875
2025,10535,7329,3206,2217,48.44620579
2026,11159,8648,2511,798,41.64138536
2027,12072,8846,3226,2086,46.91786524
2028,12138,8729,3409,1948,46.91342486
2029,6889,5355,1534,2237,50.14587023
2030,11191,8021,3170,450,41.83046199
2031,10360,6801,3559,1351,47.53419455
2032,11853,7408,4445,1395,48.55858882
2033,10770,7245,3525,1788,47.976572
2034,8234,5279,2955,2647,55.3507954
2035,11769,9541,2228,1734,43.72769346
2036,11456,7694,3762,1917,48.63757479
2037,10516,7126,3390,2130,48.84331661
2038,9821,6233,3588,2363,52.35598599
2039,9657,6382,3275,2138,50.94869184
2040,9320,6336,2984,2254,50.82954071
2041,7946,5513,2433,2527,52.82933495
2042,9762,6844,2918,1869,47.92477152
2043,8813,6543,2270,1885,47.35122545
2044,10007,7474,2533,3200,50.731663
2045,13697,9382,4315,2143,47.99479841
2046,12145,8144,4001,1574,47.73646711
2047,10308,7071,3237,1502,46.72789024
2048,12734,8619,4115,1618,47.308696
2049,8287,6174,2113,1804,47.29504521
2050,9678,6942,2736,2445,49.11714135
2051,10255,7317,2938,1818,46.79288606
2052,9645,6645,3000,1802,48.40834514
2053,9480,6532,2948,437,42.87509375
2054,13568,8831,4737,2761,51.5600793
2055,7831,5328,2503,2261,51.70895994
2056,8031,4705,3326,2305,55.41474884
2057,8725,6195,2530,2033,49.15038223
2058,9134,5610,3524,1640,50.16762733
2059,9072,6271,2801,2204,50.32699277
2060,5570,3643,1927,1485,49.6834428
2061,11079,7357,3722,2386,50.51532677
2062,10712,8108,2604,3271,50.73709662
2063,9430,7174,2256,2247,47.29614627
2064,11452,8398,3054,2064,46.43251528
2065,8584,6189,2395,2664,51.75839061
2066,10068,6684,3384,1992,49.78398516
2067,10328,7149,3179,1837,47.83611325
2068,11291,8603,2688,1580,44.94819024
2069,11433,8454,2979,1913,46.25888687
2070,7796,5542,2254,2927,54.08951122
2071,10222,6794,3428,2530,51.74152939
2072,8291,5939,2352,1698,47.71163552
2073,8369,5474,2895,1921,51.37130891
2074,12194,8461,3733,928,44.62136577
2075,13850,9372,4478,1705,47.24169279
2076,8676,6402,2274,2041,48.21757364
2077,11187,7501,3686,2101,49.39895684
2078,10403,6990,3413,2116,49.12896533
2079,7330,4924,2406,2113,51.94027931
2080,9761,7318,2443,1629,45.26953595
2081,11902,8540,3362,2344,48.4217868
2082,7546,5195,2351,1745,49.43695474
2083,12682,9303,3379,2338,47.27705231
2084,11299,7626,3673,1465,46.82038348
2085,11917,7523,4394,1786,49.78000728
2086,9526,6495,3031,1809,48.83823229
2087,11630,8010,3620,1736,47.52903485
2088,9223,6476,2747,2723,51.98863939
2089,6824,4448,2376,1483,49.28555927
2090,10102,5935,4167,1658,50.81783466
2091,9290,6352,2938,2330,51.08587699
2092,9691,6979,2712,2231,48.67973306
2093,11164,7750,3414,2056,48.27480919
2094,10712,6726,3986,791,45.96116565
2095,10344,7699,2645,1777,46.00843133
2096,9839,7087,2752,2288,48.67856935
2097,9837,6538,3299,1931,49.61126573
2098,12047,8332,3715,1754,47.40916042
2099,9306,6779,2527,1517,45.946838
2100,6887,5414,1473,1670,46.72990328
2101,11729,8596,3133,1851,46.01495671
2102,10231,6777,3454,2825,52.51948759
2103,8187,5756,2431,1785,48.89540948
2104,10501,8350,2151,1513,43.18082956
2105,9559,6780,2779,1786,47.24584886
2106,11203,7893,3310,1327,45.37133769
2107,10417,7472,2945,2364,48.49948692
2108,11159,7597,3562,2601,50.53845161
2109,13575,9754,3821,2253,47.11355
2110,11462,8185,3277,3014,50.44032604
2111,11339,9530,1809,2053,43.65321112
2112,8652,6001,2651,1527,47.77632897
2113,4378,2637,1741,2599,66.00230983
2114,10203,6536,3667,1464,47.71742579
2115,11112,8253,2859,2542,48.55700121
2116,7820,4757,3063,2098,53.20440743
2117,8703,6306,2397,2768,51.7619284
2118,10266,7467,2799,2413,48.90525556
2119,7561,5397,2164,2747,52.95966657
2120,8725,6457,2268,2290,48.78132466
2121,9865,6138,3727,1881,50.12077319
2122,13002,8834,4168,1963,48.19975994
2123,11362,8134,3228,1780,46.48953791
2124,9580,6921,2659,1040,44.03789839
2125,9639,7147,2492,1936,46.66883976
2126,9156,6427,2729,1498,47.0135788
2127,9640,6757,2883,1095,44.98625906
2128,10964,7121,3843,1069,46.33100072
2129,9084,6140,2944,1590,48.48032966
2130,11916,7884,4032,2528,51.270243
2131,10017,6946,3071,1497,46.82735389
2132,11695,8420,3275,1453,45.35922669
2133,6886,5133,1753,2498,50.88930199
2134,8000,4000,4000,0,46.80552853
2135,8000,3000,5000,0,51.85399878
2136,8000,2000,6000,0,57.62305046
2137,8000,1000,7000,0,66.11894241
2138,8000,0,8000,0,78.0657053
2139,8000,5000,3000,0,42.4460163
2140,8000,6000,2000,0,39.07643959
2141,8000,7000,1000,0,36.33805238
2142,8000,8000,0,0,33.83312144
2143,8000,4000,4000,100,47.59264743
2144,8000,3000,5000,100,52.43481348
2145,8000,2000,6000,100,58.28907236
2146,8000,1000,7000,100,66.87493015
2147,8000,5000,3000,100,43.01540598
2148,8000,6000,2000,100,39.59120603
2149,8000,7000,1000,100,36.58127924
2150,8000,8000,0,100,34.28699084
2151,8000,4000,4000,200,48.29603543
2152,8000,3000,5000,200,53.39682001
2153,8000,2000,6000,200,58.78900819
2154,8000,1000,7000,200,67.63143538
2155,8000,5000,3000,200,43.75723107
2156,8000,6000,2000,200,40.12009671
2157,8000,7000,1000,200,37.24650369
2158,8000,8000,0,200,34.71028702
2159,8000,4000,4000,300,48.67697829
2160,8000,3000,5000,300,54.01201437
2161,8000,2000,6000,300,59.61740618
2162,8000,1000,7000,300,68.38467533
2163,8000,5000,3000,300,44.07751477
2164,8000,6000,2000,300,40.45142237
2165,8000,7000,1000,300,37.4845207
2166,8000,8000,0,300,35.10662538
2167,8000,4000,4000,400,49.28414511
2168,8000,3000,5000,400,54.62527974
2169,8000,2000,6000,400,60.27678243
2170,8000,1000,7000,400,69.01744662
2171,8000,5000,3000,400,44.82448061
2172,8000,6000,2000,400,40.92047366
2173,8000,7000,1000,400,37.81415816
2174,8000,8000,0,400,35.52959677
2175,8000,4000,4000,500,49.84991752
2176,8000,3000,5000,500,55.0290991
2177,8000,2000,6000,500,60.71994201
2178,8000,1000,7000,500,69.88607919
2179,8000,5000,3000,500,45.35810538
2180,8000,6000,2000,500,41.1729377
2181,8000,7000,1000,500,38.60918066
2182,8000,8000,0,500,35.95256816
2183,8000,4000,4000,1000,52.78226561
2184,8000,3000,5000,1000,58.2534659
2185,8000,2000,6000,1000,63.84570355
2186,8000,1000,7000,1000,73.61921965
2187,8000,5000,3000,1000,47.94995488
2188,8000,6000,2000,1000,43.46201169
2189,8000,7000,1000,1000,40.63956683
2190,8000,8000,0,1000,38.15525412
2191,8000,4000,4000,2000,58.1548207
2192,8000,3000,5000,2000,63.60905151
2193,8000,2000,6000,2000,70.68375519
2194,8000,5000,3000,2000,52.94140549
2195,8000,6000,2000,2000,48.08168437
2196,8000,7000,1000,2000,44.91406903
2197,8000,8000,0,2000,42.0608152
2198,8000,4000,4000,3000,63.87230163
2199,8000,3000,5000,3000,69.69476541
2200,8000,5000,3000,3000,57.87081245
2201,8000,6000,2000,3000,52.8659076
2202,8000,7000,1000,3000,49.14412694
2203,8000,8000,0,3000,45.98891883
2204,8000,4000,4000,4000,69.09210246
2205,8000,5000,3000,4000,62.01619112
2206,8000,6000,2000,4000,57.44567895
2207,8000,7000,1000,4000,53.36604096
2208,8000,8000,0,4000,49.92042053
2209,8000,5000,3000,5000,67.23837908
2210,8000,6000,2000,5000,61.57390626
2211,8000,7000,1000,5000,57.4987881
2212,8000,8000,0,5000,53.81394617
2213,8000,6000,2000,6000,65.68657323
2214,8000,7000,1000,6000,61.02694899
2215,8000,8000,0,6000,57.86686548
2216,8000,7000,1000,7000,65.83782124
2217,8000,8000,0,7000,61.71646081
2218,8000,8000,0,8000,65.48447978
2219,8500,0,8500,0,78.0657053
2220,8500,1000,7500,0,66.29472511
2221,8500,2000,6500,0,58.06510437
2222,8500,3000,5500,0,53.10624089
2223,8500,4000,4500,0,48.22686046
2224,8500,5000,3500,0,43.53063574
2225,8500,6000,2500,0,40.21037557
2226,8500,7000,1500,0,37.5677755
2227,8500,8000,500,0,34.67320592
2228,8500,8500,0,0,33.95468684
2229,8500,1000,7500,100,67.13623059
2230,8500,2000,6500,100,58.60297952
2231,8500,3000,5500,100,53.68268585
2232,8500,4000,4500,100,49.17382701
2233,8500,5000,3500,100,44.04276087
2234,8500,6000,2500,100,40.56594742
2235,8500,7000,1500,100,37.90144657
2236,8500,8000,500,100,35.13312238
2237,8500,8500,0,100,34.19207624
2238,8500,1000,7500,200,67.85001286
2239,8500,2000,6500,200,59.43134212
2240,8500,3000,5500,200,54.26040769
2241,8500,4000,4500,200,49.53820686
2242,8500,5000,3500,200,44.554886
2243,8500,6000,2500,200,41.15650204
2244,8500,7000,1500,200,38.49628456
2245,8500,8000,500,200,35.54164706
2246,8500,8500,0,200,34.59407685
2247,8500,1000,7500,300,68.56987229
2248,8500,2000,6500,300,60.11446099
2249,8500,3000,5500,300,54.84241587
2250,8500,4000,4500,300,50.27550883
2251,8500,5000,3500,300,44.81978131
2252,8500,6000,2500,300,41.68322188
2253,8500,7000,1500,300,38.9363777
2254,8500,8000,500,300,35.93653234
2255,8500,8500,0,300,35.11280902
2256,8500,1000,7500,400,69.25118742
2257,8500,2000,6500,400,60.61916901
2258,8500,3000,5500,400,55.08918579
2259,8500,4000,4500,400,50.60799694
2260,8500,5000,3500,400,45.25461931
2261,8500,6000,2500,400,42.10262852
2262,8500,7000,1500,400,39.33567082
2263,8500,8000,500,400,36.32592944
2264,8500,8500,0,400,35.37578676
2265,8500,1000,7500,500,70.12827847
2266,8500,2000,6500,500,61.29360093
2267,8500,3000,5500,500,55.59237799
2268,8500,4000,4500,500,51.21335839
2269,8500,5000,3500,500,46.09126138
2270,8500,6000,2500,500,42.65805895
2271,8500,7000,1500,500,39.66430455
2272,8500,8000,500,500,36.71030254
2273,8500,8500,0,500,35.77326751
2274,8500,1000,7500,1000,73.96548361
2275,8500,2000,6500,1000,64.496666
2276,8500,3000,5500,1000,58.46406906
2277,8500,4000,4500,1000,54.15703302
2278,8500,5000,3500,1000,47.95043221
2279,8500,6000,2500,1000,44.47820135
2280,8500,7000,1500,1000,41.86787703
2281,8500,8000,500,1000,38.43020924
2282,8500,8500,0,1000,37.90587337
2283,8500,2000,6500,2000,71.3461987
2284,8500,3000,5500,2000,64.2625385
2285,8500,4000,4500,2000,59.3892423
2286,8500,5000,3500,2000,53.34732279
2287,8500,6000,2500,2000,49.60646329
2288,8500,7000,1500,2000,46.21579648
2289,8500,8000,500,2000,42.02140309
2290,8500,8500,0,2000,41.68105299
2291,8500,3000,5500,3000,69.79421514
2292,8500,4000,4500,3000,64.53372928
2293,8500,5000,3500,3000,58.10396616
2294,8500,6000,2500,3000,53.97521492
2295,8500,7000,1500,3000,50.35345453
2296,8500,8000,500,3000,46.32184732
2297,8500,8500,0,3000,45.43595842
2298,8500,5000,3500,5000,67.39674967
2299,8500,6000,2500,5000,62.69082965
2300,8500,7000,1500,5000,58.58128772
2301,8500,8000,500,5000,53.63215731
2302,8500,8500,0,5000,52.8759872
2303,8500,6000,2500,6000,66.97700225
2304,8500,7000,1500,6000,62.62280287
2305,8500,8000,500,6000,57.453359
2306,8500,8500,0,6000,56.31098815
2307,8500,7000,1500,7000,66.34603205
2308,8500,8000,500,7000,60.88706423
2309,8500,8500,0,7000,60.13802385
2310,8500,8000,500,8000,64.80389265
2311,8500,8500,0,8000,63.72712036
2312,8500,8500,0,8500,65.26762916
2313,9000,0,9000,0,78.0657053
2314,9000,1000,8000,0,67.24691977
2315,9000,2000,7000,0,59.15102004
2316,9000,3000,6000,0,53.59161499
2317,9000,5000,4000,0,45.0462533
2318,9000,6000,3000,0,41.66401416
2319,9000,7000,2000,0,38.12969193
2320,9000,8000,1000,0,35.72262617
2321,9000,9000,0,0,33.95468684
2322,9000,0,9000,0,78.0657053
2323,9000,1000,8000,100,67.99410777
2324,9000,2000,7000,100,59.80825359
2325,9000,3000,6000,100,54.09566629
2326,9000,5000,4000,100,45.52214759
2327,9000,6000,3000,100,42.34028901
2328,9000,7000,2000,100,38.63129164
2329,9000,8000,1000,100,36.25005036
2330,9000,9000,0,100,34.29262346
2331,9000,1000,8000,100,67.99410777
2332,9000,2000,7000,200,60.32164892
2333,9000,3000,6000,200,54.79363757
2334,9000,5000,4000,200,45.93849417
2335,9000,6000,3000,200,42.80556691
2336,9000,7000,2000,200,38.92466619
2337,9000,8000,1000,200,36.59551221
2338,9000,9000,0,200,34.66771404
2339,9000,1000,8000,200,68.74129577
2340,9000,2000,7000,200,60.32164892
2341,9000,3000,6000,300,55.33429365
2342,9000,5000,4000,300,46.43130182
2343,9000,6000,3000,300,43.27084481
2344,9000,7000,2000,300,39.34776039
2345,9000,8000,1000,300,36.99328952
2346,9000,9000,0,300,35.0235883
2347,9000,1000,8000,300,69.48848377
2348,9000,2000,7000,300,61.1227207
2349,9000,3000,6000,300,55.33429365
2350,9000,5000,4000,400,46.70500197
2351,9000,6000,3000,400,43.59812785
2352,9000,7000,2000,400,39.77085459
2353,9000,8000,1000,400,37.44510696
2354,9000,9000,0,400,35.34160948
2355,9000,1000,8000,400,70.23567176
2356,9000,2000,7000,400,61.77995425
2357,9000,3000,6000,400,56.02768156
2358,9000,5000,4000,400,46.70500197
2359,9000,6000,3000,500,44.02793625
2360,9000,7000,2000,500,40.32937039
2361,9000,8000,1000,500,37.78884413
2362,9000,9000,0,500,35.66285619
2363,9000,1000,8000,500,70.98285976
2364,9000,2000,7000,500,62.43718781
2365,9000,3000,6000,500,56.62627186
2366,9000,5000,4000,500,47.37512552
2367,9000,6000,3000,500,44.02793625
2368,9000,7000,2000,1000,42.2356815
2369,9000,8000,1000,1000,39.71753654
2370,9000,9000,0,1000,37.41087324
2371,9000,1000,8000,1000,74.71879975
2372,9000,2000,7000,1000,65.72335559
2373,9000,3000,6000,1000,59.43468593
2374,9000,5000,4000,1000,49.59118833
2375,9000,6000,3000,1000,45.71113207
2376,9000,7000,2000,1000,42.2356815
2377,9000,8000,1000,2000,43.42034212
2378,9000,9000,0,2000,41.26387584
2379,9000,2000,7000,2000,71.7479216
2380,9000,3000,6000,2000,65.12799677
2381,9000,5000,4000,2000,54.23014794
2382,9000,6000,3000,2000,50.4312942
2383,9000,7000,2000,2000,46.22681856
2384,9000,8000,1000,2000,43.42034212
2385,9000,9000,0,3000,44.58399168
2386,9000,3000,6000,3000,70.90082672
2387,9000,5000,4000,3000,58.92671625
2388,9000,6000,3000,3000,54.95775162
2389,9000,7000,2000,3000,50.34529907
2390,9000,8000,1000,3000,47.25009732
2391,9000,9000,0,3000,44.58399168
2392,9000,5000,4000,5000,67.95333818
2393,9000,6000,3000,5000,63.42576235
2394,9000,7000,2000,5000,57.82166617
2395,9000,8000,1000,5000,54.76495787
2396,9000,9000,0,5000,51.66324637
2397,9000,6000,3000,6000,67.07758312
2398,9000,7000,2000,6000,61.7166124
2399,9000,8000,1000,6000,58.39119861
2400,9000,9000,0,6000,55.31060735
2401,9000,7000,2000,7000,65.31914511
2402,9000,8000,1000,7000,61.84338002
2403,9000,9000,0,7000,58.56855438
2404,9000,8000,1000,8000,65.44046311
2405,9000,9000,0,8000,61.91446743
2406,9000,9000,0,9000,65.1471077
2407,7500,0,7500,0,76.15696797
2408,7500,1000,6500,0,63.79920739
2409,7500,2000,5500,0,56.88044749
2410,7500,3000,4500,0,49.76965311
2411,7500,5000,2500,0,41.11743328
2412,7500,6000,1500,0,37.43887598
2413,7500,7000,500,0,34.43249647
2414,7500,7500,0,0,33.64377824
2415,7500,1000,6500,1000,72.13062248
2416,7500,2000,5500,1000,63.83728746
2417,7500,3000,4500,1000,55.39759678
2418,7500,5000,2500,1000,46.26392129
2419,7500,6000,1500,1000,42.43072611
2420,7500,7000,500,1000,38.90396421
2421,7500,7500,0,1000,38.0183806
2422,7500,2000,5500,2000,70.10157794
2423,7500,3000,4500,2000,62.08010341
2424,7500,5000,2500,2000,51.71174359
2425,7500,6000,1500,2000,46.95029271
2426,7500,7000,500,2000,43.17612904
2427,7500,7500,0,2000,42.27230106
2428,7500,3000,4500,3000,68.66894335
2429,7500,5000,2500,3000,56.5919235
2430,7500,6000,1500,3000,51.69142805
2431,7500,7000,500,3000,47.47338407
2432,7500,7500,0,3000,46.26975768
2433,7500,5000,2500,4000,61.67594373
2434,7500,6000,1500,4000,56.48633644
2435,7500,7000,500,4000,51.90003196
2436,7500,7500,0,4000,50.61427511
2437,7500,5000,2500,5000,66.72894105
2438,7500,6000,1500,5000,61.06277056
2439,7500,7000,500,5000,55.90450131
2440,7500,7500,0,5000,54.73437876
2441,7500,6000,1500,6000,65.25890544
2442,7500,7000,500,6000,60.26455942
2443,7500,7500,0,6000,58.43228381
2444,7500,7000,500,7000,64.16742386
2445,7500,7500,0,7000,62.7161871
2446,7500,7500,0,7500,64.65593362
2447,7500,1000,6500,500,68.05248789
2448,7500,2000,5500,500,60.37355632
2449,7500,3000,4500,500,53.20135773
2450,7500,5000,2500,500,43.48131236
2451,7500,6000,1500,500,39.93480105
2452,7500,7000,500,500,36.58137751
2453,7500,7500,0,500,35.74058817
2454,7500,1000,6500,100,64.64986349
2455,7500,2000,5500,100,57.58227722
2456,7500,3000,4500,100,50.42055478
2457,7500,5000,2500,100,41.55524309
2458,7500,6000,1500,100,37.91696466
2459,7500,7000,500,100,34.81548316
2460,7500,7500,0,100,34.09236195
2461,7500,1000,6500,200,65.50051959
2462,7500,2000,5500,200,58.26335858
2463,7500,3000,4500,200,51.34612899
2464,7500,5000,2500,200,41.92827575
2465,7500,6000,1500,200,38.33780264
2466,7500,7000,500,200,35.12708887
2467,7500,7500,0,200,34.41237636
2468,7500,1000,6500,300,66.35117569
2469,7500,2000,5500,300,58.73947655
2470,7500,3000,4500,300,51.4975658
2471,7500,5000,2500,300,42.6043126
2472,7500,6000,1500,300,38.96768092
2473,7500,7000,500,300,35.58612696
2474,7500,7500,0,300,34.95925495
2475,7000,0,7000,0,75.94822259
2476,7000,500,6500,0,68.77751965
2477,7000,1000,6000,0,62.26532675
2478,7000,2000,5000,0,54.85479651
2479,7000,3000,4000,0,48.70103036
2480,7000,4000,3000,0,43.57170586
2481,7000,5000,2000,0,38.66693429
2482,7000,6000,1000,0,36.04224891
2483,7000,7000,0,0,33.59148574
2484,7000,500,6500,100,69.67635353
2485,7000,1000,6000,100,63.15483142
2486,7000,2000,5000,100,55.63843646
2487,7000,3000,4000,100,49.39675936
2488,7000,4000,3000,100,44.14781367
2489,7000,5000,2000,100,39.23903583
2490,7000,6000,1000,100,36.53555108
2491,7000,7000,0,100,34.07136411
2492,7000,500,6500,300,71.46791227
2493,7000,1000,6000,300,64.93384076
2494,7000,2000,5000,300,57.20571636
2495,7000,3000,4000,300,50.92083288
2496,7000,4000,3000,300,45.30687065
2497,7000,5000,2000,300,40.14116477
2498,7000,6000,1000,300,37.61784416
2499,7000,7000,0,300,34.91145476
2500,7000,500,6500,500,73.24956493
2501,7000,1000,6000,500,66.71285009
2502,7000,2000,5000,500,58.77299627
2503,7000,3000,4000,500,52.23011699
2504,7000,4000,3000,500,46.31584634
2505,7000,5000,2000,500,41.43827505
2506,7000,6000,1000,500,38.50175018
2507,7000,7000,0,500,35.94704887
2508,7000,1000,6000,700,68.49185943
2509,7000,2000,5000,700,60.34027617
2510,7000,3000,4000,700,53.53615116
2511,7000,4000,3000,700,47.63034113
2512,7000,5000,2000,700,42.54329572
2513,7000,6000,1000,700,39.47445335
2514,7000,7000,0,700,36.72403294
2515,7000,1000,6000,1000,71.16037343
2516,7000,2000,5000,1000,62.69119602
2517,7000,3000,4000,1000,55.1998923
2518,7000,4000,3000,1000,49.48320335
2519,7000,5000,2000,1000,44.25627354
2520,7000,6000,1000,1000,40.7488964
2521,7000,7000,0,1000,38.23443822
2522,7000,2000,5000,2000,70.21347717
2523,7000,3000,4000,2000,61.48603321
2524,7000,4000,3000,2000,55.28092276
2525,7000,5000,2000,2000,49.23564108
2526,7000,6000,1000,2000,45.65993418
2527,7000,7000,0,2000,42.77676311
2528,7000,3000,4000,3000,67.49500518
2529,7000,4000,3000,3000,61.20839558
2530,7000,5000,2000,3000,54.52735569
2531,7000,6000,1000,3000,50.39711988
2532,7000,7000,0,3000,47.19395257
2533,7000,4000,3000,4000,66.49404595
2534,7000,5000,2000,4000,59.54389065
2535,7000,6000,1000,4000,55.45046236
2536,7000,7000,0,4000,51.59943031
2537,7000,5000,2000,5000,64.78185687
2538,7000,6000,1000,5000,59.74582698
2539,7000,7000,0,5000,55.86775514
2540,7000,6000,1000,6000,64.68812997
2541,7000,7000,0,6000,60.12306344
2542,7000,7000,0,7000,64.42308853
2543,6000,0,6000,0,75.13980107
2544,6000,500,5500,0,67.70749651
2545,6000,1000,5000,0,59.77606311
2546,6000,2000,4000,0,52.68198756
2547,6000,3000,3000,0,45.77877461
2548,6000,4000,2000,0,40.22344156
2549,6000,5000,1000,0,36.21068069
2550,6000,6000,0,0,33.44861829
2551,6000,500,5500,100,68.61866745
2552,6000,1000,5000,100,60.69655386
2553,6000,2000,4000,100,53.49956459
2554,6000,3000,3000,100,46.4932676
2555,6000,4000,2000,100,40.89383226
2556,6000,5000,1000,100,37.04200887
2557,6000,6000,0,100,34.13554957
2558,6000,500,5500,300,70.79657238
2559,6000,1000,5000,300,62.53066594
2560,6000,2000,4000,300,55.12750082
2561,6000,3000,3000,300,47.7086585
2562,6000,4000,2000,300,42.18331332
2563,6000,5000,1000,300,38.15511558
2564,6000,6000,0,300,35.03561255
2565,6000,500,5500,500,72.71867646
2566,6000,1000,5000,500,64.35513612
2567,6000,2000,4000,500,56.7438132
2568,6000,3000,3000,500,49.13146887
2569,6000,4000,2000,500,43.57539503
2570,6000,5000,1000,500,39.36638909
2571,6000,6000,0,500,36.28314002
2572,6000,1000,5000,700,66.16400767
2573,6000,2000,4000,700,58.36349688
2574,6000,3000,3000,700,50.66860865
2575,6000,4000,2000,700,44.91617641
2576,6000,5000,1000,700,40.23644595
2577,6000,6000,0,700,37.35816851
2578,6000,1000,5000,1000,68.69126745
2579,6000,2000,4000,1000,60.32136756
2580,6000,3000,3000,1000,52.86641986
2581,6000,4000,2000,1000,46.57335368
2582,6000,5000,1000,1000,42.39457286
2583,6000,6000,0,1000,38.95505659
2584,6000,2000,4000,2000,68.11079799
2585,6000,3000,3000,2000,59.78520972
2586,6000,4000,2000,2000,53.19751479
2587,6000,5000,1000,2000,48.16774682
2588,6000,6000,0,2000,44.12557278
2589,6000,3000,3000,3000,67.02517863
2590,6000,4000,2000,3000,59.10852785
2591,6000,5000,1000,3000,53.70753257
2592,6000,6000,0,3000,49.33276082
2593,6000,4000,2000,4000,65.14737732
2594,6000,5000,1000,4000,58.98815274
2595,6000,6000,0,4000,54.56324658
2596,6000,5000,1000,5000,64.72293423
2597,6000,6000,0,5000,59.36365974
2598,6000,6000,0,6000,64.63619103
2599,6500,0,6500,0,75.13980107
2600,6500,500,6000,0,68.32606316
2601,6500,1000,5500,0,60.67938701
2602,6500,2000,4500,0,53.88078885
2603,6500,3000,3500,0,46.58667213
2604,6500,4000,2500,0,42.39797379
2605,6500,5000,1500,0,38.43588532
2606,6500,6000,500,0,34.22605019
2607,6500,6500,0,0,33.47673744
2608,6500,500,6000,100,69.3912195
2609,6500,1000,5500,100,61.54072351
2610,6500,2000,4500,100,54.65021472
2611,6500,3000,3500,100,47.20901889
2612,6500,4000,2500,100,42.83813238
2613,6500,5000,1500,100,38.95755755
2614,6500,6000,500,100,34.56687676
2615,6500,6500,0,100,34.10827783
2616,6500,500,6000,300,71.30973226
2617,6500,1000,5500,300,63.38085438
2618,6500,2000,4500,300,56.18811811
2619,6500,3000,3500,300,48.59254232
2620,6500,4000,2500,300,44.27749491
2621,6500,5000,1500,300,39.87057723
2622,6500,6000,500,300,35.48162099
2623,6500,6500,0,300,35.13969745
2624,6500,500,6000,500,73.22110642
2625,6500,1000,5500,500,65.24499715
2626,6500,2000,4500,500,57.71758756
2627,6500,3000,3500,500,49.58600138
2628,6500,4000,2500,500,45.45205492
2629,6500,5000,1500,500,41.04324126
2630,6500,6000,500,500,36.85882329
2631,6500,6500,0,500,36.1287658
2632,6500,1000,5500,700,66.82665822
2633,6500,2000,4500,700,59.24261988
2634,6500,3000,3500,700,51.25000851
2635,6500,4000,2500,700,46.59097767
2636,6500,5000,1500,700,42.23500537
2637,6500,6000,500,700,37.88479183
2638,6500,6500,0,700,37.03099835
2639,6500,1000,5500,1000,69.72115598
2640,6500,2000,4500,1000,61.51638334
2641,6500,3000,3500,1000,53.38542553
2642,6500,4000,2500,1000,48.35267669
2643,6500,5000,1500,1000,44.03720744
2644,6500,6000,500,1000,39.40690296
2645,6500,6500,0,1000,38.58288797
2646,6500,2000,4500,2000,69.31990228
2647,6500,3000,3500,2000,60.09544902
2648,6500,4000,2500,2000,54.50001689
2649,6500,5000,1500,2000,49.38073034
2650,6500,6000,500,2000,44.52580667
2651,6500,6500,0,2000,43.30678269
2652,6500,3000,3500,3000,66.68439385
2653,6500,4000,2500,3000,60.36987011
2654,6500,5000,1500,3000,55.14601195
2655,6500,6000,500,3000,49.37265524
2656,6500,6500,0,3000,48.10989372
2657,6500,4000,2500,4000,65.10720686
2658,6500,5000,1500,4000,60.28170984
2659,6500,6000,500,4000,54.14655804
2660,6500,6500,0,4000,53.05224854
2661,6500,5000,1500,5000,65.42681821
2662,6500,6000,500,5000,58.98805784
2663,6500,6500,0,5000,57.69699164
2664,6500,6000,500,6000,63.84006494
2665,6500,6500,0,6000,62.39478808
2666,6500,6500,0,6500,64.64515374
