Date,Wind,Rain,MaxTemp,MinTemp
1973-01-01,13.54,0.0,12.0,10.5
1973-01-02,13.25,1.0,12.4,10.3
1973-01-03,5.33,0.9,11.5,7.7
1973-01-04,4.5,0.0,11.4,7.9
1973-01-05,2.71,0.0,9.9,8.0
1973-01-06,5.79,0.0,8.5,6.3
1973-01-07,5.63,0.0,8.5,2.5
1973-01-08,2.67,0.0,8.1,6.4
1973-01-09,3.13,0.0,8.2,5.5
1973-01-10,8.29,0.0,7.0,6.8
1973-01-11,11.58,0.0,7.1,6.0
1973-01-12,17.41,1.3,7.6,5.6
1973-01-13,10.0,3.0,7.5,6.3
1973-01-14,12.96,14.6,9.2,3.5
1973-01-15,22.04,0.2,6.6,3.9
1973-01-16,7.92,0.0,5.6,-0.4
1973-01-17,4.5,0.2,2.4,-4.8
1973-01-18,12.17,0.4,8.2,-6.8
1973-01-19,25.12,14.1,9.2,-4.5
1973-01-20,11.12,0.5,5.3,4.6
1973-01-21,14.71,0.1,5.3,0.4
1973-01-22,11.29,1.4,11.6,-1.9
1973-01-23,12.87,0.0,12.4,1.0
1973-01-24,9.54,0.0,13.3,9.5
1973-01-25,12.83,0.3,12.5,9.4
1973-01-26,16.71,4.0,9.8,5.4
1973-01-27,6.83,6.7,9.8,6.1
1973-01-28,13.08,0.0,10.6,6.7
1973-01-29,9.59,0.9,9.9,7.9
1973-01-30,14.71,0.7,7.8,4.5
1973-01-31,11.08,2.6,8.7,1.3
1973-02-01,8.0,0.1,10.5,4.0
1973-02-02,4.25,0.2,12.4,8.0
1973-02-03,6.34,0.0,10.0,7.7
1973-02-04,9.67,0.0,9.5,7.5
1973-02-05,13.42,0.0,9.6,6.0
1973-02-06,20.08,0.5,10.7,6.0
1973-02-07,12.71,3.0,10.6,8.4
1973-02-08,8.79,7.9,7.4,6.4
1973-02-09,14.09,0.1,6.2,1.4
1973-02-10,14.71,0.9,6.4,1.8
1973-02-11,18.5,4.4,10.0,3.9
1973-02-12,24.21,1.8,6.2,3.8
1973-02-13,16.88,0.5,3.5,-1.0
1973-02-14,10.88,4.2,2.5,-1.8
1973-02-15,7.92,5.5,4.8,-1.1
1973-02-16,3.88,0.0,5.6,-4.0
1973-02-17,2.79,0.0,8.6,-1.5
1973-02-18,9.08,0.2,9.4,2.4
1973-02-19,12.0,0.0,11.9,3.8
1973-02-20,11.58,0.2,12.0,7.6
1973-02-21,13.13,0.9,10.9,8.4
1973-02-22,17.83,0.0,8.3,4.2
1973-02-23,16.38,0.2,7.0,2.5
1973-02-24,9.13,0.0,7.5,1.9
1973-02-25,5.46,7.7,3.6,0.1
1973-02-26,3.17,0.0,5.3,-0.1
1973-02-27,6.96,1.5,8.9,2.5
1973-02-28,4.58,0.2,10.3,3.4
1973-03-01,13.54,1.1,9.7,6.9
1973-03-02,14.83,0.3,10.9,2.9
1973-03-03,7.46,4.6,11.0,7.2
1973-03-04,8.71,0.0,10.8,8.5
1973-03-05,7.71,1.7,9.0,0.4
1973-03-06,13.13,0.0,9.5,1.8
1973-03-07,6.58,0.0,9.5,-1.9
1973-03-08,5.21,0.0,10.6,-0.7
1973-03-09,6.46,0.0,10.8,-2.5
1973-03-10,3.79,0.0,9.8,-3.1
1973-03-11,3.04,0.0,9.4,-0.8
1973-03-12,6.58,0.0,9.5,2.9
1973-03-13,3.5,0.0,9.2,0.1
1973-03-14,4.54,0.0,8.3,4.0
1973-03-15,2.92,0.0,7.4,4.5
1973-03-16,3.17,0.0,9.0,4.0
1973-03-17,4.92,0.0,11.7,4.1
1973-03-18,6.96,0.0,13.0,6.7
1973-03-19,3.67,0.0,11.5,2.1
1973-03-20,3.83,0.0,11.1,-1.5
1973-03-21,7.12,0.0,15.0,-1.4
1973-03-22,9.0,0.0,17.0,0.1
1973-03-23,8.38,0.0,15.7,3.9
1973-03-24,16.38,0.0,13.3,8.4
1973-03-25,13.75,1.8,9.8,6.0
1973-03-26,8.21,0.0,9.5,-0.6
1973-03-27,11.25,3.1,10.3,3.8
1973-03-28,9.79,0.0,11.5,3.0
1973-03-29,12.17,1.4,12.5,3.5
1973-03-30,14.12,0.0,10.4,5.5
1973-03-31,18.88,0.1,11.8,4.0
1973-04-01,12.42,15.0,10.2,5.0
1973-04-02,17.41,0.5,7.2,2.0
1973-04-03,12.21,3.6,11.7,-0.6
1973-04-04,21.54,1.6,14.5,4.5
1973-04-05,17.0,0.0,10.5,5.5
1973-04-06,18.08,0.2,9.8,4.6
1973-04-07,11.46,2.8,9.6,1.7
1973-04-08,12.04,0.9,8.4,0.2
1973-04-09,8.0,0.0,7.6,-1.5
1973-04-10,9.0,0.2,10.0,3.0
1973-04-11,10.04,2.3,10.0,6.3
1973-04-12,10.75,0.4,11.7,6.2
1973-04-13,8.08,0.0,12.0,6.0
1973-04-14,8.54,0.0,12.0,7.4
1973-04-15,6.63,0.0,16.1,6.7
1973-04-16,8.46,0.0,15.7,7.0
1973-04-17,8.71,0.0,14.6,3.3
1973-04-18,12.96,0.0,14.4,8.8
1973-04-19,9.08,0.0,10.5,8.2
1973-04-20,12.96,2.3,11.7,5.7
1973-04-21,11.71,2.0,11.0,5.1
1973-04-22,14.37,3.3,9.1,4.6
1973-04-23,20.17,1.5,11.1,4.5
1973-04-24,15.54,0.0,11.5,5.6
1973-04-25,5.04,0.0,12.9,6.4
1973-04-26,3.79,0.0,14.1,3.5
1973-04-27,1.75,0.0,11.0,5.2
1973-04-28,5.58,3.6,9.3,4.6
1973-04-29,6.63,3.2,8.0,-1.9
1973-04-30,8.12,0.6,11.4,3.9
1973-05-01,10.58,0.4,13.5,1.6
1973-05-02,7.62,8.4,12.2,1.6
1973-05-03,11.75,9.2,10.6,6.8
1973-05-04,12.17,4.8,14.0,7.1
1973-05-05,10.92,3.2,14.0,7.3
1973-05-06,9.0,2.2,13.8,8.4
1973-05-07,12.38,0.6,13.3,5.6
1973-05-08,12.87,0.0,13.0,6.9
1973-05-09,14.5,3.4,14.2,8.5
1973-05-10,17.16,1.0,12.2,4.4
1973-05-11,11.12,0.0,13.3,3.9
1973-05-12,14.0,1.8,15.0,8.1
1973-05-13,7.96,0.3,13.7,7.6
1973-05-14,3.29,0.0,12.2,2.7
1973-05-15,4.08,0.0,12.4,2.1
1973-05-16,9.13,0.0,15.0,5.1
1973-05-17,14.29,2.4,15.9,8.4
1973-05-18,9.29,6.5,16.0,9.6
1973-05-19,13.04,12.8,15.2,9.9
1973-05-20,12.92,4.7,14.1,8.7
1973-05-21,6.54,0.0,16.4,9.0
1973-05-22,8.54,5.4,15.5,10.5
1973-05-23,4.79,7.0,15.8,10.2
1973-05-24,5.46,0.0,17.9,10.0
1973-05-25,4.75,5.5,18.6,7.5
1973-05-26,5.09,0.6,20.7,11.5
1973-05-27,2.25,0.6,16.2,12.5
1973-05-28,4.83,0.0,16.8,12.0
1973-05-29,2.96,1.7,17.0,9.8
1973-05-30,9.21,0.5,18.0,11.4
1973-05-31,8.0,0.0,14.5,8.0
1973-06-01,8.12,0.0,16.1,4.9
1973-06-02,8.58,1.8,15.5,9.2
1973-06-03,6.87,0.0,16.6,8.5
1973-06-04,3.17,0.0,17.5,5.1
1973-06-05,3.71,0.0,19.6,5.7
1973-06-06,3.21,0.0,20.3,10.7
1973-06-07,1.04,0.0,19.6,10.9
1973-06-08,6.63,0.3,20.2,13.4
1973-06-09,14.79,0.2,20.2,13.6
1973-06-10,10.0,0.0,17.2,12.4
1973-06-11,9.67,0.0,19.5,12.2
1973-06-12,13.75,1.2,19.4,13.0
1973-06-13,11.04,0.0,16.2,7.0
1973-06-14,5.37,0.0,20.3,5.2
1973-06-15,8.17,0.0,21.9,7.6
1973-06-16,9.04,0.0,21.0,13.9
1973-06-17,11.21,0.0,20.2,15.5
1973-06-18,7.79,8.2,24.0,12.5
1973-06-19,10.0,0.4,18.0,13.5
1973-06-20,10.88,0.0,18.0,9.6
1973-06-21,3.04,0.0,19.7,7.5
1973-06-22,2.75,0.0,22.0,12.1
1973-06-23,4.5,0.0,20.0,12.0
1973-06-24,2.71,0.0,17.1,13.5
1973-06-25,2.54,1.5,18.3,12.3
1973-06-26,3.63,0.0,16.7,11.5
1973-06-27,2.67,0.0,19.1,6.8
1973-06-28,5.96,0.0,21.8,8.4
1973-06-29,13.21,0.0,21.2,14.9
1973-06-30,12.79,0.0,21.0,17.1
1973-07-01,10.79,7.0,19.6,15.2
1973-07-02,6.0,0.0,19.7,8.0
1973-07-03,9.38,1.6,22.4,15.2
1973-07-04,3.58,0.9,19.9,14.4
1973-07-05,5.91,0.1,24.0,9.6
1973-07-06,6.42,0.2,16.6,12.6
1973-07-07,4.33,0.0,18.7,6.9
1973-07-08,4.08,0.0,18.6,11.1
1973-07-09,5.5,0.2,17.8,8.4
1973-07-10,10.0,0.8,20.7,14.3
1973-07-11,10.92,0.0,18.4,14.1
1973-07-12,5.54,0.5,20.0,13.5
1973-07-13,5.63,5.4,18.5,14.6
1973-07-14,5.09,5.6,16.5,9.9
1973-07-15,11.96,29.3,16.4,11.8
1973-07-16,17.92,1.6,20.5,14.1
1973-07-17,7.54,0.3,19.0,14.2
1973-07-18,6.58,3.9,16.6,11.0
1973-07-19,12.12,0.2,18.4,12.4
1973-07-20,10.5,4.1,17.8,11.5
1973-07-21,8.38,2.8,15.9,12.8
1973-07-22,8.33,3.6,16.1,7.7
1973-07-23,7.0,0.0,15.6,10.0
1973-07-24,1.42,0.0,14.9,10.0
1973-07-25,4.79,0.0,19.2,10.4
1973-07-26,6.29,0.0,16.0,8.7
1973-07-27,4.71,0.0,20.6,11.4
1973-07-28,2.37,0.0,22.9,8.7
1973-07-29,2.25,0.0,24.0,12.2
1973-07-30,2.08,0.0,21.5,15.7
1973-07-31,3.08,0.0,23.2,13.6
1973-08-01,5.09,5.8,23.3,13.6
1973-08-02,5.41,0.0,20.0,13.0
1973-08-03,7.79,2.9,19.5,13.9
1973-08-04,11.83,4.5,18.0,9.0
1973-08-05,8.38,17.6,18.5,11.4
1973-08-06,11.79,6.7,15.7,11.2
1973-08-07,12.21,7.8,17.5,10.1
1973-08-08,7.54,3.6,17.9,9.5
1973-08-09,15.63,0.0,21.7,10.8
1973-08-10,3.83,4.9,17.0,11.3
1973-08-11,2.83,0.0,17.8,7.4
1973-08-12,3.21,0.0,19.9,8.1
1973-08-13,3.42,0.0,21.5,10.0
1973-08-14,2.42,0.0,24.0,14.1
1973-08-15,2.54,0.0,23.5,13.9
1973-08-16,4.21,0.0,24.2,13.2
1973-08-17,5.83,0.0,18.1,10.1
1973-08-18,3.17,3.3,17.3,7.2
1973-08-19,3.96,6.1,19.0,14.4
1973-08-20,7.17,0.4,16.2,14.3
1973-08-21,7.71,0.0,16.9,13.0
1973-08-22,5.91,9.0,18.0,13.9
1973-08-23,2.25,0.0,20.0,15.0
1973-08-24,1.38,0.0,19.8,12.0
1973-08-25,0.71,0.2,20.7,13.1
1973-08-26,3.21,0.7,23.4,15.5
1973-08-27,2.92,16.5,19.5,15.7
1973-08-28,3.67,8.8,18.7,9.6
1973-08-29,5.75,4.5,16.1,12.4
1973-08-30,10.41,0.3,17.2,12.4
1973-08-31,15.41,0.7,21.4,12.5
1973-09-01,11.96,0.0,18.3,14.0
1973-09-02,5.04,12.4,16.6,11.6
1973-09-03,3.71,3.7,21.9,13.3
1973-09-04,6.13,0.0,23.0,15.7
1973-09-05,2.83,0.0,20.2,11.6
1973-09-06,5.63,0.0,23.0,11.4
1973-09-07,4.92,0.0,22.3,13.0
1973-09-08,1.83,0.0,19.2,10.4
1973-09-09,2.04,0.0,21.2,13.1
1973-09-10,6.79,0.0,16.5,14.0
1973-09-11,4.88,0.0,18.5,13.0
1973-09-12,4.04,0.0,18.7,8.5
1973-09-13,10.17,0.0,16.0,8.5
1973-09-14,5.0,0.0,18.8,9.9
1973-09-15,6.79,1.0,18.5,10.9
1973-09-16,6.04,23.3,21.8,14.4
1973-09-17,8.42,0.0,18.8,11.1
1973-09-18,6.25,13.8,15.1,8.9
1973-09-19,6.29,0.0,16.2,9.4
1973-09-20,2.96,0.2,16.2,6.6
1973-09-21,9.17,1.9,15.9,6.6
1973-09-22,11.71,0.3,13.5,6.1
1973-09-23,6.25,0.3,15.0,7.2
1973-09-24,4.12,6.4,12.7,5.1
1973-09-25,5.66,3.0,15.7,5.4
1973-09-26,8.12,0.1,15.4,9.6
1973-09-27,14.75,6.0,16.2,6.1
1973-09-28,16.42,0.7,12.7,8.2
1973-09-29,13.5,1.3,13.7,5.7
1973-09-30,10.17,0.0,13.1,6.0
1973-10-01,6.21,0.0,14.3,6.5
1973-10-02,3.58,0.0,16.6,9.4
1973-10-03,7.17,0.0,16.0,12.9
1973-10-04,3.88,0.4,15.8,12.4
1973-10-05,6.38,2.0,15.0,10.3
1973-10-06,4.25,1.2,15.1,12.5
1973-10-07,3.0,0.2,15.7,10.5
1973-10-08,7.17,5.8,16.4,10.7
1973-10-09,5.09,10.6,12.9,10.5
1973-10-10,6.96,11.5,12.0,9.6
1973-10-11,9.92,0.0,10.5,6.4
1973-10-12,12.62,2.0,10.9,8.4
1973-10-13,9.42,3.4,10.8,8.3
1973-10-14,2.58,2.6,9.5,7.6
1973-10-15,10.25,2.0,9.8,7.8
1973-10-16,10.21,0.0,10.4,5.5
1973-10-17,7.96,0.0,9.3,0.3
1973-10-18,10.46,4.4,12.2,2.0
1973-10-19,13.37,4.0,13.3,5.0
1973-10-20,12.17,0.4,14.7,7.1
1973-10-21,6.54,0.5,12.9,6.0
1973-10-22,7.12,0.0,13.9,3.3
1973-10-23,3.88,0.0,13.4,3.0
1973-10-24,4.5,0.0,14.6,6.0
1973-10-25,1.79,0.0,14.8,10.4
1973-10-26,3.58,0.0,15.0,9.0
1973-10-27,3.79,1.0,16.2,5.6
1973-10-28,3.21,0.0,11.3,8.0
1973-10-29,1.58,0.0,12.0,0.4
1973-10-30,2.62,0.0,12.5,-0.5
1973-10-31,8.87,0.2,12.4,1.0
1973-11-01,5.17,0.3,14.2,10.5
1973-11-02,4.54,0.8,15.4,6.2
1973-11-03,5.54,7.6,14.1,11.9
1973-11-04,6.5,4.4,15.9,12.4
1973-11-05,10.41,0.0,7.0,2.4
1973-11-06,6.08,0.0,9.5,1.0
1973-11-07,10.46,0.7,13.8,2.5
1973-11-08,16.66,0.0,14.6,9.0
1973-11-09,13.67,9.5,13.2,11.5
1973-11-10,8.83,0.0,10.1,7.7
1973-11-11,9.0,1.2,11.9,1.8
1973-11-12,20.75,2.1,13.9,4.1
1973-11-13,12.87,0.0,10.3,6.9
1973-11-14,7.38,6.1,11.0,4.5
1973-11-15,7.87,0.0,8.4,5.3
1973-11-16,6.21,0.0,7.0,3.3
1973-11-17,2.75,0.0,11.5,-2.9
1973-11-18,10.04,0.5,12.9,-1.0
1973-11-19,4.33,0.0,8.0,1.5
1973-11-20,0.63,0.0,9.4,-2.9
1973-11-21,0.0,0.0,9.3,-2.0
1973-11-22,3.29,0.1,10.7,2.2
1973-11-23,8.38,0.0,12.0,2.2
1973-11-24,13.04,2.0,12.0,9.4
1973-11-25,4.67,0.0,7.0,3.0
1973-11-26,7.62,0.0,3.4,-1.6
1973-11-27,4.46,9.8,4.1,-0.8
1973-11-28,7.5,11.6,11.6,1.2
1973-11-29,2.33,4.8,4.4,2.1
1973-11-30,4.79,0.0,5.4,2.1
1973-12-01,9.13,0.0,5.6,3.1
1973-12-02,7.46,0.3,8.0,-1.8
1973-12-03,14.21,0.0,10.9,-1.6
1973-12-04,14.09,0.0,11.4,7.9
1973-12-05,9.62,0.1,10.2,6.7
1973-12-06,10.34,11.8,11.4,5.3
1973-12-07,11.92,4.8,12.2,5.0
1973-12-08,12.33,0.0,6.0,2.4
1973-12-09,8.96,0.2,9.7,-3.2
1973-12-10,15.92,0.9,11.3,-2.6
1973-12-11,10.88,0.0,7.6,2.3
1973-12-12,18.88,1.7,9.7,2.9
1973-12-13,19.25,0.4,10.9,6.4
1973-12-14,14.29,0.1,7.9,7.2
1973-12-15,14.33,1.8,10.0,-1.5
1973-12-16,16.79,0.0,5.7,2.5
1973-12-17,11.96,0.0,5.2,1.5
1973-12-18,7.41,3.5,8.1,-1.5
1973-12-19,18.25,4.6,8.8,-0.6
1973-12-20,2.92,9.6,9.0,5.0
1973-12-21,4.88,2.2,7.5,5.5
1973-12-22,3.21,2.4,6.0,0.8
1973-12-23,3.04,20.4,6.8,0.5
1973-12-24,3.92,0.0,8.1,2.2
1973-12-25,11.17,0.2,11.0,1.5
1973-12-26,11.96,0.0,11.8,1.7
1973-12-27,10.96,1.0,12.3,9.5
1973-12-28,9.13,2.2,11.4,-0.5
1973-12-29,16.33,6.1,13.6,1.0
1973-12-30,8.71,0.0,5.7,2.5
1973-12-31,3.83,0.1,7.9,-2.0
1974-01-01,9.54,0.1,9.8,1.5
1974-01-02,15.34,0.5,7.5,6.5
1974-01-03,15.0,2.6,10.0,5.0
1974-01-04,14.04,13.2,13.0,6.0
1974-01-05,12.62,1.2,10.0,7.0
1974-01-06,9.04,3.4,9.7,5.4
1974-01-07,11.46,0.8,10.3,5.0
1974-01-08,13.33,9.3,10.3,5.0
1974-01-09,7.29,1.2,7.9,-0.9
1974-01-10,16.92,5.0,12.7,-0.3
1974-01-11,20.25,4.4,13.3,4.2
1974-01-12,20.83,3.1,8.2,5.4
1974-01-13,13.92,1.1,11.4,4.4
1974-01-14,13.67,1.3,12.9,3.3
1974-01-15,17.16,8.0,8.0,6.4
1974-01-16,16.96,3.8,8.9,4.0
1974-01-17,19.0,0.0,11.0,3.0
1974-01-18,20.62,0.0,11.3,8.5
1974-01-19,15.46,0.0,10.8,9.2
1974-01-20,7.25,0.0,11.4,-0.5
1974-01-21,5.75,0.0,10.2,0.2
1974-01-22,8.71,0.5,11.5,0.0
1974-01-23,15.54,0.0,9.8,7.0
1974-01-24,12.04,0.0,10.0,4.9
1974-01-25,13.83,1.2,11.4,4.9
1974-01-26,15.46,0.9,10.0,7.8
1974-01-27,15.96,12.0,10.8,2.5
1974-01-28,20.41,0.0,6.9,4.5
1974-01-29,15.46,2.8,10.7,0.5
1974-01-30,10.0,4.1,10.7,0.0
1974-01-31,14.62,8.2,8.5,3.0
1974-02-01,15.92,3.0,11.0,3.0
1974-02-02,15.09,0.4,8.0,4.5
1974-02-03,10.29,5.0,7.4,3.0
1974-02-04,9.5,0.1,9.0,3.5
1974-02-05,8.25,2.2,6.2,-2.7
1974-02-06,12.21,0.0,4.5,-0.1
1974-02-07,6.83,5.1,9.7,0.0
1974-02-08,13.62,2.1,12.2,1.5
1974-02-09,14.17,2.5,11.3,7.0
1974-02-10,19.79,3.5,12.1,7.2
1974-02-11,11.38,7.1,8.6,7.0
1974-02-12,8.92,4.5,8.0,3.1
1974-02-13,7.71,0.0,5.6,0.6
1974-02-14,11.96,3.1,10.9,-3.0
1974-02-15,11.83,4.5,9.8,5.0
1974-02-16,15.92,0.4,8.8,6.0
1974-02-17,7.08,0.1,8.6,2.5
1974-02-18,3.58,0.1,7.1,-1.0
1974-02-19,3.37,0.0,7.1,2.4
1974-02-20,10.88,0.2,9.6,0.4
1974-02-21,11.96,1.0,10.6,5.5
1974-02-22,12.71,0.8,8.9,4.6
1974-02-23,7.0,0.2,10.4,2.2
1974-02-24,2.13,0.6,8.2,3.7
1974-02-25,4.63,0.0,11.0,5.6
1974-02-26,2.29,0.0,10.5,7.0
1974-02-27,3.79,0.0,8.0,4.4
1974-02-28,12.12,0.4,7.0,3.0
1974-03-01,12.04,0.0,7.5,2.5
1974-03-02,7.83,0.0,5.4,-1.5
1974-03-03,9.83,0.0,7.5,-1.5
1974-03-04,9.33,3.7,5.0,0.1
1974-03-05,3.83,0.0,7.2,-1.3
1974-03-06,12.54,5.0,12.4,0.0
1974-03-07,9.17,0.0,13.7,4.6
1974-03-08,9.13,0.0,8.4,3.0
1974-03-09,11.46,0.0,5.1,3.6
1974-03-10,12.79,1.6,6.0,3.0
1974-03-11,11.38,0.0,6.0,3.0
1974-03-12,5.25,0.4,6.4,2.3
1974-03-13,4.04,0.0,8.5,3.0
1974-03-14,7.38,0.3,9.0,-2.2
1974-03-15,14.04,2.7,12.0,2.0
1974-03-16,18.96,0.3,12.1,5.5
1974-03-17,15.75,4.7,11.5,5.0
1974-03-18,11.29,0.0,9.3,4.0
1974-03-19,8.12,1.7,11.1,3.9
1974-03-20,4.92,0.0,11.0,3.0
1974-03-21,4.38,0.0,11.6,-0.6
1974-03-22,6.71,0.0,12.0,3.5
1974-03-23,13.7,0.0,9.5,4.5
1974-03-24,15.0,0.0,7.0,6.0
1974-03-25,4.83,0.0,8.8,5.5
1974-03-26,2.88,0.0,11.0,5.5
1974-03-27,2.42,0.0,7.5,2.0
1974-03-28,4.33,0.0,8.5,6.0
1974-03-29,2.33,0.0,10.9,0.9
1974-03-30,2.21,0.0,11.3,0.8
1974-03-31,6.25,0.0,14.2,4.0
1974-04-01,8.38,1.6,11.0,5.7
1974-04-02,9.17,0.0,11.9,7.6
1974-04-03,5.29,0.0,13.3,0.6
1974-04-04,4.75,0.0,15.4,6.6
1974-04-05,4.25,0.0,13.4,5.8
1974-04-06,6.87,0.0,11.6,4.1
1974-04-07,5.17,0.0,13.2,5.6
1974-04-08,5.09,0.0,13.8,4.2
1974-04-09,3.92,0.0,12.5,5.4
1974-04-10,3.37,12.0,13.5,2.5
1974-04-11,8.63,10.5,10.9,7.1
1974-04-12,11.92,0.0,12.0,7.4
1974-04-13,8.0,0.0,8.0,6.4
1974-04-14,6.75,0.0,10.0,4.0
1974-04-15,1.83,0.0,14.0,-0.3
1974-04-16,2.96,0.0,14.9,1.4
1974-04-17,2.75,0.0,10.9,3.6
1974-04-18,2.25,0.0,12.8,0.4
1974-04-19,2.96,0.0,10.5,0.6
1974-04-20,1.33,0.0,10.5,6.0
1974-04-21,3.29,0.0,11.6,1.5
1974-04-22,2.21,0.0,13.5,0.6
1974-04-23,3.33,0.0,13.8,3.5
1974-04-24,3.29,0.0,13.0,2.5
1974-04-25,4.79,0.0,11.5,2.4
1974-04-26,7.62,0.0,10.2,6.0
1974-04-27,9.5,0.2,9.3,5.2
1974-04-28,11.75,0.3,10.0,5.1
1974-04-29,4.33,0.0,10.4,5.1
1974-04-30,7.41,22.7,11.6,-0.1
1974-05-01,13.7,0.8,10.6,5.0
1974-05-02,8.71,0.9,10.6,3.4
1974-05-03,14.54,7.1,11.7,5.9
1974-05-04,12.92,0.0,9.2,7.4
1974-05-05,10.29,0.0,11.4,7.0
1974-05-06,5.91,0.0,12.0,2.7
1974-05-07,6.58,0.4,13.3,1.2
1974-05-08,13.0,2.9,12.5,8.0
1974-05-09,18.58,13.8,10.3,6.9
1974-05-10,13.54,1.3,11.4,7.0
1974-05-11,5.58,1.0,14.1,4.0
1974-05-12,17.5,6.1,12.2,9.0
1974-05-13,12.92,0.7,15.0,9.5
1974-05-14,9.13,0.0,16.6,4.9
1974-05-15,10.79,0.0,17.4,10.1
1974-05-16,7.54,2.2,13.0,11.0
1974-05-17,8.92,14.3,13.7,8.2
1974-05-18,2.67,3.9,15.0,10.5
1974-05-19,5.91,0.0,17.8,5.4
1974-05-20,9.96,0.1,18.5,11.3
1974-05-21,8.58,1.0,18.0,10.2
1974-05-22,14.62,4.3,14.8,8.5
1974-05-23,14.92,0.0,14.3,8.6
1974-05-24,11.38,0.0,14.6,9.0
1974-05-25,1.58,0.0,15.1,8.8
1974-05-26,2.37,0.0,14.6,7.5
1974-05-27,6.17,0.0,16.6,9.6
1974-05-28,12.58,0.1,15.6,9.7
1974-05-29,6.46,0.0,14.1,3.8
1974-05-30,6.71,1.6,14.0,5.6
1974-05-31,6.04,0.0,17.0,10.0
1974-06-01,9.33,0.0,18.2,12.5
1974-06-02,12.04,0.0,16.6,11.2
1974-06-03,9.21,0.0,15.2,6.4
1974-06-04,5.63,2.4,14.1,9.5
1974-06-05,11.75,4.1,15.6,9.4
1974-06-06,17.5,1.3,13.5,6.0
1974-06-07,10.21,0.1,15.0,6.0
1974-06-08,7.21,6.7,14.6,7.5
1974-06-09,10.34,7.2,12.5,7.5
1974-06-10,11.38,0.0,15.5,5.0
1974-06-11,14.12,0.0,21.2,8.5
1974-06-12,3.42,0.0,17.3,13.4
1974-06-13,5.33,0.0,18.4,8.4
1974-06-14,4.25,0.0,19.1,7.2
1974-06-15,3.29,0.0,18.8,9.1
1974-06-16,2.37,6.5,17.2,9.2
1974-06-17,6.17,1.2,16.0,12.4
1974-06-18,7.46,0.3,15.0,9.7
1974-06-19,5.75,0.2,18.0,12.0
1974-06-20,7.38,0.0,19.4,12.3
1974-06-21,6.08,0.0,23.2,10.8
1974-06-22,11.54,0.0,17.5,12.0
1974-06-23,8.5,0.0,17.3,12.2
1974-06-24,6.87,0.0,17.6,12.7
1974-06-25,8.42,0.0,15.9,11.3
1974-06-26,11.38,0.0,14.9,12.0
1974-06-27,10.29,0.0,14.9,11.3
1974-06-28,4.17,0.0,15.6,10.6
1974-06-29,3.17,0.9,16.8,8.6
1974-06-30,5.25,3.2,19.4,8.6
1974-07-01,12.96,1.9,18.9,10.7
1974-07-02,7.58,9.3,13.7,8.5
1974-07-03,11.12,8.5,17.5,7.2
1974-07-04,8.21,10.2,17.0,11.6
1974-07-05,12.42,0.1,18.1,13.2
1974-07-06,7.41,0.0,18.6,8.5
1974-07-07,7.0,0.0,20.7,14.5
1974-07-08,7.96,0.3,20.7,15.2
1974-07-09,10.41,7.0,20.1,11.8
1974-07-10,11.54,0.3,21.3,13.3
1974-07-11,10.67,1.1,19.7,10.4
1974-07-12,8.5,1.6,19.2,10.2
1974-07-13,5.91,13.1,16.6,10.0
1974-07-14,7.62,8.3,16.2,8.5
1974-07-15,12.5,4.2,19.5,12.0
1974-07-16,11.17,0.0,16.5,12.6
1974-07-17,7.12,0.2,18.3,9.0
1974-07-18,7.5,0.0,20.0,8.6
1974-07-19,13.17,0.0,20.6,13.5
1974-07-20,11.71,0.0,21.5,14.5
1974-07-21,16.29,0.0,22.2,12.0
1974-07-22,17.29,0.8,19.6,15.0
1974-07-23,10.08,0.0,17.6,10.0
1974-07-24,8.58,0.0,18.3,12.0
1974-07-25,7.87,1.0,18.1,8.1
1974-07-26,6.79,0.1,17.8,11.4
1974-07-27,10.63,0.2,18.7,13.9
1974-07-28,11.29,0.0,18.8,10.2
1974-07-29,8.5,9.0,19.5,12.5
1974-07-30,6.0,15.4,21.6,11.9
1974-07-31,3.13,8.5,16.7,13.5
1974-08-01,5.96,0.0,18.0,9.5
1974-08-02,6.83,0.0,17.8,9.1
1974-08-03,2.5,0.0,18.0,12.0
1974-08-04,3.79,0.0,18.3,8.5
1974-08-05,4.17,1.6,21.5,7.7
1974-08-06,5.29,1.3,19.5,14.5
1974-08-07,7.12,1.7,20.2,14.5
1974-08-08,5.71,0.2,18.6,13.3
1974-08-09,7.62,3.6,16.6,11.5
1974-08-10,11.38,0.6,19.1,10.9
1974-08-11,7.0,2.7,18.2,8.9
1974-08-12,10.63,0.0,19.0,12.8
1974-08-13,4.79,0.2,17.5,10.0
1974-08-14,10.25,0.2,21.0,11.0
1974-08-15,14.25,0.0,22.1,14.0
1974-08-16,10.96,1.1,19.4,13.8
1974-08-17,5.88,1.2,18.5,9.5
1974-08-18,5.46,0.0,17.5,9.5
1974-08-19,4.54,0.0,18.0,6.0
1974-08-20,8.87,0.0,20.4,12.1
1974-08-21,7.83,0.0,19.2,14.9
1974-08-22,4.92,1.2,17.9,14.0
1974-08-23,9.59,0.4,22.4,14.8
1974-08-24,10.04,2.1,20.6,12.2
1974-08-25,10.54,1.6,19.2,14.0
1974-08-26,6.67,9.0,15.6,9.0
1974-08-27,8.5,0.4,17.5,6.5
1974-08-28,7.71,1.4,17.0,11.5
1974-08-29,7.46,0.0,17.5,12.0
1974-08-30,7.46,0.0,16.4,12.9
1974-08-31,3.33,5.3,14.2,12.5
1974-09-01,4.42,8.8,15.6,11.6
1974-09-02,12.92,31.0,13.9,7.6
1974-09-03,10.54,0.2,17.6,10.0
1974-09-04,12.79,2.1,15.8,11.3
1974-09-05,8.04,2.5,15.6,10.0
1974-09-06,8.29,7.4,16.8,9.2
1974-09-07,16.21,4.3,14.4,11.2
1974-09-08,10.88,1.2,17.0,10.1
1974-09-09,6.92,0.7,18.0,9.9
1974-09-10,8.0,0.8,18.0,11.0
1974-09-11,9.13,36.0,15.4,12.2
1974-09-12,9.42,1.5,16.0,12.9
1974-09-13,10.37,0.3,17.7,14.1
1974-09-14,5.46,4.8,15.0,8.5
1974-09-15,2.79,0.1,16.8,11.0
1974-09-16,6.13,1.0,17.7,11.0
1974-09-17,7.67,0.0,15.3,11.6
1974-09-18,4.58,0.0,15.7,4.2
1974-09-19,9.5,0.0,16.4,7.4
1974-09-20,9.67,0.4,15.2,8.4
1974-09-21,13.37,1.5,14.2,8.0
1974-09-22,12.21,2.9,16.6,7.5
1974-09-23,11.17,10.1,14.3,9.0
1974-09-24,10.25,2.2,12.5,6.0
1974-09-25,13.0,0.2,12.8,6.0
1974-09-26,8.04,0.0,10.9,4.5
1974-09-27,6.46,0.1,10.7,5.5
1974-09-28,8.38,0.3,11.0,2.6
1974-09-29,7.83,0.0,11.5,4.2
1974-09-30,7.46,0.4,13.5,2.1
1974-10-01,6.79,3.3,11.3,2.1
1974-10-02,13.92,1.6,11.2,6.0
1974-10-03,9.92,0.2,12.4,5.2
1974-10-04,10.17,0.0,12.0,5.2
1974-10-05,9.62,4.0,12.2,6.3
1974-10-06,13.29,1.0,10.6,5.9
1974-10-07,12.67,0.8,12.0,4.5
1974-10-08,9.33,0.0,13.6,6.7
1974-10-09,8.38,0.1,12.4,4.4
1974-10-10,10.0,0.0,12.5,4.0
1974-10-11,9.75,0.4,11.0,4.6
1974-10-12,8.33,0.3,11.2,3.8
1974-10-13,8.17,1.9,11.4,8.5
1974-10-14,4.0,0.2,12.2,8.5
1974-10-15,3.37,0.0,12.6,9.0
1974-10-16,5.41,0.0,10.8,7.7
1974-10-17,7.87,4.1,13.8,7.4
1974-10-18,14.37,2.1,12.6,7.5
1974-10-19,11.71,3.4,8.7,4.4
1974-10-20,15.59,0.4,9.3,4.1
1974-10-21,11.87,0.0,9.8,3.4
1974-10-22,10.96,0.0,10.6,2.5
1974-10-23,8.87,0.0,11.0,4.0
1974-10-24,10.79,0.1,10.8,4.3
1974-10-25,13.67,0.4,11.4,7.5
1974-10-26,15.59,0.2,13.1,8.0
1974-10-27,22.29,0.0,10.0,8.5
1974-10-28,15.92,0.0,7.8,4.3
1974-10-29,13.13,0.0,8.0,3.9
1974-10-30,11.42,0.2,11.0,1.8
1974-10-31,8.54,0.6,12.4,5.5
1974-11-01,6.92,0.6,12.4,7.2
1974-11-02,9.21,0.6,12.3,9.9
1974-11-03,12.71,4.0,7.3,4.0
1974-11-04,5.96,0.0,10.2,1.6
1974-11-05,6.79,4.8,10.1,0.1
1974-11-06,5.41,0.4,10.7,4.3
1974-11-07,5.33,0.7,12.6,8.0
1974-11-08,11.21,1.4,13.5,8.0
1974-11-09,20.04,0.0,12.6,8.6
1974-11-10,19.25,5.1,11.2,4.5
1974-11-11,20.21,0.7,8.6,4.5
1974-11-12,11.75,0.8,10.3,1.8
1974-11-13,12.79,1.9,11.8,3.7
1974-11-14,19.08,0.1,10.2,8.0
1974-11-15,10.63,0.0,9.7,6.1
1974-11-16,9.62,0.0,8.6,-2.9
1974-11-17,5.88,0.0,9.3,-2.0
1974-11-18,8.25,0.0,4.1,-1.5
1974-11-19,4.71,0.0,6.8,-0.9
1974-11-20,14.29,0.0,7.5,-1.0
1974-11-21,9.25,0.2,8.2,4.4
1974-11-22,4.83,7.8,8.0,2.4
1974-11-23,9.71,13.2,9.5,2.2
1974-11-24,18.0,0.1,9.6,2.5
1974-11-25,17.79,0.0,7.7,3.2
1974-11-26,6.96,0.0,9.0,3.9
1974-11-27,22.5,2.8,9.3,3.7
1974-11-28,20.67,0.0,8.2,3.4
1974-11-29,9.96,2.9,10.4,1.9
1974-11-30,13.29,0.1,12.7,4.0
1974-12-01,14.62,0.2,13.6,7.0
1974-12-02,9.87,0.0,12.3,11.5
1974-12-03,12.04,0.0,13.8,7.4
1974-12-04,17.41,0.3,8.5,6.1
1974-12-05,15.75,0.0,9.5,5.3
1974-12-06,17.04,0.0,12.0,6.0
1974-12-07,21.67,0.2,12.0,6.7
1974-12-08,14.92,0.0,12.0,11.0
1974-12-09,17.46,5.2,6.7,3.5
1974-12-10,20.21,2.2,7.0,1.7
1974-12-11,13.75,2.7,10.0,2.2
1974-12-12,17.58,1.1,10.7,1.8
1974-12-13,13.13,1.0,10.1,8.2
1974-12-14,14.88,0.0,8.5,6.3
1974-12-15,10.58,1.4,10.2,3.9
1974-12-16,20.79,1.5,8.4,4.6
1974-12-17,25.46,0.2,6.1,3.0
1974-12-18,16.66,0.4,10.2,2.5
1974-12-19,18.63,0.1,12.0,2.0
1974-12-20,17.46,0.0,13.7,8.5
1974-12-21,16.25,0.4,13.0,12.0
1974-12-22,15.21,0.0,13.9,9.3
1974-12-23,17.75,0.7,12.1,10.0
1974-12-24,11.12,0.1,13.6,4.2
1974-12-25,17.83,3.3,13.8,4.0
1974-12-26,19.5,4.1,11.8,9.5
1974-12-27,20.5,2.1,14.1,7.5
1974-12-28,25.33,4.6,13.7,8.4
1974-12-29,14.96,0.1,8.4,7.4
1974-12-30,11.08,0.2,13.0,-0.1
1974-12-31,15.25,0.0,13.0,4.5
1975-01-01,8.12,0.1,10.1,7.5
1975-01-02,8.58,0.1,10.0,7.0
1975-01-03,9.96,0.0,8.0,6.0
1975-01-04,16.38,0.0,11.7,5.0
1975-01-05,21.59,0.2,11.2,7.0
1975-01-06,19.12,7.3,10.7,9.0
1975-01-07,10.88,4.6,9.6,5.5
1975-01-08,10.63,0.0,10.0,6.3
1975-01-09,14.25,0.0,10.7,9.0
1975-01-10,11.83,0.4,11.3,7.5
1975-01-11,17.41,0.7,12.5,9.0
1975-01-12,15.79,0.3,8.5,7.2
1975-01-13,19.62,6.7,13.0,4.6
1975-01-14,13.96,4.8,10.8,4.2
1975-01-15,10.83,5.0,11.2,4.2
1975-01-16,5.88,0.1,7.0,1.6
1975-01-17,9.62,0.0,6.4,2.1
1975-01-18,7.25,0.2,5.5,-1.5
1975-01-19,12.12,4.2,11.0,-2.5
1975-01-20,16.79,1.0,6.1,3.1
1975-01-21,14.42,4.3,10.8,3.0
1975-01-22,20.91,6.5,10.8,3.2
1975-01-23,19.5,0.5,6.2,2.0
1975-01-24,10.92,16.1,9.2,3.5
1975-01-25,13.17,0.2,8.8,4.0
1975-01-26,10.25,5.2,10.2,1.0
1975-01-27,6.67,7.1,9.4,5.2
1975-01-28,14.75,0.0,9.4,0.0
1975-01-29,7.87,3.5,12.5,2.5
1975-01-30,14.92,1.1,11.8,5.0
1975-01-31,14.58,0.0,11.5,6.0
1975-02-01,9.62,0.0,12.5,6.0
1975-02-02,4.42,0.0,11.2,1.0
1975-02-03,6.08,0.0,8.9,2.6
1975-02-04,4.12,0.0,6.6,-0.5
1975-02-05,8.12,0.0,5.7,0.5
1975-02-06,8.46,0.0,6.9,3.6
1975-02-07,8.58,7.3,7.9,0.5
1975-02-08,7.54,0.0,8.0,5.2
1975-02-09,5.21,0.0,8.3,5.1
1975-02-10,7.0,0.0,9.0,1.5
1975-02-11,5.66,0.0,7.5,4.5
1975-02-12,4.67,1.8,7.0,6.0
1975-02-13,9.79,1.1,7.0,3.6
1975-02-14,4.21,0.0,7.0,2.5
1975-02-15,6.96,1.0,10.0,-1.0
1975-02-16,12.38,0.6,12.2,2.0
1975-02-17,14.0,0.0,10.0,9.0
1975-02-18,4.0,0.0,9.3,3.1
1975-02-19,10.63,1.4,9.1,-2.5
1975-02-20,6.0,5.3,9.1,5.0
1975-02-21,5.21,0.0,10.6,6.4
1975-02-22,7.92,0.2,10.6,1.7
1975-02-23,6.96,0.3,11.3,7.6
1975-02-24,6.34,0.0,13.0,8.0
1975-02-25,9.21,0.0,9.4,6.3
1975-02-26,9.25,0.0,8.0,5.2
1975-02-27,7.87,0.0,8.5,3.5
1975-02-28,7.92,1.5,9.4,-0.4
1975-03-01,10.13,1.4,10.0,5.0
1975-03-02,10.0,6.7,11.8,5.0
1975-03-03,7.38,0.9,13.0,6.5
1975-03-04,1.63,0.0,10.4,2.2
1975-03-05,4.88,0.0,11.7,1.2
1975-03-06,14.46,2.5,13.8,3.5
1975-03-07,14.0,0.8,10.4,5.5
1975-03-08,5.33,0.0,10.5,3.6
1975-03-09,10.08,1.4,8.5,-0.4
1975-03-10,12.96,3.2,9.0,0.4
1975-03-11,19.29,2.9,7.0,3.7
1975-03-12,10.75,1.8,6.5,5.5
1975-03-13,7.62,0.0,7.0,4.8
1975-03-14,6.46,0.8,6.0,1.1
1975-03-15,7.83,2.8,8.5,2.0
1975-03-16,5.58,2.6,5.1,2.7
1975-03-17,7.79,0.0,7.0,1.7
1975-03-18,10.5,0.0,6.3,4.2
1975-03-19,9.62,0.0,6.5,2.3
1975-03-20,8.71,0.0,8.9,2.1
1975-03-21,11.12,2.3,8.3,2.0
1975-03-22,10.92,0.0,10.2,2.5
1975-03-23,10.63,0.2,10.2,3.0
1975-03-24,11.67,0.0,10.1,5.2
1975-03-25,10.88,2.1,12.0,5.6
1975-03-26,7.33,1.3,4.8,3.1
1975-03-27,10.17,1.9,5.0,-0.6
1975-03-28,9.42,1.2,6.3,-2.1
1975-03-29,9.62,0.5,7.1,1.0
1975-03-30,8.58,0.0,7.7,2.9
1975-03-31,9.46,0.0,11.4,2.9
1975-04-01,11.71,5.7,10.8,3.3
1975-04-02,10.75,1.5,9.8,5.9
1975-04-03,11.79,2.0,8.7,1.0
1975-04-04,9.79,0.7,7.6,1.4
1975-04-05,7.0,0.0,6.1,2.1
1975-04-06,8.33,0.5,8.9,2.5
1975-04-07,17.71,0.0,10.0,4.9
1975-04-08,15.92,0.0,6.2,0.1
1975-04-09,10.54,1.2,7.6,-1.2
1975-04-10,11.79,0.0,11.0,1.3
1975-04-11,12.83,0.8,11.7,5.1
1975-04-12,10.29,0.1,13.7,8.2
1975-04-13,9.08,1.7,15.4,10.4
1975-04-14,10.0,3.8,13.2,8.5
1975-04-15,4.46,0.0,14.4,7.2
1975-04-16,5.54,2.0,14.5,5.9
1975-04-17,8.38,0.0,16.2,9.6
1975-04-18,6.79,0.0,13.9,3.1
1975-04-19,9.79,0.3,12.7,4.2
1975-04-20,11.38,5.4,14.0,6.2
1975-04-21,4.67,2.0,15.4,10.0
1975-04-22,4.04,0.0,15.0,10.6
1975-04-23,2.54,0.0,15.1,8.0
1975-04-24,1.21,0.0,16.9,6.2
1975-04-25,1.87,0.0,18.3,7.1
1975-04-26,3.08,9.8,17.1,9.5
1975-04-27,4.83,0.0,11.9,6.2
1975-04-28,7.21,4.6,11.3,3.4
1975-04-29,12.96,1.0,10.0,4.9
1975-04-30,10.41,9.6,12.2,2.9
1975-05-01,13.88,3.0,12.4,7.2
1975-05-02,4.38,7.9,9.6,6.9
1975-05-03,2.54,0.0,13.7,2.6
1975-05-04,0.92,0.0,14.2,3.6
1975-05-05,5.63,0.0,12.2,6.4
1975-05-06,6.96,0.0,13.5,7.2
1975-05-07,12.04,0.0,15.9,6.6
1975-05-08,11.08,4.2,10.9,10.0
1975-05-09,7.41,16.8,10.8,7.1
1975-05-10,9.54,0.0,10.9,7.2
1975-05-11,5.33,2.8,13.0,3.3
1975-05-12,7.33,0.5,13.6,8.2
1975-05-13,2.13,2.0,15.7,8.7
1975-05-14,6.21,0.7,10.7,8.1
1975-05-15,7.87,0.0,12.4,6.6
1975-05-16,3.13,0.0,13.3,2.1
1975-05-17,2.21,0.0,14.9,2.8
1975-05-18,3.92,0.0,16.7,1.4
1975-05-19,4.04,0.0,17.2,6.0
1975-05-20,2.54,0.0,19.6,6.8
1975-05-21,3.71,0.0,16.6,6.1
1975-05-22,6.21,0.0,12.9,3.6
1975-05-23,5.88,0.0,14.4,2.7
1975-05-24,5.71,0.0,12.2,3.5
1975-05-25,7.96,0.0,12.9,2.6
1975-05-26,9.62,0.0,15.1,9.2
1975-05-27,9.92,0.0,15.2,7.2
1975-05-28,6.87,0.0,15.6,7.9
1975-05-29,3.92,0.0,14.9,3.6
1975-05-30,5.33,0.0,12.2,9.3
1975-05-31,3.0,0.0,13.4,1.6
1975-06-01,8.38,2.1,13.0,2.8
1975-06-02,17.21,0.4,12.0,4.1
1975-06-03,5.91,2.2,14.6,3.2
1975-06-04,3.75,1.0,18.3,4.4
1975-06-05,9.13,0.0,20.7,9.2
1975-06-06,7.46,0.0,21.7,12.8
1975-06-07,2.88,0.0,21.2,14.6
1975-06-08,3.92,0.0,21.7,10.2
1975-06-09,4.58,0.0,21.1,10.4
1975-06-10,1.58,0.0,22.5,10.1
1975-06-11,1.58,0.0,24.0,10.6
1975-06-12,3.75,0.0,19.4,13.1
1975-06-13,7.58,0.0,20.3,10.2
1975-06-14,9.0,0.0,17.9,13.5
1975-06-15,5.63,2.2,15.8,8.2
1975-06-16,3.33,5.0,15.6,7.7
1975-06-17,4.42,0.0,18.1,8.4
1975-06-18,10.46,0.0,19.9,12.2
1975-06-19,11.71,0.0,22.2,14.4
1975-06-20,4.42,0.0,18.9,15.6
1975-06-21,3.54,0.0,20.3,11.3
1975-06-22,2.5,0.0,20.2,9.9
1975-06-23,6.04,0.0,23.2,12.7
1975-06-24,4.08,0.0,19.2,14.0
1975-06-25,1.79,0.6,19.6,10.9
1975-06-26,5.46,0.0,18.1,12.8
1975-06-27,6.87,0.0,17.8,7.6
1975-06-28,6.04,0.0,17.1,10.2
1975-06-29,1.83,0.0,18.7,6.7
1975-06-30,1.63,0.0,21.7,11.0
1975-07-01,2.92,0.0,22.5,11.3
1975-07-02,4.79,0.0,23.5,10.6
1975-07-03,3.96,0.0,23.8,10.2
1975-07-04,4.12,0.0,21.2,12.7
1975-07-05,4.71,0.0,21.1,12.1
1975-07-06,4.63,0.0,22.2,11.0
1975-07-07,8.5,0.5,19.0,13.9
1975-07-08,8.67,0.5,18.0,13.9
1975-07-09,8.29,9.7,20.1,13.7
1975-07-10,6.67,1.8,21.3,14.6
1975-07-11,9.13,0.0,21.1,15.7
1975-07-12,5.96,1.0,20.2,12.2
1975-07-13,6.58,0.1,23.6,14.8
1975-07-14,10.71,1.0,23.1,16.8
1975-07-15,14.37,0.6,22.0,13.7
1975-07-16,7.58,0.0,22.6,14.3
1975-07-17,2.79,0.0,19.5,14.5
1975-07-18,5.21,0.9,20.3,13.0
1975-07-19,8.54,0.9,23.0,15.4
1975-07-20,9.79,0.0,21.6,14.3
1975-07-21,13.79,0.0,18.8,12.6
1975-07-22,17.29,6.1,17.8,15.4
1975-07-23,14.62,0.7,17.3,11.3
1975-07-24,13.75,0.8,17.5,9.9
1975-07-25,9.59,0.0,19.5,12.0
1975-07-26,9.46,0.0,23.5,14.6
1975-07-27,4.08,0.0,21.4,12.4
1975-07-28,5.83,0.2,25.1,14.9
1975-07-29,6.04,5.0,22.4,17.2
1975-07-30,3.75,0.4,18.7,14.0
1975-07-31,6.04,0.0,19.4,9.2
1975-08-01,2.71,0.0,21.2,10.1
1975-08-02,3.33,0.0,19.5,10.6
1975-08-03,4.38,0.0,25.7,13.1
1975-08-04,3.83,0.1,25.8,16.5
1975-08-05,7.75,3.2,24.0,16.4
1975-08-06,9.46,0.0,22.3,13.8
1975-08-07,4.83,0.0,22.4,14.9
1975-08-08,4.83,12.0,22.5,12.8
1975-08-09,5.29,0.0,18.4,12.6
1975-08-10,0.92,0.0,20.2,14.9
1975-08-11,2.75,0.0,22.4,13.6
1975-08-12,5.88,0.0,18.8,12.7
1975-08-13,2.62,0.3,21.2,14.9
1975-08-14,3.25,0.0,21.7,12.1
1975-08-15,5.75,0.0,20.2,15.0
1975-08-16,9.54,0.0,20.6,12.8
1975-08-17,2.79,1.2,20.4,9.0
1975-08-18,5.33,2.1,19.4,15.0
1975-08-19,8.38,0.0,23.3,13.2
1975-08-20,11.5,2.4,21.2,14.4
1975-08-21,8.42,0.1,18.6,9.6
1975-08-22,9.42,0.3,18.3,11.7
1975-08-23,6.29,0.2,20.9,8.9
1975-08-24,6.34,0.0,21.0,10.9
1975-08-25,5.0,0.3,21.0,13.1
1975-08-26,2.46,0.0,24.6,13.0
1975-08-27,3.0,0.0,22.7,15.9
1975-08-28,3.17,0.0,23.6,13.6
1975-08-29,8.29,3.0,17.2,14.6
1975-08-30,14.0,0.4,16.8,9.4
1975-08-31,6.42,0.0,20.0,9.8
1975-09-01,5.5,0.0,21.6,10.7
1975-09-02,7.46,0.0,19.6,14.2
1975-09-03,6.54,0.0,18.7,8.4
1975-09-04,9.71,0.0,17.4,6.3
1975-09-05,7.04,0.6,18.1,12.9
1975-09-06,5.09,1.3,18.1,13.4
1975-09-07,4.96,0.0,17.4,12.1
1975-09-08,10.0,0.8,17.9,13.1
1975-09-09,11.5,3.4,18.0,12.6
1975-09-10,9.33,2.9,16.6,10.5
1975-09-11,8.79,1.2,14.6,7.1
1975-09-12,12.87,1.3,15.5,8.1
1975-09-13,9.25,0.0,13.8,4.5
1975-09-14,12.92,1.2,14.2,5.0
1975-09-15,7.75,0.0,15.3,5.6
1975-09-16,4.92,23.6,15.5,4.0
1975-09-17,6.29,36.4,15.6,11.9
1975-09-18,6.63,0.0,15.7,10.0
1975-09-19,8.25,0.7,16.1,5.5
1975-09-20,11.42,0.0,17.0,9.2
1975-09-21,9.29,0.0,17.2,9.6
1975-09-22,16.25,0.3,17.8,13.5
1975-09-23,12.25,2.7,16.7,9.9
1975-09-24,15.67,2.7,15.5,10.1
1975-09-25,12.42,0.3,14.7,11.6
1975-09-26,8.12,10.0,14.6,5.6
1975-09-27,14.12,3.8,15.1,8.4
1975-09-28,9.96,5.0,15.3,0.9
1975-09-29,14.42,2.3,17.3,12.9
1975-09-30,8.67,3.3,15.7,8.6
1975-10-01,11.25,0.0,16.4,9.4
1975-10-02,9.75,18.7,15.6,7.6
1975-10-03,13.88,1.0,14.9,6.3
1975-10-04,18.46,0.0,15.2,11.3
1975-10-05,13.33,0.9,16.8,12.9
1975-10-06,5.09,0.0,16.8,10.7
1975-10-07,2.08,0.0,15.4,9.6
1975-10-08,1.08,0.1,15.2,11.9
1975-10-09,4.58,2.2,16.2,8.8
1975-10-10,8.38,0.0,11.7,8.4
1975-10-11,6.0,0.0,12.1,3.2
1975-10-12,1.46,0.0,10.2,7.5
1975-10-13,7.96,0.3,11.6,2.2
1975-10-14,7.08,2.3,15.3,8.0
1975-10-15,6.96,2.3,12.4,3.3
1975-10-16,5.09,0.3,12.3,6.5
1975-10-17,6.04,0.0,10.6,3.0
1975-10-18,4.29,0.0,13.3,4.5
1975-10-19,14.0,0.0,12.3,5.0
1975-10-20,16.04,0.0,13.2,10.9
1975-10-21,16.66,0.7,13.1,11.1
1975-10-22,21.42,1.1,14.0,10.5
1975-10-23,11.75,0.6,15.9,11.0
1975-10-24,8.04,0.1,20.3,11.6
1975-10-25,9.96,0.0,17.7,13.9
1975-10-26,3.46,0.0,17.1,8.3
1975-10-27,2.29,0.0,15.6,5.8
1975-10-28,5.5,0.0,17.8,7.8
1975-10-29,9.46,0.2,16.0,4.7
1975-10-30,11.42,0.0,16.6,12.5
1975-10-31,12.46,0.3,15.0,13.5
1975-11-01,9.92,0.0,11.0,7.3
1975-11-02,9.71,0.7,14.0,1.5
1975-11-03,11.67,0.0,12.6,5.6
1975-11-04,12.5,0.1,12.2,8.0
1975-11-05,6.38,1.4,11.5,3.2
1975-11-06,8.58,0.0,9.5,6.6
1975-11-07,5.5,0.0,10.3,4.1
1975-11-08,8.79,0.0,10.6,5.5
1975-11-09,11.67,1.0,10.7,8.7
1975-11-10,6.13,24.7,7.9,7.5
1975-11-11,5.66,2.7,9.4,4.1
1975-11-12,9.71,0.0,10.3,5.1
1975-11-13,6.96,0.0,9.1,8.7
1975-11-14,4.96,1.8,13.2,7.3
1975-11-15,9.87,8.7,14.2,7.9
1975-11-16,18.21,0.0,8.1,5.2
1975-11-17,14.0,0.0,8.0,2.8
1975-11-18,11.54,3.1,11.4,0.6
1975-11-19,18.54,1.9,12.9,1.6
1975-11-20,7.08,0.0,12.0,9.2
1975-11-21,0.63,0.0,10.2,6.6
1975-11-22,9.38,0.7,14.5,2.6
1975-11-23,9.21,0.6,11.7,7.3
1975-11-24,10.92,1.4,13.9,2.4
1975-11-25,11.87,0.0,11.3,6.7
1975-11-26,12.0,2.2,6.7,1.0
1975-11-27,18.66,0.0,10.9,2.1
1975-11-28,10.83,0.5,8.0,4.3
1975-11-29,8.38,0.0,6.3,0.4
1975-11-30,10.63,6.0,11.3,-0.6
1975-12-01,13.96,11.2,10.6,-0.8
1975-12-02,16.62,0.0,8.3,4.9
1975-12-03,10.46,0.0,7.8,2.0
1975-12-04,11.29,0.3,10.3,6.1
1975-12-05,10.46,0.2,10.6,7.4
1975-12-06,6.29,0.2,11.0,8.7
1975-12-07,8.87,0.1,9.3,7.3
1975-12-08,6.04,0.0,7.0,4.2
1975-12-09,7.29,0.0,6.2,2.5
1975-12-10,5.71,0.1,6.3,4.5
1975-12-11,5.33,2.0,7.4,4.6
1975-12-12,11.63,0.3,3.9,0.3
1975-12-13,9.5,0.0,4.2,-2.0
1975-12-14,8.42,0.0,6.3,-1.9
1975-12-15,7.92,0.0,5.7,3.1
1975-12-16,9.42,1.5,7.3,2.7
1975-12-17,12.04,0.0,4.7,3.0
1975-12-18,10.0,0.4,5.9,-1.3
1975-12-19,6.67,0.0,7.3,1.2
1975-12-20,9.17,0.0,9.0,4.5
1975-12-21,12.33,0.0,10.1,6.3
1975-12-22,10.88,0.0,10.0,6.7
1975-12-23,12.5,3.7,9.6,7.3
1975-12-24,12.21,0.1,10.2,1.0
1975-12-25,13.96,0.0,10.1,1.9
1975-12-26,11.38,0.0,8.1,6.6
1975-12-27,13.17,0.0,10.0,6.8
1975-12-28,13.04,1.0,11.0,6.8
1975-12-29,9.46,0.0,11.6,6.8
1975-12-30,17.79,3.9,11.7,9.5
1975-12-31,7.08,1.1,5.6,4.8
1976-01-01,13.17,13.0,12.2,1.3
1976-01-02,18.96,3.1,13.5,3.7
1976-01-03,13.29,6.1,6.2,2.9
1976-01-04,13.62,1.0,11.3,2.3
1976-01-05,15.63,0.6,10.8,6.0
1976-01-06,14.83,0.0,11.0,8.8
1976-01-07,14.58,0.0,11.3,9.3
1976-01-08,14.37,17.0,12.0,9.5
1976-01-09,7.17,3.0,10.3,5.9
1976-01-10,21.29,1.2,11.9,2.4
1976-01-11,19.12,0.0,11.2,10.0
1976-01-12,16.42,0.0,11.2,9.0
1976-01-13,11.46,0.0,10.0,9.0
1976-01-14,11.92,0.0,9.3,6.2
1976-01-15,8.38,0.0,8.9,4.3
1976-01-16,8.25,0.0,9.9,7.0
1976-01-17,3.42,0.0,8.8,7.0
1976-01-18,13.83,1.0,8.6,7.0
1976-01-19,20.75,1.0,11.6,4.5
1976-01-20,25.96,0.0,7.9,7.1
1976-01-21,20.79,0.4,10.4,4.9
1976-01-22,21.67,0.6,11.6,6.9
1976-01-23,14.12,0.7,5.1,2.6
1976-01-24,13.29,0.0,4.2,-0.4
1976-01-25,10.21,0.5,3.3,-1.3
1976-01-26,11.46,0.6,5.1,-1.0
1976-01-27,9.25,0.0,7.6,-1.3
1976-01-28,16.71,8.0,8.1,-1.0
1976-01-29,23.13,1.7,7.6,4.9
1976-01-30,23.5,0.0,5.2,4.0
1976-01-31,18.21,0.0,3.7,0.8
1976-02-01,11.58,0.0,3.4,2.0
1976-02-02,11.21,2.3,3.4,2.7
1976-02-03,10.58,0.6,5.6,1.2
1976-02-04,13.62,0.2,5.6,2.6
1976-02-05,12.79,2.4,5.0,3.6
1976-02-06,4.58,0.0,5.8,2.8
1976-02-07,9.5,0.0,10.7,-0.9
1976-02-08,11.17,0.0,12.6,5.1
1976-02-09,16.17,0.0,13.8,3.6
1976-02-10,15.16,5.1,7.6,2.0
1976-02-11,17.12,4.9,9.5,0.9
1976-02-12,17.41,2.2,11.0,1.9
1976-02-13,8.79,0.0,8.5,3.7
1976-02-14,4.25,0.1,8.3,0.4
1976-02-15,9.42,0.0,9.2,5.8
1976-02-16,8.5,0.0,6.6,5.6
1976-02-17,4.38,0.0,4.4,2.5
1976-02-18,2.92,0.0,6.4,-0.5
1976-02-19,10.08,0.0,9.6,3.7
1976-02-20,12.25,2.2,8.8,3.9
1976-02-21,10.17,0.0,12.1,6.5
1976-02-22,12.08,0.0,12.9,5.7
1976-02-23,11.29,6.1,13.3,9.0
1976-02-24,13.29,0.0,12.5,3.1
1976-02-25,14.17,0.0,14.1,5.6
1976-02-26,8.46,0.0,13.6,9.3
1976-02-27,5.75,0.0,11.2,9.0
1976-02-28,6.71,0.0,11.1,7.4
1976-02-29,11.71,3.5,11.4,6.0
1976-03-01,6.5,0.0,11.2,3.5
1976-03-02,6.96,0.0,11.0,-1.0
1976-03-03,10.04,0.0,9.7,3.6
1976-03-04,7.87,0.0,11.9,2.9
1976-03-05,11.54,0.0,11.7,5.5
1976-03-06,20.79,0.0,6.7,5.0
1976-03-07,14.33,0.0,4.5,2.5
1976-03-08,7.54,0.0,5.0,1.8
1976-03-09,7.58,4.4,8.8,-6.7
1976-03-10,12.71,0.0,9.2,1.4
1976-03-11,11.34,5.2,8.6,7.6
1976-03-12,15.92,16.3,5.6,1.0
1976-03-13,12.0,0.1,7.0,4.3
1976-03-14,15.37,0.7,8.5,-0.5
1976-03-15,9.59,0.3,9.5,4.4
1976-03-16,10.79,3.1,8.6,2.2
1976-03-17,8.04,0.1,10.7,1.2
1976-03-18,11.12,3.9,8.5,-0.7
1976-03-19,14.58,1.8,6.4,5.4
1976-03-20,16.88,5.0,9.6,5.0
1976-03-21,6.83,0.5,10.6,5.9
1976-03-22,5.71,0.4,5.3,3.6
1976-03-23,5.96,0.0,9.0,-2.9
1976-03-24,12.96,5.0,12.5,4.6
1976-03-25,15.29,1.5,10.9,8.4
1976-03-26,16.58,1.7,10.0,2.7
1976-03-27,20.88,0.0,12.4,6.3
1976-03-28,18.71,2.5,11.9,8.5
1976-03-29,17.0,0.2,10.9,6.8
1976-03-30,15.63,0.0,13.7,6.9
1976-03-31,17.0,0.1,12.2,4.1
1976-04-01,6.87,0.8,9.3,4.1
1976-04-02,10.79,0.4,8.5,0.9
1976-04-03,12.87,0.2,10.6,-0.9
1976-04-04,12.21,0.0,12.0,3.5
1976-04-05,16.38,0.0,14.5,5.9
1976-04-06,14.71,0.0,12.2,9.2
1976-04-07,10.63,0.0,11.1,8.1
1976-04-08,7.21,0.0,13.1,0.4
1976-04-09,6.0,0.0,14.4,7.8
1976-04-10,10.34,5.8,14.0,4.0
1976-04-11,11.34,4.4,7.8,6.2
1976-04-12,8.29,2.0,12.1,2.2
1976-04-13,15.0,1.5,12.0,4.6
1976-04-14,17.67,0.0,11.0,4.6
1976-04-15,8.79,0.0,13.5,4.8
1976-04-16,6.46,0.0,15.6,4.4
1976-04-17,9.42,0.0,14.2,9.6
1976-04-18,5.63,0.0,13.4,10.2
1976-04-19,5.88,0.0,15.4,9.5
1976-04-20,8.0,0.0,14.0,8.9
1976-04-21,8.83,0.0,12.0,5.5
1976-04-22,14.79,0.0,9.5,7.5
1976-04-23,9.96,0.0,10.0,5.5
1976-04-24,9.87,0.0,12.0,1.9
1976-04-25,11.25,0.0,10.9,8.1
1976-04-26,8.25,0.0,11.3,6.3
1976-04-27,9.59,0.0,10.0,6.5
1976-04-28,7.29,0.0,9.5,4.6
1976-04-29,3.54,0.0,13.0,-0.5
1976-04-30,5.54,0.0,13.9,7.8
1976-05-01,11.96,7.7,12.3,7.1
1976-05-02,12.38,0.7,14.5,6.2
1976-05-03,14.96,5.4,12.9,6.6
1976-05-04,7.08,0.0,13.3,6.8
1976-05-05,5.54,0.0,12.1,8.5
1976-05-06,5.66,1.6,14.8,8.9
1976-05-07,5.33,0.6,16.2,5.8
1976-05-08,7.25,0.0,15.7,6.6
1976-05-09,4.33,0.0,16.5,9.4
1976-05-10,11.25,8.0,15.1,5.8
1976-05-11,14.17,2.6,16.0,8.4
1976-05-12,16.29,1.7,13.4,6.7
1976-05-13,8.96,0.0,13.9,2.6
1976-05-14,13.37,2.1,15.1,10.0
1976-05-15,13.25,3.3,12.8,9.6
1976-05-16,16.5,1.2,15.0,7.0
1976-05-17,13.88,5.8,14.4,11.7
1976-05-18,7.04,5.9,14.0,6.9
1976-05-19,7.08,0.8,12.7,4.1
1976-05-20,8.38,2.1,12.8,7.0
1976-05-21,9.83,1.0,15.3,5.0
1976-05-22,10.54,0.0,19.1,11.9
1976-05-23,9.5,0.0,19.1,9.2
1976-05-24,11.08,0.0,17.9,13.2
1976-05-25,10.0,1.0,15.4,7.0
1976-05-26,7.12,0.0,14.0,6.0
1976-05-27,3.29,0.0,15.1,9.6
1976-05-28,4.63,2.0,14.4,9.8
1976-05-29,3.33,2.7,16.8,8.1
1976-05-30,8.29,1.1,18.8,10.0
1976-05-31,6.29,1.7,16.6,10.0
1976-06-01,12.92,1.4,17.4,9.5
1976-06-02,4.29,0.0,16.5,6.8
1976-06-03,3.04,0.0,16.9,11.5
1976-06-04,5.75,0.3,18.4,12.5
1976-06-05,6.5,0.4,20.4,13.9
1976-06-06,7.87,0.0,23.8,11.3
1976-06-07,5.54,0.0,22.7,12.6
1976-06-08,7.75,0.0,23.7,11.9
1976-06-09,10.83,3.3,20.8,14.0
1976-06-10,10.83,8.1,18.5,9.2
1976-06-11,10.63,0.3,21.9,12.3
1976-06-12,13.13,0.0,19.0,14.6
1976-06-13,10.79,0.0,21.4,12.6
1976-06-14,11.92,0.0,21.9,14.1
1976-06-15,9.79,0.0,22.3,15.0
1976-06-16,3.37,3.8,19.5,14.6
1976-06-17,7.0,1.0,19.2,12.5
1976-06-18,11.67,0.2,16.2,12.6
1976-06-19,11.08,0.0,15.2,9.0
1976-06-20,9.96,1.9,17.9,8.4
1976-06-21,7.12,0.0,20.0,13.1
1976-06-22,8.96,0.0,22.0,14.8
1976-06-23,10.04,0.0,22.0,14.7
1976-06-24,10.37,0.0,24.2,17.4
1976-06-25,7.0,0.0,23.2,14.0
1976-06-26,7.41,0.0,22.2,14.0
1976-06-27,3.42,0.0,21.5,10.8
1976-06-28,5.58,0.0,23.2,11.4
1976-06-29,5.58,0.0,25.1,13.2
1976-06-30,6.04,0.0,26.8,14.5
1976-07-01,5.37,0.0,24.5,17.6
1976-07-02,4.67,0.2,26.3,16.9
1976-07-03,4.88,0.0,23.7,17.6
1976-07-04,4.08,0.0,23.4,15.6
1976-07-05,1.54,12.5,24.7,16.2
1976-07-06,4.12,10.1,19.4,15.6
1976-07-07,5.5,1.5,21.0,16.1
1976-07-08,4.29,17.2,23.6,15.5
1976-07-09,10.34,0.0,19.5,14.8
1976-07-10,9.13,2.2,19.9,12.6
1976-07-11,9.33,0.4,19.0,15.0
1976-07-12,5.75,0.4,19.2,14.4
1976-07-13,9.04,0.2,20.0,13.0
1976-07-14,10.34,10.3,20.1,13.0
1976-07-15,10.08,1.4,20.5,14.0
1976-07-16,6.54,0.0,18.9,8.8
1976-07-17,5.79,0.0,19.6,12.0
1976-07-18,10.25,0.0,21.0,13.0
1976-07-19,9.96,0.1,19.5,15.6
1976-07-20,8.83,3.1,18.6,11.7
1976-07-21,7.92,0.0,18.9,11.0
1976-07-22,5.63,0.0,18.0,10.7
1976-07-23,8.96,0.0,18.5,12.2
1976-07-24,6.58,0.0,18.2,13.4
1976-07-25,5.58,0.0,19.0,10.9
1976-07-26,5.09,0.0,19.3,13.9
1976-07-27,4.92,0.0,21.3,12.0
1976-07-28,5.5,0.0,20.2,12.0
1976-07-29,9.25,0.2,20.1,9.2
1976-07-30,9.87,0.0,17.8,12.8
1976-07-31,7.71,0.0,16.7,6.7
1976-08-01,13.0,0.0,19.4,8.5
1976-08-02,10.58,0.0,19.7,13.2
1976-08-03,5.91,0.0,19.8,12.9
1976-08-04,6.75,0.0,19.0,8.0
1976-08-05,4.92,0.2,19.0,13.0
1976-08-06,3.46,0.0,19.3,13.2
1976-08-07,3.08,0.0,19.8,13.9
1976-08-08,1.67,0.0,20.7,12.9
1976-08-09,1.67,0.0,22.2,9.1
1976-08-10,2.67,0.0,22.9,9.4
1976-08-11,4.71,0.8,20.8,11.8
1976-08-12,1.46,0.5,17.9,15.8
1976-08-13,2.42,0.0,18.9,11.3
1976-08-14,3.79,0.0,20.1,9.1
1976-08-15,3.42,0.0,23.0,8.6
1976-08-16,1.87,0.0,23.2,9.5
1976-08-17,2.0,0.0,23.7,10.4
1976-08-18,4.38,0.0,20.7,10.7
1976-08-19,3.0,0.0,22.2,9.7
1976-08-20,4.04,0.0,22.8,10.2
1976-08-21,6.87,0.0,22.5,10.3
1976-08-22,7.08,0.0,22.4,15.5
1976-08-23,5.79,0.0,23.2,14.6
1976-08-24,6.04,0.0,21.9,12.4
1976-08-25,4.12,0.0,24.6,11.5
1976-08-26,3.88,0.0,25.2,12.3
1976-08-27,8.87,0.0,20.5,11.9
1976-08-28,13.59,0.0,19.4,14.6
1976-08-29,9.67,2.0,16.5,14.6
1976-08-30,9.21,0.0,19.6,10.3
1976-08-31,8.63,0.0,21.1,9.6
1976-09-01,10.34,0.0,20.3,14.3
1976-09-02,11.63,0.0,15.9,7.3
1976-09-03,10.04,0.0,18.1,5.2
1976-09-04,8.08,0.0,19.2,11.7
1976-09-05,3.79,0.0,18.3,11.2
1976-09-06,4.46,0.0,19.9,12.4
1976-09-07,4.38,0.0,20.0,11.5
1976-09-08,13.17,0.8,19.2,10.8
1976-09-09,21.25,0.1,13.3,8.4
1976-09-10,10.54,16.5,13.5,6.2
1976-09-11,20.54,0.0,14.2,7.7
1976-09-12,12.33,1.1,14.1,6.7
1976-09-13,6.71,1.2,13.9,6.7
1976-09-14,12.17,2.7,14.5,8.0
1976-09-15,6.58,0.0,13.0,9.1
1976-09-16,3.08,0.0,14.8,3.5
1976-09-17,4.42,0.0,15.1,1.7
1976-09-18,5.66,0.0,15.9,5.8
1976-09-19,9.75,0.9,16.8,13.3
1976-09-20,7.25,7.5,19.1,7.5
1976-09-21,3.21,14.3,14.8,13.7
1976-09-22,1.63,0.0,16.8,10.9
1976-09-23,6.34,25.1,15.7,8.0
1976-09-24,15.92,27.4,15.4,13.0
1976-09-25,10.13,21.8,16.2,13.1
1976-09-26,8.17,18.1,16.5,10.2
1976-09-27,7.04,11.5,17.3,13.2
1976-09-28,7.71,6.1,17.8,13.6
1976-09-29,6.96,0.3,16.1,13.2
1976-09-30,5.25,0.4,16.4,13.7
1976-10-01,5.04,4.9,15.4,13.8
1976-10-02,2.67,7.8,15.2,12.8
1976-10-03,8.96,2.0,16.4,10.5
1976-10-04,5.41,2.8,14.5,5.0
1976-10-05,11.54,2.5,18.5,5.4
1976-10-06,19.21,1.1,15.5,10.7
1976-10-07,7.71,0.1,14.9,10.8
1976-10-08,3.04,0.0,16.9,7.8
1976-10-09,1.63,0.0,15.5,4.5
1976-10-10,7.41,6.4,15.6,6.5
1976-10-11,5.29,19.7,16.1,11.1
1976-10-12,8.33,0.1,12.3,7.2
1976-10-13,2.25,15.4,14.0,3.8
1976-10-14,13.83,16.0,10.0,7.9
1976-10-15,14.83,0.0,12.3,7.5
1976-10-16,4.88,6.4,11.4,1.6
1976-10-17,13.5,4.8,13.4,5.0
1976-10-18,1.54,0.2,14.2,5.6
1976-10-19,2.42,1.2,12.4,4.1
1976-10-20,6.96,1.6,13.0,4.1
1976-10-21,9.17,1.0,13.9,6.4
1976-10-22,6.04,12.9,13.2,4.4
1976-10-23,6.21,16.7,8.0,7.5
1976-10-24,1.92,1.1,11.1,0.3
1976-10-25,0.92,0.4,11.5,5.5
1976-10-26,2.58,0.6,11.4,2.8
1976-10-27,6.54,8.0,11.4,4.7
1976-10-28,2.58,6.5,11.5,3.5
1976-10-29,6.71,4.6,10.2,6.6
1976-10-30,4.46,0.5,10.2,8.3
1976-10-31,4.21,1.3,11.2,7.5
1976-11-01,10.0,2.2,10.5,7.5
1976-11-02,11.79,0.1,8.9,3.9
1976-11-03,7.54,0.1,10.5,0.9
1976-11-04,5.96,1.0,11.8,3.4
1976-11-05,9.62,0.0,10.5,6.1
1976-11-06,5.17,0.0,12.5,6.8
1976-11-07,8.08,0.0,11.3,4.6
1976-11-08,5.33,0.1,11.4,2.0
1976-11-09,5.75,0.0,8.9,2.6
1976-11-10,8.38,0.1,9.5,-1.5
1976-11-11,4.96,0.2,9.9,-0.1
1976-11-12,8.83,0.1,2.6,-1.5
1976-11-13,6.58,0.3,9.8,-6.7
1976-11-14,11.38,9.3,11.0,-1.5
1976-11-15,8.29,4.5,12.3,2.4
1976-11-16,8.63,0.0,10.0,4.4
1976-11-17,7.41,6.8,11.5,3.0
1976-11-18,7.5,0.1,11.8,9.5
1976-11-19,2.17,0.0,10.3,9.0
1976-11-20,3.71,0.0,8.8,7.8
1976-11-21,8.46,0.0,9.0,6.3
1976-11-22,7.83,0.5,8.2,4.6
1976-11-23,8.54,0.0,8.4,3.2
1976-11-24,11.21,0.0,9.5,5.7
1976-11-25,13.04,5.0,11.5,7.3
1976-11-26,16.75,0.0,12.8,9.0
1976-11-27,15.5,5.0,11.0,2.4
1976-11-28,21.84,5.0,8.5,4.5
1976-11-29,13.21,0.0,6.2,1.2
1976-11-30,8.29,0.0,4.2,-1.1
1976-12-01,10.88,2.0,4.7,0.9
1976-12-02,10.0,0.2,2.9,-1.0
1976-12-03,5.75,0.0,2.2,-0.2
1976-12-04,11.0,0.0,1.5,0.0
1976-12-05,11.83,4.4,8.2,-1.9
1976-12-06,16.75,4.8,6.0,-2.1
1976-12-07,15.46,1.9,9.0,2.3
1976-12-08,10.75,0.0,7.0,2.6
1976-12-09,7.25,0.4,4.2,-1.0
1976-12-10,9.0,0.0,2.2,-3.7
1976-12-11,2.71,0.0,4.7,-0.7
1976-12-12,1.21,0.0,5.5,-1.0
1976-12-13,1.21,3.9,7.5,-1.1
1976-12-14,5.33,0.5,7.7,0.6
1976-12-15,5.66,5.1,8.0,4.9
1976-12-16,6.63,1.3,5.2,4.0
1976-12-17,5.63,0.0,6.0,1.5
1976-12-18,9.92,0.0,6.3,3.6
1976-12-19,3.17,7.5,6.4,4.5
1976-12-20,6.21,0.1,4.8,2.7
1976-12-21,6.5,0.7,4.4,1.4
1976-12-22,9.71,4.4,9.1,-1.0
1976-12-23,6.63,0.9,9.1,0.9
1976-12-24,8.25,0.7,7.3,5.6
1976-12-25,5.96,0.1,6.7,2.8
1976-12-26,6.5,0.0,3.1,0.1
1976-12-27,11.67,1.8,4.4,1.1
1976-12-28,7.58,0.1,4.1,-1.8
1976-12-29,12.33,0.6,6.0,-1.7
1976-12-30,9.67,0.1,5.8,3.1
1976-12-31,7.92,4.2,5.2,-0.2
