PRECTOT,PS,QV2M,T2M,T2MDEW,T2MWET,T2M_MAX,T2M_MIN,T2M_RANGE,TS,WS10M,WS10M_MAX,WS10M_MIN,WS10M_RANGE,WS50M,WS50M_MAX,WS50M_MIN,Drought
0.05,99.52,15.89,26.11,21.3,21.22,30.29,21.79,8.51,27.3,2.42,4.59,1.41,3.18,3.69,7.0,1.85,1
0.74,85.26,2.54,-4.17,-7.51,-5.84,0.85,-8.95,9.8,-4.6,6.05,10.46,2.44,8.02,8.2,13.22,3.19,1
0.0,91.14,2.37,8.95,-7.72,0.62,20.43,1.62,18.81,7.73,3.81,5.55,2.2,3.35,6.46,10.31,3.17,1
1.29,81.48,2.25,-4.59,-9.66,-9.15,-1.25,-6.98,5.73,-4.72,2.92,4.11,1.4,2.71,4.31,5.41,1.97,1
1.46,97.78,4.5,5.57,2.0,2.01,9.73,2.62,7.1,6.93,4.05,5.36,2.41,2.95,5.79,7.18,4.3,0
0.03,95.01,2.17,-3.84,-8.16,-7.92,2.06,-8.87,10.93,-3.8,2.55,3.21,1.8,1.41,4.54,5.89,3.52,0
2.94,101.08,13.68,20.77,19.03,19.05,23.3,19.06,4.24,20.24,3.92,5.14,3.21,1.92,6.26,8.23,5.24,1
0.06,99.03,13.02,28.24,18.04,17.91,36.46,21.16,15.3,28.54,1.47,1.75,0.88,0.87,2.94,5.15,1.09,1
0.31,97.74,7.83,13.43,9.97,9.76,19.27,6.3,12.97,13.67,3.62,4.93,2.38,2.55,5.89,7.6,3.42,0
0.0,99.84,13.42,23.6,18.64,18.48,30.37,17.26,13.1,23.57,1.76,2.25,1.14,1.11,3.78,5.75,1.63,0
1.84,76.48,2.91,-2.61,-7.15,-4.88,2.84,-8.76,11.6,-3.05,4.76,7.41,2.64,4.77,6.9,10.13,4.66,1
4.07,99.82,4.6,7.46,2.61,2.54,12.79,2.9,9.89,8.45,4.25,5.93,2.96,2.97,5.77,7.71,3.41,0
0.0,95.35,12.42,28.81,16.65,16.59,35.24,22.52,12.72,30.38,3.59,4.96,2.53,2.44,5.52,8.07,4.02,1
1.18,95.33,11.86,21.89,15.97,15.77,29.78,16.61,13.17,21.79,5.33,7.1,2.77,4.32,8.11,9.92,6.3,0
3.83,101.63,19.0,26.75,24.48,24.48,29.8,24.35,5.44,26.57,2.89,4.39,1.95,2.44,4.73,5.47,3.79,0
8.06,98.43,13.61,20.87,18.55,18.55,25.4,17.7,7.7,21.01,4.74,6.52,3.46,3.06,6.86,8.11,5.24,0
0.0,81.67,1.89,4.26,-11.94,-3.84,10.87,1.06,9.81,-0.15,1.12,2.05,0.24,1.81,1.54,3.09,0.47,1
0.0,88.2,4.35,14.45,-0.05,-0.13,24.51,5.86,18.65,13.1,4.63,6.91,2.51,4.39,7.14,11.55,3.88,0
3.6,88.18,2.49,-4.93,-7.36,-6.14,-2.85,-9.07,6.22,-5.55,5.0,8.97,1.81,7.16,6.73,11.11,2.44,1
0.0,98.23,4.53,9.55,2.18,5.86,17.53,4.6,12.94,8.64,2.81,3.48,1.31,2.17,4.59,6.12,2.32,1
0.0,93.35,7.05,18.45,7.72,7.67,27.32,11.68,15.64,19.61,3.06,5.0,2.13,2.87,4.46,5.7,2.94,1
9.66,97.98,18.01,26.57,23.04,22.98,31.55,23.02,8.54,27.08,3.48,4.84,1.91,2.93,5.0,5.79,4.01,0
1.29,100.34,3.46,0.72,-1.29,-1.27,5.03,-2.04,7.07,0.87,2.23,3.79,0.52,3.27,4.14,7.06,0.62,0
0.0,96.0,1.86,16.42,-10.09,-9.06,28.16,7.75,20.41,15.66,2.28,3.14,1.12,2.02,3.92,5.58,1.98,1
1.44,91.1,11.25,25.55,14.41,14.26,32.08,18.02,14.06,27.72,2.87,5.72,0.63,5.09,3.8,7.88,1.11,1
0.07,96.86,7.35,10.84,8.86,8.55,16.34,3.24,13.09,10.74,3.77,5.07,2.71,2.37,7.28,9.41,5.81,0
5.19,97.14,9.1,17.98,12.2,11.68,23.3,15.29,8.01,17.77,1.76,2.25,0.65,1.6,3.17,4.3,0.94,1
0.01,100.76,2.33,-3.66,-6.5,-6.33,-0.66,-5.97,5.31,-3.58,4.44,7.79,1.35,6.44,5.64,10.61,1.58,0
0.0,90.11,2.56,12.46,-6.86,-6.46,22.28,3.59,18.69,13.4,4.32,5.74,2.66,3.08,6.36,7.34,4.83,1
0.0,90.08,6.97,20.37,6.96,6.83,26.73,11.76,14.97,21.09,2.18,3.22,0.57,2.65,3.2,5.9,0.67,0
0.0,83.81,3.39,15.09,-4.12,-3.81,25.3,5.65,19.65,16.13,3.15,4.61,1.78,2.82,4.75,8.45,3.02,1
3.97,100.41,17.4,28.28,22.94,22.8,33.94,23.35,10.6,28.27,1.3,1.62,0.7,0.92,2.85,4.57,1.12,0
0.0,96.05,1.58,-9.21,-12.01,-10.61,-4.38,-12.61,8.22,-9.27,3.68,5.94,2.62,3.33,5.66,8.58,3.98,1
0.17,77.67,6.55,16.55,3.93,3.76,26.6,8.77,17.83,17.62,1.93,3.83,0.19,3.65,3.15,6.02,0.37,1
0.0,83.05,1.99,4.16,-11.16,-3.5,14.46,-1.81,16.27,3.76,5.08,8.53,3.22,5.32,7.9,10.74,4.71,1
0.0,87.44,4.87,28.63,1.49,1.47,36.87,20.58,16.29,29.72,6.71,8.32,4.16,4.16,9.62,11.72,8.6,1
0.28,95.35,9.21,15.94,12.05,11.87,22.63,10.06,12.57,15.43,1.43,2.06,0.96,1.09,3.01,4.54,1.45,1
0.0,85.67,2.64,12.89,-7.09,-6.52,25.2,4.91,20.29,12.24,4.53,6.45,2.94,3.51,7.58,10.84,3.47,1
15.22,94.87,6.28,9.52,6.29,5.83,11.27,8.33,2.94,9.02,4.15,5.7,3.14,2.56,6.79,8.89,5.54,1
0.0,89.9,5.99,31.34,4.83,4.6,41.05,20.99,20.05,32.76,4.49,7.72,1.08,6.63,6.11,9.35,2.16,1
0.0,97.28,4.93,8.32,3.24,3.09,15.5,1.58,13.92,8.29,2.36,3.16,1.53,1.64,3.99,5.39,3.1,0
0.03,98.92,1.1,-11.21,-16.05,-14.57,-8.48,-15.21,6.73,-11.2,6.05,7.14,4.71,2.42,10.24,12.14,8.33,0
0.0,86.69,3.28,16.57,-4.05,-4.03,26.95,6.03,20.92,15.67,3.84,5.51,0.33,5.18,6.04,9.24,0.41,1
3.0,98.72,14.79,24.13,19.98,19.79,28.46,18.25,10.21,24.16,3.21,5.15,1.59,3.55,5.35,6.89,2.79,0
0.0,98.33,9.93,20.11,13.71,13.6,26.31,13.94,12.37,20.04,2.91,4.11,2.14,1.97,4.48,5.32,2.66,0
0.0,83.9,1.17,-2.18,-17.45,-15.22,6.74,-10.4,17.14,-4.56,2.09,3.31,0.08,3.23,2.91,5.42,0.15,1
1.19,97.88,9.81,17.59,13.41,13.21,23.9,12.06,11.84,17.04,1.48,2.04,0.95,1.09,2.93,4.81,1.3,1
6.07,98.78,3.75,1.1,-0.43,-0.57,5.75,-4.31,10.07,1.16,3.85,5.28,2.26,3.02,5.97,7.22,4.72,0
0.69,72.58,0.98,-19.24,-21.13,-19.51,-15.51,-25.8,10.28,-20.92,2.27,3.66,0.65,3.01,3.5,5.33,0.85,0
0.18,100.73,10.9,18.25,15.44,15.28,24.88,11.18,13.7,18.59,2.36,4.64,0.48,4.15,4.21,8.28,0.57,0
0.06,90.02,3.6,2.84,-2.2,0.32,8.89,0.51,8.37,1.99,4.92,6.25,3.19,3.06,7.82,9.09,5.27,1
0.29,97.42,4.8,7.46,2.87,5.17,16.51,2.42,14.1,7.53,3.93,6.75,1.45,5.3,5.79,10.98,1.84,1
0.78,81.6,2.89,1.53,-6.46,-6.51,6.67,-1.38,8.05,1.35,4.34,8.0,0.85,7.15,5.46,9.59,1.2,1
0.0,91.99,4.71,27.45,1.73,1.72,38.88,17.14,21.75,27.35,1.9,2.47,0.89,1.58,3.47,5.1,1.71,1
0.0,98.76,2.49,-0.19,-5.88,-5.7,7.23,-5.42,12.65,-0.16,2.36,2.88,1.74,1.14,4.82,6.68,3.99,0
3.52,101.22,17.24,26.5,22.87,22.8,30.85,23.4,7.45,26.68,2.39,3.41,1.45,1.96,4.25,5.03,3.1,0
4.22,99.89,3.37,1.24,-1.7,-1.65,5.59,-2.23,7.83,2.04,3.6,6.99,2.28,4.71,4.8,9.08,3.52,0
0.0,81.07,4.29,21.33,-1.33,-1.2,29.09,14.16,14.94,21.71,2.24,3.75,0.31,3.43,2.97,5.17,0.45,1
0.49,96.33,4.35,2.4,1.28,1.25,6.27,-3.07,9.35,2.35,2.86,4.64,1.88,2.76,5.47,7.42,4.24,0
0.0,99.44,6.07,7.2,6.45,6.34,16.16,1.62,14.54,6.51,3.22,3.86,2.59,1.26,6.16,8.45,3.09,0
1.19,96.44,2.05,-4.97,-8.69,-8.53,1.14,-7.59,8.73,-5.02,3.36,4.4,2.28,2.12,5.62,7.09,4.16,0
0.54,98.32,13.42,21.9,18.35,18.08,27.89,14.22,13.67,21.68,4.33,6.56,2.52,4.04,6.55,10.24,3.42,0
0.0,77.97,4.13,11.84,-2.44,-2.35,21.83,5.29,16.55,11.7,2.61,3.54,2.01,1.52,4.02,5.46,2.39,1
2.6,95.8,6.1,8.1,5.97,5.9,10.93,5.41,5.52,9.47,3.87,5.57,1.88,3.69,4.38,6.51,1.9,1
1.85,77.41,3.8,4.17,-3.52,-3.6,13.2,-0.52,13.72,5.36,6.37,8.92,2.53,6.4,8.09,11.2,3.69,1
10.22,93.22,2.78,-3.49,-5.2,-4.34,-0.18,-5.94,5.76,-3.68,5.93,8.76,3.55,5.21,8.25,10.86,4.28,1
3.71,96.43,5.57,7.22,4.79,4.76,10.3,4.5,5.8,8.46,4.3,5.92,2.32,3.6,4.98,7.1,2.39,1
3.25,89.2,5.92,9.49,4.6,7.04,17.62,1.25,16.37,9.43,6.41,9.95,2.84,7.11,8.85,12.34,5.07,1
4.57,96.82,3.6,0.8,-1.23,-1.28,3.31,-1.05,4.36,0.68,4.46,7.38,2.03,5.35,6.43,9.28,3.95,1
0.0,98.33,16.13,24.8,21.29,21.24,29.52,19.72,9.8,24.79,4.17,5.45,2.98,2.47,6.47,8.93,4.64,0
0.0,88.9,3.51,14.93,-2.87,-2.71,26.19,5.65,20.54,12.99,3.29,5.34,0.92,4.42,5.47,10.24,1.33,1
6.77,100.84,2.99,0.27,-3.16,-3.33,5.6,-4.12,9.71,0.22,3.26,4.73,1.37,3.37,5.8,7.67,2.71,0
0.13,97.38,7.24,11.15,8.73,8.44,16.91,3.75,13.17,11.07,3.99,5.87,2.75,3.11,7.69,10.8,5.94,0
0.14,101.21,17.26,26.68,22.88,22.83,30.09,23.8,6.29,27.25,5.2,6.15,4.23,1.92,7.2,8.01,6.74,0
0.0,99.59,3.46,2.89,-1.38,-1.4,8.72,-2.41,11.13,2.63,3.03,4.37,2.0,2.36,4.44,7.45,2.95,0
0.26,101.19,8.21,12.94,11.16,12.05,18.95,7.68,11.27,12.92,2.08,2.86,1.48,1.38,4.76,6.17,2.78,0
1.18,83.62,2.82,-3.74,-6.43,-6.25,-1.29,-7.03,5.74,-4.17,6.51,8.04,5.3,2.74,9.45,10.46,8.47,1
0.0,96.56,4.23,12.33,0.87,0.91,17.08,8.2,8.87,12.57,5.51,7.79,2.04,5.75,7.96,11.55,3.41,1
0.0,101.27,2.63,-3.02,-4.83,-4.77,1.64,-6.76,8.4,-4.65,2.73,3.48,1.63,1.85,4.35,6.16,2.35,0
6.42,90.0,3.89,0.77,-1.19,-1.15,2.69,-0.78,3.47,0.06,5.12,7.83,2.16,5.67,8.67,12.62,3.85,1
0.08,94.98,3.32,-0.0,-2.61,-1.31,5.5,-3.51,9.01,-0.15,1.79,3.51,1.01,2.5,3.32,6.63,1.58,0
26.74,98.65,4.74,4.09,2.79,2.81,5.6,2.44,3.16,4.29,3.19,4.28,1.66,2.62,5.54,7.2,4.13,0
0.0,84.09,2.42,18.77,-8.39,-7.61,30.3,10.29,20.01,18.78,4.08,5.52,3.23,2.3,6.69,8.62,4.69,1
26.02,95.45,9.47,15.77,12.46,12.39,20.06,11.5,8.57,16.3,4.84,8.05,1.54,6.51,6.57,10.14,2.77,0
9.17,95.17,3.02,-2.27,-3.85,-3.06,-0.57,-3.23,2.66,-2.29,3.99,4.44,3.02,1.41,7.16,8.11,5.33,0
6.73,98.31,18.26,25.72,23.27,23.25,29.49,22.1,7.39,25.34,3.49,4.42,2.81,1.61,6.04,7.62,3.62,0
0.0,88.22,3.35,19.15,-3.53,-3.49,29.24,10.61,18.62,17.1,1.69,2.45,0.23,2.22,2.58,3.82,0.36,1
14.6,99.89,15.77,22.9,21.13,21.15,25.43,20.56,4.86,22.81,4.05,6.03,2.33,3.7,6.63,8.7,4.96,0
0.0,85.89,3.55,19.2,-3.12,-2.86,28.69,11.6,17.09,20.57,4.85,7.58,2.82,4.76,6.96,9.18,3.8,1
0.02,99.6,2.68,-2.51,-4.82,-4.66,0.53,-5.46,5.99,-2.18,5.03,8.66,3.28,5.38,6.86,10.34,5.08,0
0.0,100.67,5.0,12.15,3.91,3.66,15.59,6.93,8.66,12.62,4.77,5.71,3.1,2.61,7.25,8.75,4.89,1
2.7,100.1,11.99,20.95,16.88,16.79,28.02,15.37,12.64,20.76,2.15,3.16,1.55,1.62,4.51,5.94,2.84,1
0.0,100.76,12.03,21.18,17.03,16.92,27.41,16.11,11.3,21.4,3.73,4.87,2.65,2.22,6.13,7.16,4.97,0
5.21,99.72,12.87,20.55,17.88,17.84,26.59,15.67,10.92,20.51,2.35,3.42,1.61,1.81,4.91,6.69,3.2,1
0.0,89.52,2.59,3.39,-6.74,-1.68,9.87,-2.81,12.67,2.93,7.13,11.02,3.72,7.3,10.26,13.75,6.54,1
0.49,101.86,8.9,13.83,12.47,12.28,16.33,10.77,5.56,13.74,2.58,4.32,1.27,3.05,4.43,7.93,2.27,0
1.91,101.89,4.19,2.76,1.53,1.44,4.85,-0.06,4.91,3.4,4.85,6.6,1.68,4.92,6.55,8.31,2.67,0
0.0,82.04,2.72,16.27,-7.21,-6.8,24.5,10.58,13.93,13.06,1.91,2.83,0.64,2.19,2.39,3.26,0.57,1
0.0,100.69,4.3,5.73,1.77,3.75,8.64,1.56,7.07,6.38,4.54,5.97,3.34,2.64,7.24,8.58,5.9,0
9.71,97.12,2.16,-6.09,-7.94,-7.02,-4.12,-8.49,4.37,-6.48,5.04,8.26,2.94,5.32,7.43,10.28,5.45,1
27.24,96.21,13.04,19.04,17.48,17.16,22.61,13.46,9.15,19.71,3.52,7.0,0.21,6.79,4.8,9.56,0.04,0
0.06,101.0,10.8,19.19,15.37,15.21,25.53,12.18,13.35,19.24,2.48,3.31,1.3,2.01,4.36,6.5,1.77,0
0.0,97.44,2.6,-2.58,-5.49,-5.28,1.05,-6.19,7.25,-2.71,3.42,4.6,1.74,2.86,6.47,7.7,4.06,0
0.33,91.8,3.82,1.4,-1.14,-1.31,9.04,-3.3,12.34,1.54,2.45,3.75,0.54,3.2,3.59,5.85,0.97,0
0.04,76.86,1.69,-8.43,-13.9,-13.52,0.35,-14.49,14.84,-11.3,3.15,4.09,2.61,1.48,5.03,8.22,3.65,1
0.01,94.9,1.41,-5.4,-13.64,-12.35,-0.96,-11.06,10.09,-3.61,3.15,4.51,1.1,3.41,4.3,5.48,1.54,0
0.02,101.26,13.74,24.73,19.26,19.08,30.97,19.17,11.81,24.73,1.73,2.28,1.32,0.96,3.86,4.88,2.26,0
0.13,89.99,9.73,25.07,11.94,11.69,31.75,16.65,15.11,23.82,2.07,2.94,0.61,2.33,3.02,4.47,0.84,0
0.0,98.12,3.07,5.31,-3.2,-3.11,12.09,-3.68,15.76,5.69,2.06,3.46,0.14,3.32,3.5,7.76,0.18,0
1.47,67.88,1.52,-15.45,-16.78,-16.11,-10.03,-24.36,14.33,-18.41,2.85,4.8,1.39,3.41,4.43,6.51,1.85,1
16.09,98.89,10.91,18.05,15.16,15.06,20.87,16.31,4.56,18.08,1.64,2.31,0.89,1.42,3.11,4.39,1.98,1
0.0,99.13,4.0,21.17,0.43,0.04,29.54,15.14,14.4,19.1,4.23,5.24,3.59,1.64,7.11,9.04,5.49,1
1.36,68.05,1.21,-17.41,-19.43,-18.42,-11.83,-21.51,9.68,-17.91,4.16,5.94,2.31,3.63,6.14,7.76,3.87,1
4.77,99.58,3.95,2.7,0.42,-0.21,6.84,-4.84,11.68,2.68,2.79,4.21,1.11,3.1,5.16,6.75,2.32,0
0.05,71.89,4.28,13.14,-3.08,-3.19,22.69,5.57,17.12,13.72,5.34,10.23,2.19,8.03,7.24,12.04,3.11,1
0.27,97.05,4.4,3.46,1.54,-0.09,9.6,-4.95,14.55,3.33,8.36,11.54,4.08,7.46,11.06,15.97,5.64,0
0.0,81.88,4.27,13.78,-1.35,-1.27,21.33,6.77,14.56,11.58,2.53,4.44,0.56,3.88,3.75,6.05,0.78,1
0.0,93.35,5.35,14.69,3.74,3.59,22.64,7.71,14.92,14.99,4.5,6.79,2.26,4.54,6.44,8.41,4.09,1
24.21,96.3,13.16,19.94,17.66,17.55,21.97,17.28,4.69,19.92,1.46,1.98,1.0,0.98,3.26,4.68,1.79,0
4.13,97.12,14.29,27.45,19.24,19.04,35.15,22.54,12.6,29.07,3.47,6.4,1.54,4.86,4.91,8.18,1.79,1
0.01,82.31,4.66,24.9,0.03,-0.69,32.89,14.91,17.98,26.45,4.95,7.61,2.64,4.97,6.91,8.69,5.11,1
0.04,100.58,14.64,24.73,20.14,20.02,31.95,19.37,12.58,25.48,4.74,7.61,2.59,5.02,6.73,9.29,5.08,1
0.0,99.39,7.38,14.71,9.38,9.26,20.24,9.09,11.16,14.33,1.52,2.47,0.88,1.59,2.9,6.03,1.1,0
0.0,96.65,2.44,-1.24,-6.39,-3.82,5.15,-4.77,9.92,-1.8,5.0,6.95,2.92,4.03,7.66,8.51,5.99,1
0.0,98.54,5.04,12.29,3.71,3.64,19.52,6.23,13.29,12.24,1.29,1.96,0.06,1.9,2.94,4.87,0.07,0
0.52,73.1,4.77,9.6,-1.28,-1.39,19.7,1.77,17.94,8.86,1.83,2.55,0.86,1.69,2.96,3.87,1.49,1
0.04,99.6,12.94,19.32,17.91,17.92,23.91,15.6,8.31,18.91,4.52,6.89,2.4,4.49,7.4,8.77,4.88,0
0.0,87.21,2.28,7.55,-8.77,-0.61,16.36,2.05,14.31,5.1,3.3,6.76,0.49,6.27,5.07,9.31,0.67,1
1.54,101.52,3.19,3.08,-2.21,-2.44,6.72,-0.0,6.73,3.6,2.76,4.0,1.32,2.68,5.23,7.02,3.46,0
0.0,78.84,3.66,16.36,-3.87,-3.7,26.04,7.23,18.81,15.29,3.63,5.17,1.55,3.62,5.68,9.24,2.24,1
4.08,97.78,2.1,-6.91,-8.22,-7.96,-3.39,-10.81,7.43,-6.81,5.13,9.06,0.59,8.47,6.51,11.34,0.74,0
2.41,74.1,3.01,-1.56,-7.12,-7.09,3.29,-4.97,8.26,-1.43,6.04,8.63,3.02,5.61,9.53,13.63,4.26,1
0.0,98.56,5.47,8.92,4.88,4.64,16.98,0.73,16.25,8.82,4.18,7.71,1.29,6.42,6.25,9.5,2.2,0
4.95,77.07,5.07,5.54,0.37,-0.04,13.13,-3.21,16.34,7.08,5.98,6.94,5.09,1.85,6.92,7.81,6.03,1
1.16,100.85,16.69,29.89,22.38,22.07,37.51,23.78,13.72,29.79,0.91,1.17,0.31,0.85,2.21,3.61,0.59,0
0.0,82.03,2.93,15.69,-6.26,-5.78,24.89,8.68,16.21,14.57,2.01,3.09,1.01,2.08,2.73,3.46,0.74,1
0.0,96.97,3.7,3.14,-0.8,-1.03,9.91,-2.99,12.9,2.97,3.43,5.41,1.82,3.59,5.79,9.38,2.53,0
0.24,95.69,10.83,20.84,14.63,14.12,25.57,13.82,11.75,20.86,5.23,7.77,2.57,5.2,7.76,9.66,5.47,0
0.13,95.96,2.96,-2.83,-4.0,-3.96,0.32,-6.97,7.29,-3.26,6.39,8.57,4.58,3.99,9.02,10.49,7.85,0
0.0,74.25,2.61,11.61,-9.07,-8.7,21.22,2.49,18.73,8.38,1.64,3.35,0.16,3.18,2.28,4.54,0.22,1
0.2,96.94,4.52,8.01,1.98,5.0,17.25,2.81,14.44,8.4,4.26,7.19,0.89,6.29,6.19,11.69,1.27,1
0.2,96.41,8.21,21.38,10.48,10.32,28.39,16.48,11.91,20.38,3.98,8.18,0.63,7.55,6.08,10.57,1.1,1
0.22,89.82,9.78,24.42,12.01,11.98,33.17,18.11,15.06,25.93,2.75,5.23,0.63,4.59,3.94,6.0,0.78,1
24.21,98.12,6.63,8.22,7.54,6.82,14.28,1.12,13.16,8.13,2.97,3.79,1.4,2.39,5.05,6.62,3.1,0
0.06,89.87,6.4,14.29,5.81,5.73,22.49,7.84,14.65,14.53,1.89,3.41,0.96,2.45,3.1,5.02,1.45,1
0.0,89.99,4.95,18.41,2.02,2.02,30.65,8.33,22.32,17.48,3.13,5.3,0.36,4.93,4.84,7.73,0.62,1
1.31,83.75,2.75,-2.13,-6.71,-4.42,5.04,-7.08,12.12,-2.05,5.87,9.28,2.38,6.9,7.78,11.4,3.24,1
0.04,98.28,5.0,9.51,3.57,3.22,16.56,0.54,16.01,10.44,4.19,5.14,3.21,1.93,6.32,8.39,4.38,0
0.01,72.0,4.08,16.68,-3.63,-3.61,25.43,8.98,16.45,15.22,2.09,4.12,0.47,3.65,3.19,5.87,0.89,1
0.0,85.85,3.33,20.62,-3.96,-3.72,28.94,14.89,14.04,20.76,2.86,4.53,1.26,3.27,3.91,6.19,1.72,1
5.64,100.33,7.05,9.55,8.76,8.71,13.77,6.3,7.48,9.02,1.55,2.18,0.7,1.48,2.83,4.41,1.25,0
0.05,87.02,3.6,16.22,-2.81,-2.87,24.08,8.93,15.15,19.61,3.51,6.46,1.13,5.33,4.51,9.37,0.89,1
0.0,78.04,3.04,15.7,-6.43,-6.02,26.1,6.8,19.3,15.36,2.86,3.8,1.16,2.64,4.65,7.91,2.02,1
6.05,97.39,4.81,3.49,2.84,2.84,5.83,0.85,4.99,3.44,4.86,6.17,3.61,2.56,6.48,7.36,5.51,0
0.0,89.58,8.5,29.4,9.78,9.81,36.02,21.77,14.25,30.66,10.59,12.84,7.42,5.42,13.64,15.5,10.19,1
0.01,98.93,4.04,2.74,0.64,0.65,7.28,-0.84,8.13,2.15,2.86,4.39,0.35,4.04,4.2,7.13,0.47,0
0.0,99.02,3.95,3.59,0.36,0.18,11.16,-3.03,14.19,3.38,1.92,2.68,1.41,1.27,4.19,7.2,2.01,0
0.01,85.33,2.34,0.1,-8.6,-8.03,6.27,-3.5,9.77,-0.38,5.04,7.16,2.02,5.14,7.04,8.93,3.04,1
0.03,100.85,15.48,24.69,21.04,20.99,30.49,20.13,10.36,25.04,4.57,7.35,2.68,4.67,6.7,9.1,3.68,1
0.0,86.14,4.59,24.15,0.43,0.38,33.42,15.34,18.08,23.97,1.55,2.85,0.33,2.52,2.18,4.86,0.47,1
0.0,80.74,2.77,20.63,-7.19,-6.56,29.42,13.01,16.41,20.02,2.51,4.34,1.42,2.92,3.36,5.21,1.46,1
0.0,86.49,2.97,4.3,-5.36,-5.14,15.51,-3.17,18.68,3.9,3.02,4.02,2.37,1.65,4.53,5.6,3.4,1
35.84,97.12,9.45,13.39,12.64,12.64,15.4,11.34,4.06,13.24,3.66,4.91,1.26,3.65,6.6,8.62,2.45,0
0.17,97.9,16.41,24.39,21.48,21.47,28.05,21.62,6.43,24.2,4.25,5.66,2.47,3.19,7.39,8.29,6.07,0
0.0,100.9,11.54,21.63,16.42,16.25,28.88,14.12,14.76,21.79,1.44,1.75,0.87,0.88,3.39,5.11,1.24,0
0.0,85.76,2.34,20.29,-8.63,-7.73,31.37,11.38,19.98,19.2,2.49,4.2,0.4,3.81,3.63,5.83,0.73,1
0.0,97.31,5.85,11.02,5.68,5.6,17.77,6.8,10.97,10.78,4.47,5.19,3.59,1.6,7.34,8.64,4.99,0
3.27,93.84,11.75,17.01,15.47,15.45,22.41,13.04,9.37,16.97,2.53,3.36,1.91,1.44,4.9,5.64,4.34,0
2.42,101.33,14.96,30.48,20.66,20.35,36.6,25.19,11.41,32.09,1.45,2.23,0.25,1.97,2.2,3.91,0.36,0
0.0,99.19,7.12,15.53,8.84,8.67,24.07,7.65,16.42,14.66,2.46,2.9,1.8,1.09,3.84,5.53,2.29,0
0.0,99.32,11.05,17.94,15.42,15.37,24.06,13.61,10.45,17.89,1.86,2.67,1.38,1.29,4.27,5.82,2.09,0
0.01,98.33,2.29,-5.0,-7.07,-7.01,-1.47,-11.71,10.24,-5.18,5.2,6.62,4.05,2.57,7.27,8.08,5.84,0
1.86,99.66,2.21,-5.01,-7.32,-7.93,1.39,-13.98,15.37,-5.09,7.51,9.28,5.26,4.02,9.98,12.86,6.9,0
6.33,96.58,8.64,15.16,11.28,11.03,19.53,9.21,10.31,15.12,2.95,4.19,1.36,2.82,6.22,8.04,3.27,0
0.0,92.05,2.5,8.82,-6.91,0.95,20.06,1.05,19.01,8.56,4.41,5.97,2.9,3.07,7.11,9.26,5.42,1
2.24,100.99,18.97,29.47,24.46,24.32,31.29,27.93,3.36,30.12,4.05,5.56,1.83,3.73,4.96,6.24,2.15,0
0.0,88.1,3.29,12.28,-3.88,-5.1,21.13,7.12,14.01,9.32,1.82,2.74,1.13,1.61,2.66,4.1,1.62,1
0.7,86.48,8.02,26.83,8.4,8.37,35.23,16.97,18.26,29.02,4.67,6.14,2.56,3.58,6.38,8.32,5.16,1
0.06,96.1,2.96,-2.93,-4.0,-3.47,2.8,-6.71,9.51,-3.45,4.57,5.96,3.63,2.33,7.33,9.62,3.99,1
19.49,99.77,9.12,13.33,12.52,12.38,17.89,10.32,7.57,13.5,2.85,3.53,1.37,2.16,5.13,6.42,2.32,1
0.15,97.55,11.76,20.6,16.18,16.05,26.29,14.21,12.08,20.74,3.16,3.82,2.44,1.38,5.13,7.85,3.38,0
0.59,97.43,10.11,16.92,13.77,13.68,21.62,10.98,10.64,16.83,1.94,2.62,0.75,1.87,4.44,6.82,2.06,0
0.24,97.5,16.12,29.78,21.25,21.02,36.86,24.24,12.62,31.12,5.6,6.69,3.75,2.94,7.48,9.34,6.12,0
1.54,92.96,13.04,23.78,17.08,16.69,30.9,14.95,15.95,23.93,3.84,6.32,1.8,4.52,6.0,10.36,2.71,0
0.13,100.73,9.0,13.7,12.46,12.41,18.86,9.4,9.46,13.37,4.64,5.55,3.69,1.86,7.47,8.58,5.63,0
0.1,97.79,5.52,10.06,4.91,4.52,15.15,1.14,14.01,10.03,3.28,5.01,1.53,3.47,6.93,9.2,4.95,0
0.0,80.57,1.73,0.66,-13.2,-11.85,7.9,-5.04,12.93,1.16,6.15,8.55,4.69,3.86,8.73,10.35,6.89,1
0.0,97.15,7.27,13.68,8.82,8.67,20.83,7.56,13.28,13.33,6.43,8.93,4.5,4.44,9.72,11.36,7.55,0
0.01,83.35,3.29,3.86,-4.45,-0.29,9.76,-1.85,11.62,3.85,4.33,5.71,2.26,3.45,6.6,9.83,3.65,1
0.0,79.63,2.81,13.47,-7.19,-6.79,23.55,3.04,20.51,12.31,1.78,3.1,0.25,2.85,2.4,3.83,0.34,1
2.03,100.74,11.19,17.53,15.81,15.5,22.69,12.01,10.68,17.62,2.45,3.45,1.43,2.02,4.62,5.6,3.19,0
15.26,83.12,4.16,1.41,-1.36,-1.31,5.04,-1.07,6.11,2.62,5.62,7.93,3.55,4.39,7.02,9.54,4.53,0
0.02,94.94,12.81,26.91,17.12,17.0,33.19,20.27,12.92,26.83,10.66,13.61,5.81,7.8,14.46,17.85,9.16,0
0.02,98.37,1.11,-11.11,-15.99,-14.64,-7.52,-15.38,7.86,-10.76,6.17,9.78,1.96,7.82,7.85,12.09,3.16,0
6.55,100.01,6.05,7.27,6.47,6.39,9.7,4.49,5.21,7.75,3.4,4.75,2.1,2.65,4.8,6.46,3.59,1
1.32,101.93,7.78,14.07,10.51,10.16,15.78,12.4,3.37,15.64,4.35,7.49,2.2,5.29,5.02,8.42,2.39,1
0.07,86.83,5.92,21.25,4.04,4.1,30.19,12.29,17.9,22.79,4.71,5.81,2.86,2.95,7.04,10.42,3.05,0
0.03,88.78,5.24,20.63,2.64,1.98,27.76,13.29,14.47,21.1,6.0,9.56,3.6,5.96,9.11,11.7,6.67,0
3.48,85.16,10.25,23.11,11.93,11.62,28.97,17.92,11.05,23.78,4.68,8.13,1.33,6.8,6.67,10.31,1.83,1
6.19,93.11,6.81,9.23,7.16,7.05,13.01,4.4,8.61,9.29,2.71,4.23,0.88,3.35,4.87,6.99,1.23,0
0.1,78.63,4.53,8.82,-0.99,-0.95,16.27,4.29,11.98,8.66,4.91,8.26,0.59,7.67,7.14,11.06,1.09,1
3.67,101.56,12.11,17.87,17.18,17.17,21.57,15.2,6.37,16.89,2.76,4.04,1.88,2.16,4.81,6.08,3.58,0
2.0,98.79,7.05,11.79,8.57,8.47,13.83,8.23,5.6,12.23,8.74,12.43,4.64,7.79,10.4,14.06,5.15,0
0.0,98.06,4.12,0.97,0.8,0.79,4.4,-0.53,4.93,0.8,1.15,2.35,0.35,2.0,2.31,5.36,0.45,0
21.74,99.37,14.94,21.43,20.16,20.14,24.79,18.65,6.14,21.29,1.04,1.9,0.11,1.79,2.21,3.36,0.5,0
6.26,98.45,11.93,19.01,16.47,16.17,24.13,11.77,12.37,18.9,3.59,5.43,1.42,4.0,6.46,8.51,3.45,0
0.04,98.35,5.3,8.61,4.4,4.34,14.68,3.31,11.38,9.26,3.47,5.15,1.93,3.22,5.28,8.82,2.59,0
0.0,100.01,2.94,-0.9,-3.54,-3.43,2.91,-4.59,7.49,-0.94,3.26,4.25,2.14,2.12,6.24,7.14,4.71,0
7.53,96.21,3.97,0.99,-0.02,0.02,2.92,-1.3,4.22,0.87,4.42,7.74,1.84,5.9,6.25,10.26,2.2,1
0.14,99.76,7.07,10.07,8.72,8.71,14.33,5.99,8.33,10.17,2.8,3.74,2.11,1.63,4.63,6.02,2.85,0
0.0,77.89,2.38,1.8,-9.65,-3.93,11.24,-2.65,13.89,-1.09,4.04,5.28,2.36,2.92,7.09,10.2,4.18,1
0.32,97.74,3.32,2.56,-2.18,-2.19,9.77,-3.47,13.24,2.68,6.43,10.55,3.1,7.45,9.18,12.89,5.52,0
0.04,92.06,2.81,2.13,-5.19,-1.53,7.06,-1.98,9.04,0.75,6.29,9.76,0.67,9.09,8.84,12.16,1.02,1
0.0,101.11,2.8,2.39,-3.99,-3.86,8.62,-3.7,12.32,1.71,1.68,2.48,0.84,1.64,3.28,6.17,1.32,0
0.0,93.08,2.48,28.88,-6.95,-6.07,38.16,20.26,17.89,30.68,2.15,3.96,0.07,3.89,3.05,7.09,0.07,0
12.43,87.01,7.32,12.25,7.29,7.23,17.27,7.15,10.13,13.13,3.96,6.61,2.64,3.97,5.62,9.08,2.93,0
0.07,98.94,12.53,21.35,17.38,17.3,28.31,13.99,14.32,21.64,4.0,6.4,2.42,3.99,6.16,10.16,3.93,0
0.51,84.19,10.06,27.41,11.39,11.31,35.87,19.54,16.32,28.91,6.56,9.26,3.62,5.64,8.66,11.48,5.53,1
0.0,84.74,2.7,16.11,-6.87,-6.45,26.8,7.44,19.36,14.41,2.76,3.55,1.72,1.83,4.09,5.82,2.76,1
0.05,92.36,6.58,8.16,6.53,6.39,13.43,3.16,10.27,8.14,3.83,6.74,2.3,4.43,7.22,12.12,4.57,0
0.1,93.62,13.65,23.27,17.89,17.77,31.1,17.68,13.42,23.3,5.06,6.77,2.65,4.12,7.19,9.16,4.91,0
0.22,97.94,8.68,14.93,11.54,13.23,23.35,8.02,15.33,14.82,4.35,6.77,2.58,4.19,7.06,9.32,4.65,1
0.0,77.8,2.21,2.75,-10.6,-3.92,12.94,-2.34,15.28,-0.05,3.38,4.47,2.04,2.43,5.68,8.96,3.24,1
0.14,101.11,16.0,24.82,21.61,21.58,30.0,20.99,9.01,25.36,2.61,3.71,1.71,2.0,3.88,5.88,2.1,1
0.09,75.15,2.79,8.78,-8.09,-7.49,18.17,-0.46,18.63,10.49,5.37,7.17,2.17,5.0,7.42,9.65,4.29,1
0.02,96.72,1.03,-15.4,-17.17,-16.25,-6.85,-22.41,15.55,-16.07,7.33,9.41,4.91,4.5,10.26,11.67,7.71,0
0.0,88.0,2.43,1.11,-7.72,-7.23,7.94,-3.14,11.08,0.13,3.3,5.65,0.3,5.35,4.71,6.61,0.43,1
1.57,99.25,4.38,3.24,1.78,1.84,4.27,2.58,1.69,2.01,6.45,10.45,4.22,6.23,9.13,13.74,6.97,0
0.45,74.33,3.59,1.03,-4.79,-4.79,5.24,-1.38,6.62,0.92,7.35,10.52,5.27,5.24,10.73,13.33,9.05,1
3.65,99.78,15.98,24.22,21.35,21.32,29.12,20.52,8.59,24.22,1.95,2.63,1.11,1.52,4.18,6.4,1.94,0
0.9,97.47,10.02,17.26,13.65,13.45,23.61,11.82,11.79,17.14,1.8,2.26,1.45,0.81,3.68,5.28,2.04,1
0.0,102.13,6.2,11.24,7.19,6.98,19.82,5.53,14.29,11.07,1.99,2.36,1.09,1.27,4.69,6.1,1.56,0
0.0,83.63,1.76,1.71,-12.58,-5.44,7.53,-3.15,10.68,-1.84,1.72,2.59,0.33,2.26,2.32,3.74,0.43,1
0.05,86.27,3.8,2.18,-2.03,-2.27,4.66,-2.61,7.27,3.72,6.49,7.92,4.17,3.74,7.26,8.73,5.13,1
14.27,96.29,10.01,15.22,13.4,13.34,18.82,11.8,7.02,15.63,5.87,8.29,2.9,5.39,7.52,9.94,5.12,0
0.01,87.54,5.82,25.54,3.97,3.99,32.69,20.52,12.16,26.3,3.65,6.34,1.75,4.59,4.77,6.95,2.55,1
0.16,101.48,11.65,24.5,16.69,16.51,31.87,18.23,13.65,25.08,2.37,3.23,1.4,1.83,3.84,6.4,2.17,0
4.13,79.64,5.89,16.84,2.76,1.86,24.76,6.86,17.9,17.67,6.99,12.3,3.29,9.01,9.52,14.87,4.83,1
0.01,78.9,1.9,-3.97,-12.22,-8.1,2.16,-8.32,10.48,-4.26,3.8,6.14,1.87,4.27,5.83,8.01,3.16,1
0.01,98.68,15.34,31.13,20.62,20.45,35.91,26.12,9.79,32.14,3.71,5.51,2.31,3.2,5.2,7.96,2.67,0
0.01,100.51,4.71,4.18,2.98,2.46,9.05,-2.23,11.28,3.94,5.55,8.0,3.51,4.49,8.99,12.59,6.41,0
0.0,86.59,1.7,-2.29,-12.53,-11.58,4.43,-7.3,11.72,-3.03,4.12,7.42,1.28,6.14,6.3,9.09,1.9,0
24.27,99.63,9.38,13.6,12.93,12.79,18.21,10.0,8.21,13.24,2.88,4.76,2.0,2.76,5.71,8.04,4.51,0
0.0,97.98,6.5,10.52,7.26,6.62,18.36,1.22,17.14,10.57,2.41,3.45,1.41,2.04,5.32,7.41,2.97,0
0.48,96.37,13.8,21.72,18.46,18.34,27.24,15.65,11.58,22.16,1.99,2.74,0.89,1.85,3.02,5.51,1.33,0
0.02,95.21,4.38,15.3,1.11,-0.1,24.28,10.41,13.87,13.59,1.96,2.6,1.27,1.32,3.19,3.91,1.79,1
4.46,101.24,4.26,4.14,1.7,1.46,7.03,0.59,6.44,3.94,6.39,8.51,2.29,6.22,8.34,11.66,2.92,0
6.35,100.07,5.58,5.94,5.32,5.27,8.49,3.8,4.69,5.68,1.85,3.93,0.42,3.51,3.61,7.27,1.06,0
0.0,87.38,5.21,18.38,2.33,2.42,27.7,8.0,19.71,20.31,3.76,5.14,1.77,3.36,5.69,8.63,2.9,1
4.1,100.16,14.72,21.06,20.05,19.97,25.74,16.7,9.04,21.09,1.79,2.32,1.2,1.12,4.01,5.29,2.9,0
0.0,99.59,16.58,28.94,22.05,21.9,36.56,23.47,13.09,30.46,6.35,8.61,4.46,4.15,8.02,10.66,6.46,1
2.89,96.09,4.83,7.95,2.77,2.66,14.53,1.55,12.98,7.13,3.87,7.44,1.28,6.16,5.12,9.71,1.96,0
5.07,79.22,2.53,-2.77,-8.53,-5.65,-0.62,-6.36,5.75,-3.3,7.4,9.85,3.38,6.47,10.31,12.88,6.3,1
13.97,100.69,8.83,13.64,12.17,11.99,19.22,8.36,10.86,13.76,2.29,3.08,1.16,1.92,4.07,5.23,3.16,0
7.01,99.18,4.27,4.79,1.47,1.28,9.43,0.6,8.83,4.66,4.68,7.73,0.93,6.8,7.0,11.39,1.4,0
0.0,84.57,4.42,13.44,-0.39,-0.29,23.02,5.49,17.53,14.04,2.57,3.28,0.95,2.33,3.93,5.9,0.97,1
0.0,95.58,9.75,26.1,12.9,12.71,32.75,20.32,12.43,27.95,4.28,6.38,2.28,4.1,6.15,7.35,4.96,0
0.0,93.68,6.97,16.97,7.64,7.57,24.13,11.8,12.33,15.96,1.71,3.29,0.12,3.17,2.43,4.37,0.3,1
1.66,101.05,1.18,-12.49,-15.04,-14.12,-8.93,-16.53,7.6,-8.95,4.07,5.93,2.15,3.78,5.14,7.79,2.58,0
0.0,90.07,4.11,16.77,-0.56,-0.45,26.73,8.69,18.05,17.13,3.06,4.5,2.01,2.49,4.4,5.31,3.2,1
0.7,85.75,2.36,1.12,-8.46,-7.98,8.93,-3.38,12.31,1.41,3.07,4.65,1.73,2.92,4.49,7.11,2.25,1
0.0,88.43,2.58,-1.44,-6.83,-4.13,4.54,-6.79,11.34,-3.64,1.35,2.02,0.29,1.74,2.16,3.23,0.36,1
0.0,85.72,2.56,6.31,-7.49,-0.59,17.16,0.01,17.16,3.32,3.5,4.83,1.69,3.14,5.73,9.29,2.48,1
1.07,77.57,8.61,18.48,7.93,7.74,26.27,9.73,16.54,20.18,2.38,3.41,0.46,2.95,3.66,5.94,1.08,1
0.0,97.89,3.32,2.38,-2.16,-2.16,10.09,-3.53,13.62,2.01,5.26,8.31,1.86,6.45,7.47,11.12,2.84,1
1.75,70.52,2.85,-8.81,-8.81,-9.14,-2.28,-16.08,13.8,-13.11,1.93,2.88,1.25,1.63,2.8,4.08,1.97,1
2.62,92.54,5.97,5.93,5.16,5.09,8.87,2.97,5.91,5.94,3.37,4.02,3.02,1.0,7.0,8.17,5.93,1
0.0,97.9,4.5,7.28,2.02,1.96,11.97,3.47,8.51,7.44,3.38,5.37,1.85,3.52,4.91,8.48,2.6,0
6.97,98.11,12.56,19.18,17.21,17.18,23.81,14.85,8.96,19.3,3.59,5.42,2.04,3.38,5.25,6.96,2.62,0
0.0,80.16,2.57,7.42,-8.31,-7.62,16.63,1.71,14.92,6.36,7.45,11.63,4.62,7.01,11.4,14.59,8.69,1
7.31,97.45,5.02,5.14,3.44,3.48,8.03,2.79,5.24,5.44,3.86,5.14,2.36,2.78,5.29,6.43,4.37,0
0.01,96.67,5.32,7.21,4.17,4.07,10.29,3.61,6.67,7.3,7.8,10.61,4.56,6.05,10.5,13.01,6.9,0
0.91,98.74,13.43,22.24,18.44,18.36,27.01,17.74,9.27,22.88,1.15,1.79,0.33,1.46,2.09,4.3,0.71,0
0.0,98.99,3.33,17.52,-2.12,-2.56,28.08,11.44,16.63,16.48,1.76,2.35,0.33,2.01,2.77,4.03,0.42,1
0.0,86.47,4.0,16.39,-1.46,-1.32,28.02,6.97,21.05,16.12,2.99,4.27,1.9,2.37,4.45,5.53,3.07,1
0.0,79.25,1.79,-2.07,-12.94,-7.51,2.35,-6.26,8.62,-2.88,4.54,8.98,1.47,7.51,7.03,11.7,2.39,1
15.67,100.04,18.61,26.1,23.87,23.86,29.82,22.96,6.86,26.32,2.24,3.38,1.44,1.93,4.08,4.8,3.17,0
1.75,96.25,11.76,18.47,15.9,15.79,24.84,13.67,11.16,18.11,4.34,5.8,2.97,2.83,7.14,8.63,5.43,0
0.0,87.49,2.55,3.53,-7.23,-1.85,11.98,-1.25,13.23,2.89,3.13,4.69,1.65,3.04,4.42,5.64,2.25,1
0.18,98.98,3.87,0.29,0.04,-0.24,6.73,-4.75,11.48,-0.27,3.87,4.88,2.97,1.91,6.15,7.88,4.63,0
2.03,82.53,10.49,20.98,11.84,11.72,28.03,14.03,14.0,21.86,4.35,7.05,2.19,4.86,6.48,8.73,3.96,1
1.69,98.08,14.32,29.24,19.42,19.22,36.81,23.62,13.19,31.26,3.45,6.54,0.86,5.68,4.7,8.52,1.12,1
1.65,83.99,4.88,3.96,0.98,0.89,7.47,0.19,7.28,3.12,2.15,3.26,0.78,2.47,3.38,5.59,1.16,0
15.15,98.46,7.99,11.85,10.34,10.36,13.78,9.9,3.88,11.93,4.35,5.11,3.81,1.3,5.99,7.28,5.17,0
2.25,92.75,9.86,16.0,12.64,14.32,21.47,10.38,11.09,16.04,8.91,13.19,2.41,10.78,12.16,16.48,4.49,1
0.0,89.24,2.61,4.78,-6.7,-0.96,15.06,-1.14,16.21,3.64,5.19,6.74,2.76,3.98,8.65,11.29,5.03,1
1.46,97.75,9.74,16.64,13.27,13.23,22.14,12.18,9.96,16.47,6.32,8.12,5.12,3.0,9.09,11.72,6.75,0
0.0,97.95,1.39,-5.53,-13.4,-12.27,-0.21,-9.91,9.7,-4.88,6.22,9.17,1.45,7.72,7.91,12.57,1.76,0
0.94,85.6,8.36,24.41,8.86,8.45,34.38,14.33,20.05,26.58,6.19,9.81,1.92,7.9,7.96,12.76,2.05,1
0.1,86.01,6.93,12.15,6.35,6.11,19.62,5.78,13.84,12.33,6.86,11.99,2.62,9.37,9.48,14.6,4.41,1
0.03,96.23,11.57,20.08,15.7,15.58,24.78,14.92,9.86,20.17,5.17,8.75,2.39,6.36,7.65,11.12,3.97,0
0.0,76.86,1.46,-4.47,-15.87,-14.32,4.84,-11.54,16.38,-4.56,5.5,6.86,3.55,3.31,7.64,9.57,6.45,1
0.27,72.32,5.95,18.04,1.53,0.6,26.52,9.59,16.93,19.93,3.57,5.5,1.9,3.6,5.05,6.55,3.15,1
0.01,99.07,4.29,3.5,1.48,2.49,10.28,-1.92,12.19,3.26,2.68,3.53,1.6,1.92,4.85,7.03,3.4,0
1.0,96.07,6.09,10.87,6.07,5.7,17.27,7.23,10.04,10.77,4.13,8.25,0.23,8.02,5.43,9.31,0.3,0
0.0,82.66,4.85,14.75,0.55,0.66,23.5,7.59,15.91,14.05,2.23,3.11,0.48,2.63,3.51,6.12,0.87,1
0.0,85.75,2.15,6.48,-9.75,-1.63,18.25,-0.25,18.5,4.22,3.82,5.06,2.04,3.02,6.41,10.34,2.4,1
0.02,83.9,6.16,28.07,4.2,4.03,36.06,17.75,18.31,29.48,7.53,10.86,3.59,7.27,10.21,14.97,5.38,1
12.8,96.36,14.88,21.67,19.62,19.63,24.68,18.87,5.81,21.61,5.95,8.37,4.76,3.61,8.42,11.64,7.01,0
0.0,99.66,7.96,16.19,10.55,10.16,23.42,11.96,11.46,15.37,1.68,2.58,0.62,1.96,2.31,3.65,0.89,1
10.55,76.77,2.81,-3.96,-7.6,-7.62,-0.01,-8.6,8.59,-5.0,3.0,3.95,0.7,3.24,4.49,6.98,1.34,1
0.0,89.68,2.3,7.98,-8.29,-0.15,19.85,0.41,19.44,6.86,3.92,5.33,2.37,2.96,6.74,10.73,3.29,1
0.0,77.41,2.93,5.15,-7.04,-6.83,14.96,-1.47,16.43,2.82,3.6,4.67,2.36,2.31,6.13,9.25,3.25,1
0.0,98.86,2.69,2.36,-4.83,-4.66,9.09,-3.94,13.03,1.36,1.14,1.91,0.17,1.74,2.19,4.96,0.42,0
0.13,93.98,12.23,33.46,16.1,15.86,43.29,24.97,18.32,34.64,4.9,7.12,2.06,5.06,6.83,10.78,2.72,1
16.97,96.72,17.0,24.02,21.83,21.69,29.16,17.23,11.93,23.72,6.09,9.7,3.45,6.25,8.69,12.82,4.85,0
0.0,90.21,6.32,21.51,5.53,5.43,31.53,13.82,17.7,21.54,3.57,5.28,0.84,4.44,5.85,8.83,1.2,1
0.0,102.25,2.74,1.2,-4.14,-4.03,6.02,-2.23,8.25,1.42,3.57,5.63,2.1,3.53,6.07,8.12,4.1,0
0.0,80.01,2.26,15.4,-9.88,-8.95,26.11,6.31,19.8,15.99,3.87,7.0,1.08,5.92,6.26,10.74,1.53,1
0.02,75.23,4.02,13.03,-3.3,-3.5,22.96,1.73,21.24,14.46,2.34,3.3,1.42,1.88,3.33,4.27,2.18,1
0.0,82.44,1.73,18.59,-12.95,-11.18,27.89,10.63,17.26,16.43,1.91,3.28,0.11,3.16,2.56,4.16,0.12,1
4.18,91.04,15.99,25.08,19.96,19.84,29.14,22.01,7.13,25.71,2.84,4.96,1.01,3.94,3.95,7.83,1.25,1
0.41,83.6,11.85,23.66,13.9,13.81,30.88,17.88,13.0,26.18,4.68,6.34,2.79,3.54,5.9,8.73,2.8,0
0.0,101.26,13.91,27.06,19.48,19.31,34.11,22.33,11.78,27.74,1.91,3.41,0.55,2.86,3.23,6.96,0.65,0
0.77,100.87,2.4,-2.61,-6.07,-5.82,1.57,-4.44,6.01,-2.2,3.2,4.32,1.78,2.53,5.12,6.41,3.32,0
0.0,99.15,3.01,3.07,-3.31,-3.26,7.8,-1.13,8.93,1.94,1.4,2.34,0.43,1.9,1.8,2.67,0.64,0
0.18,88.32,2.34,-1.28,-8.1,-7.76,3.37,-4.81,8.18,-1.42,4.82,8.27,2.26,6.01,7.29,10.28,4.27,1
1.94,84.02,3.59,1.06,-3.15,-1.05,8.28,-8.15,16.43,0.15,9.88,15.02,6.16,8.85,13.3,18.76,8.76,1
3.14,85.28,2.22,-6.61,-9.24,-7.92,-3.86,-9.43,5.57,-7.09,5.69,7.76,2.03,5.73,7.74,9.47,3.41,1
0.88,101.39,7.52,11.65,9.88,9.81,17.7,6.74,10.95,11.61,2.96,4.26,1.53,2.73,4.58,6.94,2.59,0
1.99,86.03,10.68,18.77,12.77,12.32,26.25,10.21,16.05,19.77,3.83,5.66,1.51,4.15,5.53,8.31,1.68,0
0.08,81.57,2.66,-3.19,-7.51,-7.16,2.25,-6.0,8.24,-4.2,1.65,2.5,0.71,1.78,2.32,3.2,0.96,1
0.0,98.96,8.34,16.64,11.14,10.99,22.42,9.52,12.89,16.75,2.23,2.89,1.5,1.39,4.12,5.61,2.34,0
0.0,89.95,2.18,9.5,-8.91,0.3,19.82,1.39,18.43,8.73,5.92,9.08,2.89,6.19,9.03,12.27,4.68,1
13.98,97.7,15.62,22.9,20.63,20.44,27.57,17.86,9.71,22.78,5.72,8.02,2.74,5.28,8.2,10.51,4.68,0
29.22,96.67,14.71,21.58,19.48,19.45,25.76,17.37,8.39,21.42,4.32,5.59,2.42,3.16,6.32,8.74,4.55,0
0.0,81.83,4.76,13.82,0.16,0.29,21.4,6.71,14.69,14.55,2.09,3.5,0.63,2.87,2.64,3.96,0.91,1
0.1,99.69,1.8,-4.82,-9.9,-9.43,2.07,-11.11,13.18,-4.62,2.94,4.65,1.77,2.88,5.54,7.65,4.25,0
0.0,93.24,2.35,12.41,-7.47,2.47,21.53,6.48,15.05,9.69,3.24,5.04,0.93,4.11,5.13,8.6,1.31,1
0.0,98.66,2.96,1.96,-3.58,-3.49,6.25,-2.21,8.46,2.17,4.28,7.58,2.1,5.49,6.31,9.3,3.48,0
0.1,93.05,2.8,9.58,-5.28,-5.18,15.6,4.36,11.24,10.97,1.52,3.06,0.45,2.62,2.18,3.53,0.94,1
0.28,101.69,8.43,13.15,11.63,12.39,19.52,7.55,11.97,13.09,2.32,3.19,1.6,1.58,5.05,6.36,2.84,0
0.67,96.79,5.45,10.63,4.59,4.53,15.34,5.97,9.37,11.32,8.9,13.88,2.33,11.55,11.77,17.19,4.25,0
10.94,99.79,15.16,22.91,20.49,20.49,26.55,19.66,6.89,22.99,3.01,5.13,0.78,4.35,4.78,8.6,1.37,0
1.13,98.15,5.45,11.54,4.78,4.71,16.86,5.7,11.16,12.41,5.17,8.21,2.09,6.12,6.84,10.49,4.5,1
0.31,100.63,4.5,4.34,2.35,2.19,8.49,0.43,8.06,4.63,5.43,6.75,3.17,3.58,7.12,9.42,5.24,0
0.0,101.17,17.11,28.26,22.79,22.65,33.93,23.1,10.84,28.04,2.9,4.75,1.53,3.22,4.43,6.11,2.56,0
0.0,94.11,3.48,3.14,-2.06,-2.05,8.37,-2.22,10.59,3.04,3.47,5.43,2.1,3.33,6.61,8.77,4.3,0
0.09,97.59,4.15,8.81,0.86,4.84,19.07,3.37,15.7,9.39,4.47,7.1,1.46,5.65,6.56,11.29,1.78,1
2.88,97.31,5.49,10.33,4.76,4.67,17.17,3.58,13.59,10.03,5.89,9.4,1.92,7.48,8.01,12.27,3.02,0
0.0,98.12,4.73,8.7,2.78,2.63,16.92,3.01,13.91,8.22,3.89,5.46,2.84,2.62,6.37,9.13,3.7,0
0.78,102.28,10.56,17.59,15.17,15.15,19.65,14.41,5.24,17.46,2.58,4.59,0.7,3.89,3.7,6.83,0.94,0
1.82,90.07,12.67,29.16,16.04,15.96,35.7,23.04,12.66,30.87,2.95,4.86,1.09,3.77,4.25,7.96,1.91,1
2.93,77.1,2.84,-3.76,-7.41,-7.18,1.71,-6.8,8.51,-3.95,4.21,7.42,0.67,6.75,5.66,9.3,1.17,1
5.24,99.23,8.34,12.45,11.09,11.05,15.4,9.7,5.7,12.34,4.51,5.73,2.68,3.06,6.94,9.01,5.69,0
0.05,89.55,9.29,23.2,11.18,11.13,30.8,15.12,15.68,23.95,2.69,4.31,1.12,3.19,4.36,8.79,0.87,0
0.0,96.95,5.7,10.19,5.24,4.61,19.23,0.55,18.69,10.23,1.94,2.88,0.99,1.89,4.28,5.9,1.53,0
0.0,99.63,3.36,7.1,-1.79,2.65,15.21,2.07,13.14,5.43,3.14,4.51,1.33,3.18,5.03,8.01,1.86,1
0.01,98.15,4.99,10.33,3.52,3.32,15.79,3.17,12.62,11.33,3.37,4.32,1.93,2.39,4.97,7.76,3.64,0
4.47,100.56,17.47,30.75,23.08,22.83,37.8,24.17,13.64,30.7,1.0,1.87,0.01,1.85,2.04,4.14,0.32,0
0.0,93.0,1.63,-4.7,-12.03,-11.37,-1.6,-8.4,6.8,-5.38,6.54,9.66,0.35,9.3,8.6,12.45,0.49,0
1.46,95.47,16.46,25.45,21.17,21.06,31.56,20.8,10.77,25.28,1.16,1.84,0.47,1.37,2.61,4.62,1.26,0
0.48,86.54,9.09,23.92,10.31,10.34,30.66,14.65,16.01,26.41,2.71,3.99,1.7,2.29,4.0,7.08,2.2,1
0.28,94.87,2.6,-1.07,-5.81,-3.44,2.42,-4.65,7.07,-1.08,3.74,4.74,2.63,2.11,6.79,7.7,5.66,0
0.13,95.96,2.97,-2.88,-3.96,-3.42,2.53,-5.98,8.51,-3.33,4.9,6.21,3.92,2.29,7.43,9.46,5.5,1
0.0,81.78,5.29,28.42,1.72,1.48,36.56,21.64,14.92,27.94,2.37,4.76,0.58,4.18,2.96,5.52,0.54,1
0.15,79.68,6.28,18.64,3.67,3.66,26.9,12.87,14.03,19.31,2.59,4.35,0.75,3.6,3.65,5.87,0.68,1
0.02,99.3,10.21,18.27,14.25,14.14,23.4,12.16,11.24,18.37,2.63,4.0,1.71,2.29,4.8,5.69,2.94,0
0.0,89.25,2.38,4.61,-7.93,-1.66,14.99,-2.71,17.7,4.76,6.26,8.41,3.38,5.03,8.71,12.03,3.93,1
0.32,78.38,2.97,-2.61,-6.6,-4.6,4.99,-9.67,14.66,-3.97,5.57,9.53,3.04,6.5,8.28,12.94,5.01,1
6.92,100.09,6.82,9.67,8.24,8.23,13.4,5.9,7.5,9.24,4.72,7.48,1.53,5.94,7.37,11.58,1.98,0
0.0,81.32,4.03,16.79,-2.19,-2.17,26.94,5.26,21.68,15.03,1.86,2.62,0.73,1.89,3.01,4.81,0.92,0
0.0,77.67,2.46,1.65,-9.23,-3.79,9.05,-2.97,12.01,0.54,6.66,10.83,2.79,8.04,9.65,13.61,4.31,1
1.38,76.78,1.83,-9.14,-12.97,-11.06,-4.21,-12.24,8.02,-10.0,4.41,7.47,2.13,5.34,6.58,11.28,3.55,1
0.0,98.27,11.07,28.47,15.31,15.03,36.3,22.19,14.1,29.72,3.33,4.88,2.13,2.75,5.1,6.51,4.33,0
0.1,98.15,3.12,-0.27,-2.98,-3.36,4.66,-6.57,11.23,-0.54,9.34,14.31,1.75,12.56,12.11,18.18,3.1,0
1.68,101.22,6.14,8.06,6.86,6.67,12.91,2.25,10.67,8.15,1.56,2.25,0.2,2.05,3.36,5.96,0.33,0
0.08,93.19,3.76,2.64,-1.13,-1.25,10.19,-2.47,12.66,1.94,3.61,8.44,1.17,7.27,5.11,10.27,1.77,0
0.0,76.41,2.78,-3.78,-7.78,-7.62,3.24,-9.45,12.69,-7.02,1.26,2.65,0.14,2.52,2.03,4.81,0.18,1
0.41,79.85,8.87,25.4,8.7,8.66,33.37,19.1,14.27,26.95,3.48,5.29,0.59,4.69,4.94,6.91,0.66,1
0.0,98.64,3.35,0.3,-1.96,-2.15,6.61,-5.87,12.49,-0.76,4.82,6.53,3.56,2.97,8.04,9.51,6.17,0
0.96,82.72,3.78,5.58,-2.72,-2.74,10.89,-1.0,11.9,5.25,5.03,9.75,0.32,9.42,7.42,11.69,0.48,1
0.0,102.88,3.65,2.48,-0.23,1.12,6.33,-1.57,7.91,2.48,3.5,5.15,2.83,2.32,6.07,7.35,4.97,0
0.01,83.96,7.1,25.07,6.18,6.01,30.9,20.03,10.86,26.0,3.09,6.43,0.32,6.11,3.91,6.94,0.26,1
0.0,88.97,5.97,29.4,4.62,4.47,38.52,20.18,18.34,30.34,6.08,8.16,2.98,5.19,8.45,10.71,5.66,1
0.0,93.33,8.46,18.76,10.47,10.33,27.75,9.94,17.82,18.44,6.04,9.96,1.34,8.62,8.55,12.87,2.35,0
0.0,90.11,9.44,27.5,11.46,10.91,35.36,20.63,14.73,29.16,2.96,5.19,0.18,5.01,4.18,8.8,0.19,1
0.01,97.51,7.79,12.45,9.83,9.84,17.29,8.52,8.77,12.46,2.61,3.36,1.57,1.78,5.1,6.29,3.7,0
0.05,99.53,1.01,-15.61,-17.01,-16.19,-7.73,-22.44,14.71,-16.99,2.38,3.58,1.15,2.43,3.42,6.29,1.73,0
0.15,101.72,10.46,16.74,14.93,14.94,18.16,15.6,2.57,16.26,5.99,8.0,4.14,3.87,8.53,10.62,6.33,0
0.14,73.81,3.02,-2.96,-7.16,-5.06,2.35,-10.19,12.53,-6.02,3.58,6.32,0.6,5.72,5.44,10.55,0.86,1
1.83,99.04,13.12,19.82,18.05,18.06,24.33,17.63,6.7,19.81,2.59,3.52,1.76,1.76,5.16,6.04,3.97,0
0.42,100.82,13.45,23.0,18.8,18.0,28.95,15.13,13.82,22.97,3.32,5.46,1.9,3.56,6.4,8.65,4.81,1
0.0,82.24,2.05,-2.52,-10.77,-10.11,4.44,-7.45,11.89,-3.84,1.75,2.51,0.96,1.56,2.4,3.46,1.44,1
5.49,95.0,2.88,-0.22,-4.45,-4.45,4.06,-3.56,7.61,0.71,5.72,7.8,3.78,4.02,7.22,9.77,5.01,1
0.0,98.15,5.42,8.45,4.69,4.35,16.81,-0.51,17.32,8.15,3.22,6.03,1.26,4.76,5.54,8.68,2.62,0
4.52,96.31,3.44,-1.49,-1.93,-1.91,0.59,-3.69,4.29,-1.94,0.94,1.32,0.07,1.25,1.74,2.68,0.1,0
5.63,99.28,6.81,11.76,8.14,7.77,15.6,8.04,7.56,10.9,4.64,9.0,1.04,7.97,6.64,12.98,1.45,0
0.0,89.84,2.04,9.22,-9.8,-0.29,19.54,1.06,18.48,7.36,3.17,4.35,1.59,2.76,4.78,7.73,2.24,1
0.34,100.68,13.43,24.29,18.8,18.66,31.05,18.28,12.77,24.02,1.3,1.9,0.1,1.8,2.61,4.83,0.16,0
0.67,76.62,4.82,16.38,-0.59,-0.66,25.49,8.85,16.63,16.41,1.38,2.53,0.13,2.4,2.24,4.44,0.29,1
10.09,89.26,5.8,7.11,4.27,4.26,10.93,3.56,7.37,8.25,4.67,5.94,3.57,2.38,5.75,7.04,4.38,1
0.03,99.78,8.96,13.77,12.26,12.27,19.76,9.84,9.92,13.51,2.81,3.28,2.3,0.98,5.54,6.7,3.38,0
0.0,97.16,8.02,16.18,10.29,10.18,24.57,8.39,16.18,15.13,1.83,2.16,1.3,0.86,3.4,4.65,2.02,0
0.0,96.94,10.43,18.88,14.22,13.94,25.42,11.32,14.1,18.53,3.75,5.32,2.64,2.68,6.08,7.92,3.88,0
6.64,99.17,15.65,23.01,20.89,20.82,25.94,19.97,5.96,23.03,3.15,4.27,2.17,2.1,4.87,7.04,3.65,0
0.0,91.33,5.4,17.52,3.47,3.37,28.11,8.7,19.4,15.63,1.91,3.11,0.25,2.86,2.91,5.58,0.57,1
0.0,76.57,2.99,1.21,-6.83,-2.81,8.19,-3.08,11.28,0.42,7.83,10.99,4.03,6.96,11.56,15.84,7.58,1
0.07,95.78,4.09,3.45,0.37,0.37,10.32,-1.3,11.62,3.3,1.6,2.48,0.23,2.25,3.27,6.21,0.27,0
0.11,79.52,4.49,7.0,-0.88,-0.89,11.92,1.88,10.05,7.17,2.68,4.08,1.13,2.95,3.76,4.88,1.84,1
3.01,95.26,9.16,18.11,11.99,11.78,23.77,12.5,11.27,17.93,5.04,8.5,3.03,5.47,7.76,10.77,4.62,0
0.67,89.62,9.31,21.1,11.29,11.2,29.1,11.98,17.12,22.51,3.11,5.91,0.68,5.23,4.87,9.72,0.34,0
0.0,100.69,3.62,0.76,-0.66,-0.71,7.8,-4.23,12.03,0.17,1.91,2.56,0.68,1.89,3.59,6.27,1.0,0
0.61,83.12,2.18,0.83,-9.93,-9.24,8.47,-4.03,12.5,0.66,2.8,4.47,1.18,3.29,4.19,6.45,1.57,1
0.0,91.87,2.67,18.25,-5.95,-5.55,28.6,8.27,20.33,18.31,3.85,6.26,0.78,5.48,6.03,9.94,1.08,1
0.0,89.98,5.53,31.18,3.7,3.61,41.09,20.56,20.53,32.39,5.59,7.7,2.84,4.87,7.92,9.56,5.56,1
0.04,79.69,3.95,15.4,-2.74,-2.66,24.65,4.03,20.62,17.42,3.04,4.48,1.44,3.03,4.14,5.97,2.42,1
0.0,88.85,3.84,14.29,-1.66,-1.44,22.1,6.07,16.03,14.99,5.52,8.47,2.89,5.58,8.2,12.44,3.51,1
1.49,99.95,5.55,7.71,5.24,5.25,13.26,3.98,9.28,7.96,2.66,4.09,1.35,2.75,4.26,6.22,2.44,0
0.11,99.88,10.66,19.91,15.03,14.95,25.99,15.02,10.97,20.14,2.16,2.83,1.36,1.48,4.08,4.7,3.1,0
2.21,86.55,10.89,27.19,13.05,13.03,34.95,18.92,16.03,28.74,6.04,8.09,3.81,4.28,8.17,11.33,6.42,1
6.12,96.09,3.87,1.66,-0.38,-0.41,6.36,-0.14,6.5,1.51,5.41,7.86,2.11,5.76,7.65,9.88,4.02,1
1.55,98.43,2.44,-3.36,-6.2,-5.95,0.58,-5.87,6.45,-3.34,5.06,7.11,3.12,3.99,7.09,9.17,4.82,0
0.01,100.56,9.23,16.28,12.88,12.73,22.06,10.11,11.96,16.0,6.04,8.81,4.04,4.77,9.26,11.31,7.24,0
0.0,98.68,12.53,19.53,17.27,17.2,24.75,14.22,10.52,19.46,3.7,4.77,2.22,2.55,6.9,8.83,4.77,0
0.0,87.55,4.2,16.15,-0.64,-0.87,25.68,7.75,17.92,16.24,6.16,9.45,3.68,5.76,9.53,11.61,7.71,1
0.19,98.38,10.48,20.23,14.55,14.11,28.37,13.14,15.23,21.21,5.66,8.51,2.38,6.13,7.4,10.57,4.3,1
0.36,97.81,16.35,22.78,21.36,21.2,26.78,17.47,9.31,22.57,2.07,2.78,1.62,1.16,3.89,4.77,2.45,0
0.15,83.13,5.65,14.97,2.82,2.77,24.21,5.23,18.99,16.27,3.39,5.0,1.58,3.43,4.92,6.19,2.62,1
2.41,78.61,1.63,-10.61,-14.13,-13.26,-7.09,-17.0,9.91,-12.38,1.71,3.26,0.29,2.97,2.11,4.22,0.55,1
0.0,98.95,11.71,24.98,16.37,15.86,34.54,17.84,16.7,25.68,3.36,5.4,1.74,3.66,5.01,6.65,2.06,1
0.03,99.9,3.06,-1.83,-3.04,-3.0,0.92,-5.73,6.65,-2.23,2.58,3.78,1.13,2.65,4.21,5.99,1.75,0
0.04,98.33,1.3,-10.46,-14.13,-13.02,-7.73,-13.59,5.87,-10.4,3.88,5.16,2.87,2.28,6.26,7.97,4.79,0
4.43,97.14,16.98,25.18,21.92,21.85,29.55,20.11,9.44,25.27,2.03,3.45,1.2,2.25,3.21,6.42,1.45,0
0.0,87.66,4.45,17.61,0.19,0.27,29.49,8.15,21.34,16.86,3.94,6.26,1.63,4.63,6.07,8.39,2.52,1
0.01,77.21,5.06,21.88,0.23,0.24,31.01,13.65,17.35,22.49,3.55,4.85,2.43,2.42,5.81,6.72,4.9,1
0.05,86.38,7.45,28.03,7.32,7.35,34.7,20.27,14.44,29.52,10.6,12.72,8.32,4.4,13.54,15.13,11.6,1
3.45,84.22,12.02,24.45,14.22,14.08,32.66,18.23,14.43,26.78,4.17,8.31,1.54,6.77,4.99,10.44,2.12,1
1.02,97.87,1.42,-11.63,-13.17,-12.63,-5.7,-17.21,11.51,-11.58,3.16,5.43,0.26,5.17,4.21,7.49,0.39,0
1.42,92.76,3.96,2.15,-0.54,0.81,5.74,-1.97,7.71,0.62,1.03,1.64,0.16,1.48,2.03,3.61,0.1,1
29.01,99.41,8.71,12.31,11.78,10.67,18.35,4.03,14.32,12.2,3.25,3.89,2.16,1.73,6.25,7.64,4.99,0
0.01,79.89,4.18,18.35,-1.93,-1.91,27.9,11.47,16.42,17.74,2.96,4.8,1.41,3.39,4.59,6.55,2.04,1
4.62,95.74,3.25,-1.25,-2.79,-2.69,0.09,-2.17,2.27,-1.37,5.89,8.36,2.73,5.62,7.82,10.68,4.57,0
2.2,98.1,8.77,17.09,11.77,11.4,21.16,14.19,6.97,15.25,2.34,2.96,1.62,1.34,3.68,5.27,2.42,1
10.91,98.25,5.44,5.66,4.69,4.57,8.1,2.11,5.99,5.57,1.65,2.51,0.58,1.92,3.36,4.43,1.1,0
29.0,97.97,5.71,5.44,5.38,5.02,9.53,-0.39,9.92,5.67,1.89,2.45,1.02,1.43,3.79,4.85,2.59,1
2.26,85.01,4.98,5.97,1.48,1.43,11.01,1.59,9.42,5.76,2.35,4.16,0.91,3.24,3.61,5.61,1.17,0
0.0,88.03,2.53,5.7,-7.3,-0.8,15.82,-0.47,16.29,2.75,3.26,3.97,2.27,1.7,5.04,6.94,2.94,1
5.18,100.9,14.59,20.8,20.03,20.0,23.38,17.48,5.9,19.78,7.38,9.24,4.91,4.33,10.88,12.38,8.8,0
3.52,98.33,9.58,15.39,13.06,13.07,19.72,11.54,8.17,15.46,1.79,2.16,1.25,0.91,3.36,4.34,2.58,0
1.23,94.18,5.82,7.43,5.07,5.01,10.7,4.85,5.85,8.95,3.97,5.53,2.05,3.49,4.47,6.44,2.01,1
0.41,73.7,7.64,14.26,5.48,5.38,22.2,6.71,15.49,14.96,3.34,5.26,1.85,3.41,5.35,7.57,3.19,1
0.0,93.55,1.91,13.3,-10.05,1.63,23.22,7.83,15.39,10.95,3.74,6.0,2.25,3.75,5.49,6.96,3.35,1
0.01,99.72,13.86,30.1,19.14,18.95,37.84,22.87,14.96,30.0,1.69,2.4,0.83,1.58,3.35,5.53,1.29,0
0.0,88.73,5.61,19.69,3.59,3.52,30.71,10.62,20.09,20.31,3.76,5.72,1.04,4.68,6.32,10.45,1.18,1
0.74,86.07,2.85,0.35,-5.89,-2.77,3.31,-2.83,6.14,-0.7,7.13,9.72,2.85,6.87,9.99,12.83,4.57,1
1.45,98.69,3.48,1.11,-1.43,-1.39,2.11,0.19,1.92,3.85,7.44,12.32,5.53,6.79,8.32,14.17,6.01,0
0.28,86.25,2.65,2.64,-6.9,-2.13,7.81,-0.56,8.37,2.4,8.66,12.41,6.2,6.21,11.89,15.07,8.44,1
0.01,99.82,4.35,8.02,1.84,4.93,14.37,3.78,10.59,6.24,1.16,2.39,0.08,2.31,1.67,4.19,0.08,1
0.0,92.52,2.11,2.61,-8.98,-8.32,8.8,-3.41,12.21,2.76,2.03,3.52,0.26,3.26,3.14,5.68,0.36,0
0.0,91.29,6.49,22.18,6.08,6.12,32.74,13.72,19.02,22.55,3.43,4.93,1.78,3.15,5.51,7.97,2.9,1
5.54,93.24,8.94,13.92,11.22,11.09,19.92,7.02,12.9,13.9,2.29,3.5,1.71,1.79,4.93,6.23,2.75,0
1.02,98.36,16.25,24.93,21.42,21.36,29.9,20.33,9.57,25.04,2.69,3.93,1.75,2.18,5.79,7.47,4.25,0
1.96,82.1,7.54,20.11,6.76,6.67,26.79,13.86,12.92,21.03,3.12,5.27,1.17,4.1,4.15,7.23,1.85,1
0.0,101.09,2.48,-1.55,-5.61,-5.43,2.65,-5.43,8.08,-1.41,2.8,4.13,1.22,2.91,4.4,6.55,2.03,0
0.0,75.54,1.72,-6.31,-13.96,-13.12,0.93,-11.48,12.41,-8.37,1.29,2.94,0.19,2.75,1.91,3.78,0.22,1
0.02,89.46,3.59,-1.34,-2.36,-2.28,1.6,-2.87,4.47,-1.81,2.19,3.25,1.08,2.17,3.28,5.43,1.82,0
0.0,93.59,2.04,15.46,-9.21,3.12,24.68,9.54,15.14,14.92,6.38,9.08,3.05,6.03,9.43,11.05,5.65,1
0.56,78.99,5.61,18.96,1.95,2.03,27.64,12.52,15.12,18.34,2.26,4.6,0.1,4.5,3.37,6.24,0.19,1
0.0,99.67,2.81,1.66,-4.12,-1.23,8.38,-3.73,12.11,1.01,2.08,2.54,1.26,1.28,4.1,5.92,2.26,0
0.0,96.52,6.1,17.93,6.08,6.05,27.58,9.07,18.51,17.71,5.38,9.33,3.09,6.24,8.91,12.52,4.87,1
0.01,73.77,3.32,12.86,-6.08,-5.72,22.49,6.53,15.96,10.45,2.07,2.7,0.81,1.89,3.51,4.79,1.58,1
0.0,89.64,3.24,10.04,-3.84,-3.51,21.76,2.65,19.1,9.5,5.59,8.04,3.95,4.08,9.31,11.59,6.38,1
0.02,70.39,3.57,8.42,-5.77,-5.65,18.49,-2.46,20.95,8.55,2.47,3.41,1.31,2.09,3.9,4.84,2.52,1
0.01,97.47,3.15,-0.17,-2.96,-1.57,5.89,-4.37,10.26,-0.96,1.62,2.71,0.02,2.69,3.05,4.48,0.11,0
1.74,97.14,16.4,23.21,21.3,21.31,26.14,20.5,5.64,22.81,5.71,7.55,2.39,5.16,8.63,10.31,5.43,0
0.03,99.14,8.47,15.71,11.38,11.26,23.2,7.94,15.26,15.69,3.16,4.99,1.89,3.1,6.36,8.63,2.75,0
4.21,95.76,4.89,5.58,2.85,2.85,8.68,2.43,6.25,5.54,1.57,2.09,1.12,0.97,2.93,3.95,1.73,0
0.0,75.88,2.91,4.6,-7.41,-6.91,14.47,-0.07,14.54,2.1,2.71,5.12,1.14,3.98,4.05,6.54,1.68,1
0.06,98.21,4.48,7.1,2.01,4.56,13.18,3.19,9.99,6.7,3.9,5.35,2.89,2.46,6.1,7.56,5.1,1
1.11,99.79,17.63,28.11,23.05,22.93,34.33,22.84,11.49,28.37,1.49,2.08,0.74,1.34,3.03,5.05,0.96,0
9.6,97.65,16.3,23.71,21.3,21.23,28.72,19.63,9.09,23.65,1.27,1.92,0.24,1.69,2.94,4.19,0.65,0
10.33,99.4,2.77,-1.24,-4.39,-4.37,1.24,-4.25,5.48,-0.43,4.79,6.3,1.86,4.44,6.02,8.21,2.64,0
5.8,99.81,14.49,22.05,19.77,19.73,27.43,18.54,8.89,22.46,5.47,6.44,4.27,2.16,7.29,8.27,6.55,0
11.12,90.98,6.02,7.96,5.07,5.08,12.22,4.58,7.64,8.62,3.86,5.26,2.54,2.72,5.53,6.68,4.17,1
0.0,84.71,2.46,0.98,-8.06,-7.62,9.99,-3.91,13.9,0.14,3.74,5.8,1.0,4.8,6.05,9.39,1.13,0
12.91,98.82,11.0,17.99,15.28,15.13,24.18,12.49,11.69,17.99,7.31,10.55,4.57,5.99,10.07,13.88,6.71,0
2.55,98.22,11.56,20.7,16.02,15.94,26.34,16.89,9.45,21.09,2.72,3.33,1.38,1.95,4.33,5.08,3.43,1
1.42,99.0,15.32,23.47,20.55,20.54,27.79,20.15,7.64,23.32,6.04,8.64,2.77,5.87,8.76,11.39,5.79,0
0.0,82.6,2.28,2.59,-9.45,-3.43,10.59,-2.14,12.73,0.82,3.19,4.9,2.18,2.71,4.29,5.5,3.08,1
10.82,85.89,12.25,24.75,14.84,14.7,31.38,19.35,12.03,26.12,4.51,6.04,2.94,3.09,5.93,8.46,3.27,1
0.1,100.2,1.67,-7.31,-10.78,-10.33,-2.69,-11.85,9.15,-6.39,5.6,6.77,4.03,2.73,6.83,8.01,5.88,0
0.0,79.0,1.89,-1.93,-12.32,-11.26,7.47,-8.7,16.17,-1.83,2.5,4.38,0.34,4.04,3.91,6.38,0.23,1
0.0,97.32,2.39,-0.98,-6.58,-6.33,6.48,-6.2,12.69,-0.97,2.07,2.67,1.58,1.09,4.34,6.23,3.19,0
0.02,100.44,6.13,10.38,6.77,6.77,16.62,6.23,10.39,10.18,3.55,5.43,2.4,3.03,6.04,7.01,5.0,0
0.02,81.15,5.88,24.8,3.04,3.01,32.79,17.41,15.38,25.25,2.8,5.0,0.48,4.53,3.79,5.79,0.56,1
0.07,100.02,5.82,8.42,5.93,5.92,14.52,4.43,10.09,7.34,1.56,2.74,0.63,2.12,2.26,4.93,0.77,0
0.0,100.06,5.06,8.28,3.98,3.6,16.83,-1.01,17.85,8.31,3.26,4.46,2.45,2.01,5.5,6.69,3.24,0
0.28,98.63,3.07,-2.46,-3.17,-3.3,1.13,-8.47,9.6,-3.62,5.02,8.41,2.75,5.66,7.4,10.68,4.47,0
0.0,86.19,1.3,-2.99,-15.84,-14.05,5.3,-9.95,15.25,-4.74,2.53,3.55,0.61,2.94,3.42,6.41,0.84,1
0.0,83.98,2.09,-2.36,-10.23,-6.3,3.47,-6.32,9.8,-2.91,3.33,5.45,1.71,3.74,4.76,6.84,2.55,1
0.19,99.3,9.7,16.68,13.44,13.43,21.28,11.9,9.38,16.79,1.73,2.46,1.23,1.24,3.61,4.56,2.5,0
6.89,100.22,10.43,15.97,14.64,14.38,23.07,9.29,13.78,15.8,3.51,5.33,1.63,3.71,6.24,8.29,3.64,0
2.86,98.15,16.07,24.88,21.21,21.13,29.35,18.82,10.53,25.07,1.6,2.87,0.5,2.37,2.46,5.68,0.56,0
0.0,85.96,4.83,18.25,1.02,1.09,27.18,8.14,19.03,20.61,3.62,4.65,2.46,2.19,5.41,8.01,3.88,1
0.0,98.92,4.41,14.08,1.77,7.92,24.99,5.74,19.25,12.41,2.82,4.22,1.58,2.64,4.39,7.2,2.38,1
0.0,100.57,2.48,-1.39,-5.68,-5.51,3.92,-4.77,8.69,-1.07,2.54,3.17,1.78,1.39,4.22,6.21,2.58,0
0.08,99.69,2.4,-3.1,-6.21,-5.95,-0.85,-4.59,3.74,-2.6,3.7,5.59,0.88,4.71,4.74,7.46,1.01,0
0.0,97.11,1.89,-5.24,-9.65,-9.49,2.75,-12.84,15.59,-5.93,5.1,7.13,3.05,4.08,7.53,9.68,4.02,1
3.18,98.16,13.62,26.6,18.64,18.45,34.61,20.71,13.91,28.22,4.5,6.58,2.5,4.08,6.02,9.24,2.69,1
24.77,100.82,15.17,24.19,20.71,20.67,27.64,22.36,5.28,24.06,5.19,6.52,4.04,2.48,7.52,8.51,6.62,1
22.05,96.8,11.72,19.0,15.95,15.81,23.69,13.31,10.38,19.76,4.66,6.47,3.13,3.34,6.32,8.18,4.52,0
0.0,100.7,13.5,21.73,18.81,18.75,28.71,17.07,11.64,21.65,1.44,1.82,1.12,0.7,3.44,4.58,2.09,0
0.0,92.67,2.97,3.3,-4.39,-4.22,9.53,-1.83,11.36,3.38,5.46,7.91,2.27,5.63,7.57,9.31,3.47,0
0.0,69.41,2.38,4.21,-11.13,-10.15,13.54,-3.58,17.13,4.18,4.29,6.07,2.61,3.46,7.22,10.28,4.36,1
0.0,96.49,9.67,21.58,13.02,12.92,28.1,14.96,13.14,21.49,3.74,5.44,0.75,4.69,5.47,8.15,1.09,0
0.23,94.41,3.92,2.6,-0.43,1.08,5.38,0.5,4.88,1.5,5.61,6.94,3.59,3.35,9.13,12.01,5.3,1
0.09,98.31,14.21,26.48,19.35,19.18,33.42,19.57,13.85,26.69,1.91,2.22,1.44,0.78,3.11,4.41,2.26,0
1.24,87.63,4.3,5.64,-0.12,2.76,14.75,0.06,14.69,4.42,5.69,14.83,2.25,12.57,8.96,19.29,4.08,1
0.0,89.76,5.6,22.26,3.73,3.6,32.58,14.33,18.25,22.2,3.92,5.92,0.83,5.1,6.32,9.05,1.22,1
0.0,78.01,2.9,-0.45,-6.93,-6.68,7.39,-5.04,12.43,-1.25,2.19,3.42,1.08,2.34,3.54,6.26,1.21,1
24.26,93.68,14.02,20.92,18.23,18.12,25.06,15.36,9.7,20.86,1.67,2.7,0.28,2.42,3.35,4.71,0.6,0
3.88,97.59,2.11,-3.49,-8.16,-8.15,0.91,-8.27,9.18,-3.36,3.63,4.35,1.94,2.41,6.19,7.19,3.41,0
2.12,81.17,2.92,-2.96,-6.36,-4.66,1.19,-7.36,8.55,-3.47,5.21,8.09,3.49,4.6,8.33,11.1,6.53,1
0.01,100.08,3.88,2.34,0.23,-0.12,6.78,-3.83,10.62,2.06,5.76,8.28,3.36,4.91,9.22,13.13,5.53,0
