Linehaul,TLMD,NC,TFC,Total,Station_1_1_TM,Station_1_2_TM,Station_1_3_TM,Station_1_4_TM,Station_1_5_TM,Station_1_6_TM,Station_1_7_TM,Station_1_8_TM,Station_1_9_TM,Station_1_10_TM,Station_1_11_TM,Station_1_12_TM,Station_1_13_TM,Station_1_14_TM,Station_1_15_TM,Station_1_16_TM,Station_1_17_TM,Station_1_18_TM,Station_1_19_TM,Station_2_1_TM,Station_2_2_TM,Station_2_3_TM,Station_2_4_TM,Station_2_5_TM,Station_2_6_TM,Station_2_7_TM,Station_2_8_TM,Station_2_9_TM,Station_3_1_TM,Station_3_2_TM,Station_3_3_TM,Station_1_1_hours,Station_1_2_hours,Station_1_3_hours,Station_1_4_hours,Station_1_5_hours,Station_1_6_hours,Station_1_7_hours,Station_1_8_hours,Station_1_9_hours,Station_1_10_hours,Station_1_11_hours,Station_1_12_hours,Station_1_13_hours,Station_1_14_hours,Station_1_15_hours,Station_1_16_hours,Station_1_17_hours,Station_1_18_hours,Station_1_19_hours,Station_2_1_hours,Station_2_2_hours,Station_2_3_hours,Station_2_4_hours,Station_2_5_hours,Station_2_6_hours,Station_2_7_hours,Station_2_8_hours,Station_2_9_hours,Station_3_1_hours,Station_3_2_hours,Station_3_3_hours,Productivity,Total HC
15171,14761,410,13364,28535,3,3,2,3,1,0,0,0,1,1,1,2,1,1,1,1,1,31,17,2,6,20,2,5,18,1,3,11,12,12,12,6.334711984,5.311605723,6.334711984,6.334711984,6.334711984,0,0,0,0.2741875,0.1645125,0.109675,0.122430556,0.146916667,0.097944444,0.569444444,0.341666667,0.227777778,6.334711984,5.311605723,4.393154762,4.393154762,4.393154762,2.9522,2.9522,2.9522,3.280222222,3.280222222,3.280222222,1.39782197,0.838693182,0.559128788,44.49125636,75
12278,5547,6731,7010,19288,3,3,2,3,5,0,0,0,2,2,1,3,1,1,3,2,1,26,17,2,6,20,2,5,16,1,3,11,25,25,24,5.115833333,2.78731713,5.115833333,5.115833333,5.115833333,0,0,0,2.250678125,1.350406875,1.8005425,1.339967593,2.411941667,1.607961111,3.116203704,2.804583333,3.739444444,5.115833333,2.78731713,1.650892857,1.650892857,1.650892857,1.238169643,1.238169643,1.238169643,1.232666667,1.232666667,1.232666667,0.252136364,0.151281818,0.105056818,48.60846637,75
5847,2652,3195,8803,14650,2,3,1,2,3,0,0,0,2,3,2,6,2,2,3,3,1,23,17,2,4,13,2,5,18,2,5,16,25,25,17,5.026793176,3.498807631,5.026793176,5.026793176,5.026793176,0,0,0,1.068328125,0.42733125,0.42733125,0.318020833,0.5724375,0.381625,1.479166667,0.8875,1.775,5.026793176,3.498807631,1.214285714,1.214285714,1.214285714,0.5304,0.5304,0.5304,0.394642857,0.394642857,0.394642857,0.120545455,0.072327273,0.070909091,49.79490776,75
8072,1062,7010,10219,18291,2,3,2,2,5,0,0,0,2,2,2,3,2,1,3,2,2,25,17,2,5,18,2,5,18,2,5,18,25,25,25,5.045,4.10406746,5.045,5.045,5.045,0,0,0,2.34396875,1.40638125,0.9375875,1.395509259,1.255958333,1.674611111,3.24537037,2.920833333,1.947222222,5.045,4.10406746,0.354,0.354,0.354,0.2124,0.2124,0.2124,0.1416,0.1416,0.1416,0.048272727,0.028963636,0.019309091,56.97489415,75
10371,4087,6284,13976,24347,2,3,2,3,4,0,0,0,2,2,2,2,2,2,2,2,2,26,17,3,9,32,1,3,11,1,3,10,25,25,25,6.36861665,5.554848967,6.36861665,6.36861665,6.36861665,0,0,0,2.1012125,1.2607275,0.840485,1.876472222,1.125883333,0.750588889,4.363888889,2.618333333,1.745555556,6.36861665,5.554848967,0.760230655,0.760230655,0.760230655,1.362333333,1.362333333,1.362333333,0.973095238,0.973095238,0.973095238,0.185772727,0.111463636,0.074309091,53.28746375,75
4804,342,4462,2672,7476,1,4,1,1,3,0,0,0,4,3,3,2,3,3,5,4,1,9,20,1,3,11,2,5,17,2,5,17,25,25,25,6.005,0.906111607,6.005,6.005,6.005,0,0,0,0.745990625,0.5967925,0.397861667,1.332402778,0.532961111,0.355307407,1.239444444,0.929583333,2.478888889,6.005,0.906111607,0.19,0.19,0.19,0.071848739,0.071848739,0.071848739,0.04789916,0.04789916,0.04789916,0.015545455,0.009327273,0.006218182,52.64237047,75
8197,737,7460,10114,18311,2,3,2,2,5,0,0,0,2,2,2,3,2,1,4,2,2,24,17,2,5,17,2,5,17,2,5,17,25,25,25,5.326014454,4.019872814,5.326014454,5.326014454,5.326014454,0,0,0,2.4944375,1.4966625,0.997775,1.485092593,1.336583333,1.782111111,2.590277778,3.108333333,2.072222222,5.326014454,4.019872814,0.258053221,0.258053221,0.258053221,0.154831933,0.154831933,0.154831933,0.103221289,0.103221289,0.103221289,0.0335,0.0201,0.0134,57.1361628,75
5660,897,4763,7837,13497,2,4,1,2,4,0,0,0,1,2,2,3,2,1,3,3,1,22,22,2,5,17,2,5,18,2,5,17,25,25,24,5.035692321,2.406941032,5.035692321,5.035692321,5.035692321,0,0,0,3.18525625,0.955576875,0.63705125,0.948189815,0.853370833,1.137827778,2.205092593,1.323055556,2.646111111,5.035692321,2.406941032,0.31407563,0.31407563,0.31407563,0.1794,0.1794,0.1794,0.125630252,0.125630252,0.125630252,0.040772727,0.024463636,0.016988636,51.70200351,75
15838,9870,5968,2888,18726,3,3,3,4,4,0,0,0,2,2,2,3,2,1,3,3,2,20,16,2,6,21,2,5,17,2,4,15,32,24,17,6.399191919,1.231590508,6.399191919,6.399191919,6.399191919,0,0,0,1.99555,1.19733,0.79822,1.188074074,1.069266667,1.425688889,2.762962963,1.657777778,1.657777778,6.399191919,1.231590508,2.797619048,2.797619048,2.797619048,2.073529412,2.073529412,2.073529412,1.645,1.645,1.645,0.350497159,0.280397727,0.263903743,40.66152443,75
13841,7928,5913,9436,23277,3,3,2,3,4,0,0,0,2,2,1,2,1,1,2,2,2,28,17,2,6,21,2,6,21,1,3,10,31,24,17,5.767083333,3.819548446,5.767083333,5.767083333,5.767083333,0,0,0,1.977159375,1.186295625,1.5817275,1.7656875,2.118825,1.41255,4.10625,2.46375,1.6425,5.767083333,3.819548446,2.247165533,2.247165533,2.247165533,1.34829932,1.34829932,1.34829932,1.887619048,1.887619048,1.887619048,0.290615836,0.225227273,0.21197861,47.77866082,75
9445,5981,3464,2321,11766,2,3,2,2,2,0,0,0,4,3,3,5,3,2,4,4,6,14,16,1,3,10,2,5,17,2,6,21,32,24,17,6.157301435,1.031103653,6.157301435,6.157301435,6.157301435,0,0,0,0.5791375,0.46331,0.308873333,0.413755556,0.413755556,0.413755556,1.202777778,0.721666667,0.320740741,6.157301435,1.031103653,3.560119048,3.560119048,3.560119048,1.256512605,1.256512605,1.256512605,0.678117914,0.678117914,0.678117914,0.212393466,0.169914773,0.159919786,41.03926383,75
15097,8953,6144,363,15460,3,4,2,3,4,0,0,0,3,3,3,7,3,2,4,4,5,18,7,2,6,22,2,5,17,1,3,11,31,25,17,6.290416667,0.353835937,6.290416667,6.290416667,6.290416667,0,0,0,1.3696,0.82176,0.54784,0.524190476,0.733866667,0.733866667,2.133333333,1.28,0.682666667,6.290416667,0.353835937,2.486944444,2.486944444,2.486944444,1.880882353,1.880882353,1.880882353,1.989555556,1.989555556,1.989555556,0.32818915,0.244172727,0.239385027,39.12258131,75
13416,9381,4035,10912,24328,3,3,2,3,3,0,0,0,1,1,1,2,1,1,1,1,1,30,17,2,6,22,1,3,10,1,3,10,31,17,17,5.59,4.358869048,5.59,5.59,5.59,0,0,0,2.69840625,1.61904375,1.0793625,1.204895833,1.445875,0.963916667,5.604166667,3.3625,2.241666667,5.59,4.358869048,2.605833333,2.605833333,2.605833333,3.350357143,3.350357143,3.350357143,2.233571429,2.233571429,2.233571429,0.343878299,0.376243316,0.250828877,47.19644387,75
7181,4112,3069,1103,8284,2,3,2,2,3,0,0,0,4,3,3,5,3,2,6,4,5,13,14,2,5,18,2,5,18,2,5,18,32,24,17,5,0.543650794,5,5,5,0,0,0,0.513098438,0.41047875,0.2736525,0.366575,0.366575,0.366575,0.710416667,0.639375,0.341,5,0.543650794,1.370666667,1.370666667,1.370666667,0.8224,0.8224,0.8224,0.548266667,0.548266667,0.548266667,0.146022727,0.116818182,0.109946524,38.81613799,75
6624,574,6050,5646,12270,2,3,1,2,4,0,0,0,2,2,2,3,2,2,7,3,2,18,17,2,5,17,2,5,17,2,5,17,25,25,25,5.576899559,2.244038156,5.576899559,5.576899559,5.576899559,0,0,0,2.02296875,1.21378125,0.8091875,1.204398148,1.083958333,0.722638889,1.200396825,1.680555556,1.680555556,5.576899559,2.244038156,0.200980392,0.200980392,0.200980392,0.120588235,0.120588235,0.120588235,0.080392157,0.080392157,0.080392157,0.026090909,0.015654545,0.010436364,51.43953671,75
9666,327,9339,8914,18580,2,3,2,2,6,0,0,0,2,2,2,3,2,2,4,1,4,21,17,2,5,16,2,5,18,2,5,18,25,25,25,6.123574555,3.542925278,6.123574555,6.123574555,6.123574555,0,0,0,3.122728125,1.873636875,1.24909125,1.859152778,1.6732375,1.115491667,3.242708333,7.7825,1.297083333,6.123574555,3.542925278,0.121651786,0.121651786,0.121651786,0.0654,0.0654,0.0654,0.0436,0.0436,0.0436,0.014863636,0.008918182,0.005945455,56.51021136,75
14820,1267,13553,121,14941,3,3,2,3,8,0,0,0,3,3,2,3,3,2,6,4,3,17,9,2,5,17,2,5,18,2,5,18,25,25,24,6.175,0.10046627,6.175,6.175,6.175,0,0,0,3.021189583,1.81271375,1.81271375,2.698050926,1.618830556,1.618830556,3.137268519,2.823541667,2.509814815,6.175,0.10046627,0.443627451,0.443627451,0.443627451,0.2534,0.2534,0.2534,0.168933333,0.168933333,0.168933333,0.057590909,0.034554545,0.023996212,49.63322404,75
1446,291,1155,9156,10602,1,3,1,1,1,0,0,0,6,1,2,4,1,2,1,3,1,18,17,1,2,6,2,5,17,1,2,5,25,12,12,5,3.648809524,5,5,5,0,0,0,0.128734375,0.46344375,0.15448125,0.172447917,0.413875,0.137958333,1.604166667,0.320833333,0.641666667,5,3.648809524,0.288690476,0.288690476,0.288690476,0.061134454,0.061134454,0.061134454,0.138571429,0.138571429,0.138571429,0.013227273,0.016534091,0.011022727,54.38476644,75
10641,4906,5735,14486,25127,2,3,2,3,4,0,0,0,1,1,1,2,1,1,2,2,1,27,17,2,6,21,2,5,17,2,4,14,25,25,25,6.449090909,6.003796537,6.449090909,6.449090909,6.449090909,0,0,0,3.83528125,2.30116875,1.5341125,1.712534722,2.055041667,1.370027778,3.982638889,2.389583333,3.186111111,6.449090909,6.003796537,1.390589569,1.390589569,1.390589569,1.030672269,1.030672269,1.030672269,0.834353741,0.834353741,0.834353741,0.223,0.1338,0.0892,51.43779465,75
6509,213,6296,7378,13887,2,3,2,2,5,0,0,0,4,2,2,3,2,2,3,1,4,21,17,2,5,17,2,5,17,2,5,18,25,25,25,5.068401735,2.932432432,5.068401735,5.068401735,5.068401735,0,0,0,1.0526125,1.263135,0.84209,1.25337037,1.128033333,0.752022222,2.914814815,5.246666667,0.874444444,5.068401735,2.932432432,0.074579832,0.074579832,0.074579832,0.044747899,0.044747899,0.044747899,0.0284,0.0284,0.0284,0.009681818,0.005809091,0.003872727,53.75776499,75
6181,725,5456,266,6447,2,3,1,2,4,0,0,0,1,1,9,2,1,1,6,1,5,12,8,1,3,10,2,5,17,2,5,17,25,25,25,5.108264463,0.255413223,5.108264463,5.108264463,5.108264463,0,0,0,3.6487,2.18922,0.162164444,1.629222222,1.955066667,1.303377778,1.262962963,4.546666667,0.606222222,5.108264463,0.255413223,0.431547619,0.431547619,0.431547619,0.152310924,0.152310924,0.152310924,0.101540616,0.101540616,0.101540616,0.032954545,0.019772727,0.013181818,42.18280833,75
3344,2414,930,6566,9910,1,4,1,1,1,0,0,0,1,3,3,5,3,2,4,4,3,14,23,2,5,17,2,5,18,2,5,18,25,25,24,5.265437049,1.954166667,5.265437049,5.265437049,5.265437049,0,0,0,0.6219375,0.1243875,0.082925,0.111083333,0.111083333,0.111083333,0.322916667,0.19375,0.172222222,5.265437049,1.954166667,0.845238095,0.845238095,0.845238095,0.4828,0.4828,0.4828,0.321866667,0.321866667,0.321866667,0.109727273,0.065836364,0.045719697,49.95786774,75
6963,1075,5888,14521,21484,2,3,2,2,4,0,0,0,2,1,1,2,1,1,4,2,1,30,17,1,2,5,2,5,17,2,5,17,25,25,25,5.232995215,5.793673274,5.232995215,5.232995215,5.232995215,0,0,0,1.9688,2.36256,1.57504,1.758222222,2.109866667,1.406577778,2.044444444,2.453333333,3.271111111,5.232995215,5.793673274,1.279761905,1.279761905,1.279761905,0.225840336,0.225840336,0.225840336,0.150560224,0.150560224,0.150560224,0.048863636,0.029318182,0.019545455,56.81015741,75
13572,493,13079,3534,17106,3,3,2,3,8,0,0,0,3,1,1,3,1,1,3,2,3,21,17,2,5,17,2,5,17,2,5,18,25,25,25,5.812019737,1.459924005,5.812019737,5.812019737,5.812019737,0,0,0,2.915527083,5.24794875,3.4986325,2.603689815,4.686641667,3.124427778,6.055092593,5.449583333,2.422037037,5.812019737,1.459924005,0.172619048,0.172619048,0.172619048,0.103571429,0.103571429,0.103571429,0.065733333,0.065733333,0.065733333,0.022409091,0.013445455,0.008963636,52.94640481,75
8486,5462,3024,3686,12172,2,3,2,2,2,0,0,0,4,3,3,2,3,4,4,4,4,16,17,1,3,10,3,8,25,2,5,15,25,25,25,5.375196172,1.531504306,5.375196172,5.375196172,5.375196172,0,0,0,0.505575,0.40446,0.26964,0.903,0.3612,0.1806,1.05,0.63,0.42,5.375196172,1.531504306,3.251190476,3.251190476,3.251190476,0.780285714,0.780285714,0.780285714,0.866984127,0.866984127,0.866984127,0.248272727,0.148963636,0.099309091,43.3497962,75
17813,13513,4300,1087,18900,4,3,3,5,3,0,0,0,2,2,2,3,2,1,3,2,2,24,14,3,7,25,2,5,17,1,3,11,32,24,17,5.397878788,0.539787879,5.397878788,5.397878788,5.397878788,0,0,0,1.4378125,0.8626875,0.575125,0.856018519,0.770416667,1.027222222,1.990740741,1.791666667,1.194444444,5.397878788,0.539787879,3.217380952,3.217380952,3.217380952,2.838865546,2.838865546,2.838865546,3.002888889,3.002888889,3.002888889,0.479865057,0.383892045,0.36131016,37.87413668,75
12270,1950,10320,8947,21217,3,3,2,3,6,0,0,0,2,1,1,2,1,1,3,1,2,27,17,2,5,18,2,5,16,2,5,17,25,25,25,6.114641148,3.690622693,6.114641148,6.114641148,6.114641148,0,0,0,3.45075,4.1409,2.7606,3.081666667,3.698,2.465333333,4.777777778,8.6,2.866666667,6.114641148,3.690622693,0.65,0.65,0.65,0.435267857,0.435267857,0.435267857,0.273109244,0.273109244,0.273109244,0.088636364,0.053181818,0.035454545,50.93424562,75
14577,564,14013,1546,16123,3,3,2,3,8,0,0,0,3,2,2,3,2,2,5,1,4,19,13,2,5,17,2,5,17,2,5,17,25,25,12,6.22706878,0.832746896,6.22706878,6.22706878,6.22706878,0,0,0,3.12373125,2.811358125,1.87423875,2.789625,2.5106625,1.673775,3.8925,11.6775,1.94625,6.22706878,0.832746896,0.197478992,0.197478992,0.197478992,0.118487395,0.118487395,0.118487395,0.078991597,0.078991597,0.078991597,0.025636364,0.015381818,0.021363636,50.95164113,75
3932,3156,776,642,4574,1,4,1,1,1,0,0,0,5,5,5,8,5,5,5,5,2,7,14,1,3,11,2,5,18,1,3,11,33,26,16,5,0.313988095,5,5,5,0,0,0,0.10379,0.062274,0.041516,0.057930556,0.055613333,0.037075556,0.215555556,0.129333333,0.215555556,5,0.313988095,1.753333333,1.753333333,1.753333333,0.6312,0.6312,0.6312,0.701333333,0.701333333,0.701333333,0.108677686,0.082762238,0.089659091,36.72572352,75
12628,11901,727,8446,21074,3,3,2,3,1,0,0,0,2,2,1,4,2,1,3,2,1,28,17,2,5,18,2,6,21,1,3,11,51,12,12,5.261666667,3.484810185,5.261666667,5.261666667,5.261666667,0,0,0,0.243090625,0.145854375,0.1944725,0.108545139,0.130254167,0.173672222,0.336574074,0.302916667,0.403888889,5.261666667,3.484810185,3.967,3.967,3.967,2.023979592,2.023979592,2.023979592,2.644666667,2.644666667,2.644666667,0.265173797,0.676193182,0.450795455,42.76152753,75
8111,5190,2921,11349,19460,2,3,2,2,2,0,0,0,2,2,2,3,2,2,3,1,4,26,17,1,3,10,3,8,28,1,3,10,25,25,25,5.19211244,4.528675851,5.19211244,5.19211244,5.19211244,0,0,0,0.976709375,0.586025625,0.39068375,0.58149537,0.523345833,0.348897222,1.352314815,2.434166667,0.405694444,5.19211244,4.528675851,3.089285714,3.089285714,3.089285714,0.661989796,0.661989796,0.661989796,1.235714286,1.235714286,1.235714286,0.235909091,0.141545455,0.094363636,51.10588095,75
9653,2088,7565,11788,21441,2,3,2,2,5,0,0,0,2,2,3,3,2,1,3,2,2,24,17,2,5,17,2,5,18,2,5,18,25,12,25,6.207539884,4.685214626,6.207539884,6.207539884,6.207539884,0,0,0,2.529546875,1.517728125,0.674545833,1.50599537,1.355395833,1.807194444,3.502314815,3.152083333,2.101388889,6.207539884,4.685214626,0.731092437,0.731092437,0.731092437,0.4176,0.4176,0.4176,0.2784,0.2784,0.2784,0.094909091,0.118636364,0.037963636,54.86046274,75
7902,977,6925,7616,15518,2,3,2,2,5,0,0,0,3,2,2,3,2,2,3,3,3,22,16,2,5,17,2,5,17,2,5,18,25,25,25,5.046615732,3.216216216,5.046615732,5.046615732,5.046615732,0,0,0,1.543697917,1.389328125,0.92621875,1.378587963,1.240729167,0.827152778,3.206018519,1.923611111,1.282407407,5.046615732,3.216216216,0.342086835,0.342086835,0.342086835,0.205252101,0.205252101,0.205252101,0.130266667,0.130266667,0.130266667,0.044409091,0.026645455,0.017763636,54.82820515,75
5304,133,5171,4858,10162,1,6,1,2,3,0,0,0,1,3,1,2,3,2,4,2,1,11,32,2,5,18,2,5,18,2,5,18,25,25,24,6.438145805,1.025760135,6.438145805,6.438145805,6.438145805,0,0,0,3.45810625,0.69162125,1.3832425,1.544118056,0.617647222,0.617647222,1.795486111,2.154583333,2.872777778,6.438145805,1.025760135,0.044333333,0.044333333,0.044333333,0.0266,0.0266,0.0266,0.017733333,0.017733333,0.017733333,0.006045455,0.003627273,0.002518939,54.97697349,75
14120,8184,5936,12383,26503,3,3,2,3,4,0,0,0,1,1,1,2,1,1,2,1,1,31,17,2,6,21,2,5,18,2,4,14,34,25,16,5.883333333,4.933128307,5.883333333,5.883333333,5.883333333,0,0,0,3.9697,2.38182,1.58788,1.772555556,2.127066667,1.418044444,4.122222222,4.946666667,3.297777778,5.883333333,4.933128307,2.319727891,2.319727891,2.319727891,1.6368,1.6368,1.6368,1.391836735,1.391836735,1.391836735,0.273529412,0.2232,0.2325,49.28101979,75
5645,2720,2925,7158,12803,2,5,1,2,3,0,0,0,1,2,1,2,2,1,1,2,1,21,28,2,5,15,3,9,31,1,2,7,38,17,17,5,1.735714286,5,5,5,0,0,0,1.95609375,0.586828125,0.7824375,0.8734375,0.5240625,0.69875,4.0625,1.21875,1.625,5,1.735714286,1.079365079,1.079365079,1.079365079,0.313364055,0.313364055,0.313364055,0.925170068,0.925170068,0.925170068,0.081339713,0.109090909,0.072727273,47.33721879,75
14992,7554,7438,184,15176,3,3,2,3,5,0,0,0,3,3,1,3,3,2,6,4,4,17,13,2,6,20,2,5,17,2,5,16,25,25,25,6.246666667,0.101632275,6.246666667,6.246666667,6.246666667,0,0,0,1.658054167,0.9948325,1.989665,1.480712963,0.888427778,0.888427778,1.721759259,1.549583333,1.033055556,6.246666667,0.101632275,2.248214286,2.248214286,2.248214286,1.58697479,1.58697479,1.58697479,1.124107143,1.124107143,1.124107143,0.343363636,0.206018182,0.137345455,40.73220581,75
5898,2142,3756,1717,7615,2,4,1,2,3,0,0,0,14,2,2,2,2,2,2,1,1,14,19,4,11,35,1,3,9,1,2,7,13,37,17,5,0.62797619,5,5,5,0,0,0,0.179416071,0.7535475,0.502365,1.121583333,0.67295,0.448633333,2.608333333,3.13,2.086666667,5,0.62797619,0.364285714,0.364285714,0.364285714,0.85,0.85,0.85,0.728571429,0.728571429,0.728571429,0.187237762,0.039471744,0.057272727,40.98383797,75
10481,3972,6509,383,10864,2,3,2,3,4,0,0,0,4,3,3,8,3,3,7,4,4,12,9,2,5,18,2,5,17,2,5,18,31,24,20,6.352121212,0.317606061,6.352121212,6.352121212,6.352121212,0,0,0,1.088223438,0.87057875,0.580385833,0.485914931,0.777463889,0.518309259,1.291468254,1.356041667,0.904027778,6.352121212,0.317606061,1.324,1.324,1.324,0.834453782,0.834453782,0.834453782,0.5296,0.5296,0.5296,0.145601173,0.112840909,0.090272727,41.80628937,75
15610,8588,7022,2917,18527,3,3,2,4,4,0,0,0,2,2,2,3,2,2,3,5,2,20,16,3,9,32,1,3,11,1,3,10,25,25,25,6.450413223,1.241448577,6.450413223,6.450413223,6.450413223,0,0,0,2.34798125,1.40878875,0.9391925,1.397898148,1.258108333,0.838738889,3.250925926,1.170333333,1.950555556,6.450413223,1.241448577,1.597470238,1.597470238,1.597470238,2.862666667,2.862666667,2.862666667,2.044761905,2.044761905,2.044761905,0.390363636,0.234218182,0.156145455,42.58007953,75
7996,803,7193,10810,18806,2,3,2,2,5,0,0,0,2,2,1,5,2,1,2,2,2,25,17,2,5,18,2,5,18,2,5,17,25,25,25,5.281554151,4.296502385,5.281554151,5.281554151,5.281554151,0,0,0,2.405159375,1.443095625,1.9241275,0.859163889,1.288745833,1.718327778,4.995138889,2.997083333,1.998055556,5.281554151,4.296502385,0.267666667,0.267666667,0.267666667,0.1606,0.1606,0.1606,0.112464986,0.112464986,0.112464986,0.0365,0.0219,0.0146,57.07614698,75
9874,9362,512,14871,24745,2,3,2,3,1,0,0,0,2,2,1,3,2,1,5,2,1,28,17,2,6,22,2,6,21,1,3,8,34,15,17,5.984242424,5.922500241,5.984242424,5.984242424,5.984242424,0,0,0,0.1712,0.10272,0.13696,0.101925926,0.091733333,0.122311111,0.142222222,0.213333333,0.284444444,5.984242424,5.922500241,2.600555556,2.600555556,2.600555556,1.592176871,1.592176871,1.592176871,2.786309524,2.786309524,2.786309524,0.31290107,0.425545455,0.250320856,48.00155876,75
12090,5169,6921,4828,16918,3,3,2,3,5,0,0,0,2,2,2,3,2,1,3,2,2,23,17,2,6,21,2,5,16,2,5,16,25,25,24,5.205248305,1.918918919,5.205248305,5.205248305,5.205248305,0,0,0,2.314209375,1.388525625,0.92568375,1.377791667,1.2400125,1.65335,3.204166667,2.88375,1.9225,5.205248305,1.918918919,1.465136054,1.465136054,1.465136054,1.153794643,1.153794643,1.153794643,0.769196429,0.769196429,0.769196429,0.234954545,0.140972727,0.097897727,46.86668425,75
5471,141,5330,9336,14807,2,3,1,2,4,0,0,0,2,2,3,3,2,1,3,4,2,24,17,2,5,18,2,5,18,2,5,18,25,25,24,5,3.773809524,5,5,5,0,0,0,1.78221875,1.06933125,0.475258333,1.061064815,0.954958333,1.273277778,2.467592593,1.110416667,1.480555556,5,3.773809524,0.047,0.047,0.047,0.0282,0.0282,0.0282,0.0188,0.0188,0.0188,0.006409091,0.003845455,0.002670455,54.54830838,75
11782,1750,10032,2463,14245,3,3,2,3,7,0,0,0,2,2,1,3,2,1,4,2,2,20,17,1,3,10,2,5,18,2,5,17,25,25,24,5.094857143,0.980557823,5.094857143,5.094857143,5.094857143,0,0,0,3.35445,2.01267,2.68356,1.997111111,1.7974,2.396533333,3.483333333,4.18,2.786666667,5.094857143,0.980557823,1.041666667,1.041666667,1.041666667,0.35,0.35,0.35,0.245098039,0.245098039,0.245098039,0.079545455,0.047727273,0.033143939,50.08944565,75
10064,1710,8354,14774,24838,2,3,2,2,5,0,0,0,2,2,1,3,1,1,3,2,2,27,17,2,5,18,2,5,17,2,5,18,25,25,25,6.307539674,5.872019078,6.307539674,6.307539674,6.307539674,0,0,0,2.79336875,1.67602125,2.234695,1.663064815,2.993516667,1.995677778,3.867592593,3.480833333,2.320555556,6.307539674,5.872019078,0.57,0.57,0.57,0.359243697,0.359243697,0.359243697,0.228,0.228,0.228,0.077727273,0.046636364,0.031090909,57.23799535,75
2794,189,2605,14453,17247,1,3,1,1,2,0,0,0,2,3,3,5,3,1,1,1,2,25,17,1,3,14,1,3,11,3,7,24,26,23,25,5.035122693,5.744435612,5.035122693,5.035122693,5.035122693,0,0,0,0.871046875,0.34841875,0.232279167,0.311152778,0.311152778,0.622305556,3.618055556,2.170833333,0.723611111,5.035122693,5.744435612,0.105,0.105,0.105,0.063,0.063,0.063,0.01875,0.01875,0.01875,0.00826049,0.005602767,0.003436364,60.79817784,75
11726,8696,3030,11338,23064,3,3,2,3,3,0,0,0,1,1,1,2,1,1,1,2,1,32,17,2,6,21,2,6,21,1,3,11,32,24,16,5.022567641,4.5063593,5.022567641,5.022567641,5.022567641,0,0,0,2.0263125,1.2157875,0.810525,0.904791667,1.08575,0.723833333,4.208333333,1.2625,1.683333333,5.022567641,4.5063593,2.464852608,2.464852608,2.464852608,1.478911565,1.478911565,1.478911565,1.932444444,1.932444444,1.932444444,0.308806818,0.247045455,0.247045455,47.52470185,75
14798,3324,11474,4682,19480,3,3,2,3,7,0,0,0,2,1,1,4,1,1,3,2,3,22,17,2,6,21,1,3,10,2,4,15,25,25,25,6.165833333,1.910918981,6.165833333,6.165833333,6.165833333,0,0,0,3.83661875,4.6039425,3.069295,1.713131944,4.111516667,2.741011111,5.312037037,4.780833333,2.124814815,6.165833333,1.910918981,0.942176871,0.942176871,0.942176871,1.187142857,1.187142857,1.187142857,0.554,0.554,0.554,0.151090909,0.090654545,0.060436364,49.89630886,75
10189,2739,7450,11445,21634,2,3,2,2,5,0,0,0,1,2,3,3,2,1,4,2,2,24,16,2,6,22,2,5,16,2,4,15,25,25,25,6.403598985,4.833192568,6.403598985,6.403598985,6.403598985,0,0,0,4.9821875,1.49465625,0.664291667,1.483101852,1.334791667,1.779722222,2.586805556,3.104166667,2.069444444,6.403598985,4.833192568,0.760833333,0.760833333,0.760833333,0.611383929,0.611383929,0.611383929,0.4565,0.4565,0.4565,0.1245,0.0747,0.0498,52.99692228,75
5792,26,5766,5510,11302,2,4,1,2,4,0,0,0,3,2,2,4,2,2,1,3,3,19,21,2,5,18,2,5,18,2,5,18,25,24,23,5.126296693,1.772844273,5.126296693,5.126296693,5.126296693,0,0,0,1.2853375,1.15680375,0.7712025,0.860895833,1.033075,0.688716667,8.008333333,1.601666667,1.067777778,5.126296693,1.772844273,0.008666667,0.008666667,0.008666667,0.0052,0.0052,0.0052,0.003466667,0.003466667,0.003466667,0.001181818,0.000738636,0.000513834,51.61539075,75
7248,3007,4241,3479,10727,2,4,2,2,3,0,0,0,3,2,2,4,2,2,4,2,3,16,22,2,5,17,2,5,17,2,5,17,28,25,20,5.02561882,1.073926879,5.02561882,5.02561882,5.02561882,0,0,0,0.945389583,0.850850625,0.56723375,0.633204861,0.759845833,0.506563889,1.472569444,1.767083333,0.78537037,5.02561882,1.073926879,1.052871148,1.052871148,1.052871148,0.631722689,0.631722689,0.631722689,0.421148459,0.421148459,0.421148459,0.122037338,0.082009091,0.068340909,45.94929028,75
15563,12121,3442,12787,28350,3,3,2,3,2,0,0,0,1,1,1,3,1,1,2,1,1,31,16,2,6,21,2,5,17,2,4,14,34,25,16,6.484583333,5.43727166,6.484583333,6.484583333,6.484583333,0,0,0,2.3018375,1.3811025,0.920735,0.685212963,1.233383333,0.822255556,2.390277778,2.868333333,1.912222222,6.484583333,5.43727166,3.435657596,3.435657596,3.435657596,2.546428571,2.546428571,2.546428571,2.061394558,2.061394558,2.061394558,0.405113636,0.330572727,0.344346591,45.94991482,75
13872,9234,4638,6789,20661,3,3,2,3,3,0,0,0,2,2,2,3,2,1,3,2,2,25,17,1,3,11,2,6,22,2,5,17,31,24,17,5.78,2.809722222,5.78,5.78,5.78,0,0,0,1.55083125,0.93049875,0.6203325,0.923305556,0.830975,1.107966667,2.147222222,1.9325,1.288333333,5.78,2.809722222,5.13,5.13,5.13,1.539,1.539,1.539,1.293277311,1.293277311,1.293277311,0.338489736,0.262329545,0.246898396,44.52360756,75
16934,9264,7670,1693,18627,4,3,3,4,5,0,0,0,1,1,1,2,1,1,3,1,1,25,14,1,3,10,1,3,11,1,3,8,12,12,12,5.453406699,0.865620111,5.453406699,5.453406699,5.453406699,0,0,0,5.1293125,3.0775875,2.051725,2.290347222,2.748416667,1.832277778,3.550925926,6.391666667,4.261111111,5.453406699,0.865620111,5.514285714,5.514285714,5.514285714,3.088,3.088,3.088,2.757142857,2.757142857,2.757142857,0.877272727,0.526363636,0.350909091,40.7868737,75
14705,8571,6134,8970,23675,3,3,2,3,4,0,0,0,1,1,1,2,1,1,2,1,1,27,17,1,3,11,1,3,10,1,2,7,12,12,12,6.127083333,3.69813244,6.127083333,6.127083333,6.127083333,0,0,0,4.1021125,2.4612675,1.640845,1.831680556,2.198016667,1.465344444,4.259722222,5.111666667,3.407777778,6.127083333,3.69813244,4.761666667,4.761666667,4.761666667,3.061071429,3.061071429,3.061071429,2.915306122,2.915306122,2.915306122,0.811647727,0.486988636,0.324659091,46.56754037,75
1774,474,1300,4056,5830,1,3,1,1,1,0,0,0,4,3,5,5,3,2,8,4,4,11,17,2,5,17,2,5,18,2,5,17,25,25,24,5.05908883,1.612082671,5.05908883,5.05908883,5.05908883,0,0,0,0.21734375,0.173875,0.06955,0.155277778,0.155277778,0.155277778,0.225694444,0.270833333,0.180555556,5.05908883,1.612082671,0.165966387,0.165966387,0.165966387,0.0948,0.0948,0.0948,0.066386555,0.066386555,0.066386555,0.021545455,0.012927273,0.008977273,46.99552374,75
8011,698,7313,9958,17969,2,3,2,2,5,0,0,0,2,2,1,3,2,1,4,2,2,24,17,2,4,15,2,5,17,2,5,17,12,12,25,5.243865131,3.957869634,5.243865131,5.243865131,5.243865131,0,0,0,2.445284375,1.467170625,1.9562275,1.455828704,1.310245833,1.746994444,2.539236111,3.047083333,2.031388889,5.243865131,3.957869634,0.290833333,0.290833333,0.290833333,0.146638655,0.146638655,0.146638655,0.097759104,0.097759104,0.097759104,0.066098485,0.039659091,0.012690909,57.02958403,75
14949,7769,7180,5261,20210,3,3,2,3,4,0,0,0,2,2,2,3,2,1,4,2,4,23,15,2,6,21,1,3,11,2,5,18,25,25,25,6.428359468,2.36981982,6.428359468,6.428359468,6.428359468,0,0,0,2.4008125,1.4404875,0.960325,1.429351852,1.286416667,1.715222222,2.493055556,2.991666667,0.997222222,6.428359468,2.36981982,2.202097506,2.202097506,2.202097506,2.589666667,2.589666667,2.589666667,1.035866667,1.035866667,1.035866667,0.353136364,0.211881818,0.141254545,44.709179,75
7932,975,6957,1084,9016,2,3,2,2,5,0,0,0,1,3,3,5,3,2,5,4,3,13,14,2,5,17,2,5,18,2,5,17,25,25,24,5,0.543650794,5,5,5,0,0,0,4.65249375,0.93049875,0.6203325,0.830975,0.830975,0.830975,1.9325,1.449375,1.288333333,5,0.543650794,0.341386555,0.341386555,0.341386555,0.195,0.195,0.195,0.136554622,0.136554622,0.136554622,0.044318182,0.026590909,0.018465909,48.80285283,75
6229,5837,392,13858,20087,2,3,1,2,1,0,0,0,2,1,1,2,1,1,2,2,2,29,17,2,5,18,2,5,17,2,5,18,24,24,17,5.253607796,5.507949126,5.253607796,5.253607796,5.253607796,0,0,0,0.131075,0.15729,0.10486,0.117055556,0.140466667,0.093644444,0.272222222,0.163333333,0.108888889,5.253607796,5.507949126,1.945666667,1.945666667,1.945666667,1.226260504,1.226260504,1.226260504,0.778266667,0.778266667,0.778266667,0.276373106,0.165823864,0.156069519,49.36458354,75
14964,13536,1428,4139,19103,3,3,2,3,1,0,0,0,3,2,2,4,2,2,7,3,1,22,15,2,6,21,2,6,19,2,4,13,25,25,25,6.235,1.932355159,6.235,6.235,6.235,0,0,0,0.318325,0.2864925,0.190995,0.213208333,0.25585,0.170566667,0.283333333,0.396666667,0.793333333,6.235,1.932355159,3.836734694,3.836734694,3.836734694,2.544360902,2.544360902,2.544360902,2.479120879,2.479120879,2.479120879,0.615272727,0.369163636,0.246109091,38.71081538,75
7904,1581,6323,2881,10785,2,3,2,2,5,0,0,0,3,3,2,6,3,2,4,4,2,15,17,2,5,17,2,5,18,2,5,17,25,25,24,5.062421555,1.145071542,5.062421555,5.062421555,5.062421555,0,0,0,1.409502083,0.84570125,0.84570125,0.629372685,0.755247222,0.755247222,2.195486111,1.317291667,1.756388889,5.062421555,1.145071542,0.553571429,0.553571429,0.553571429,0.3162,0.3162,0.3162,0.221428571,0.221428571,0.221428571,0.071863636,0.043118182,0.029943182,49.42804925,75
9127,7800,1327,12840,21967,2,3,2,2,1,0,0,0,3,3,1,5,3,1,2,2,2,26,17,1,3,10,3,8,27,1,2,8,25,25,25,5.85096149,5.103338633,5.85096149,5.85096149,5.85096149,0,0,0,0.295810417,0.17748625,0.3549725,0.158502778,0.158502778,0.317005556,0.921527778,0.552916667,0.368611111,5.85096149,5.103338633,4.642857143,4.642857143,4.642857143,1.031746032,1.031746032,1.031746032,2.6,2.6,2.6,0.354545455,0.212727273,0.141818182,48.52139459,75
12623,3845,8778,5491,18114,3,3,2,3,6,0,0,0,1,1,1,2,3,1,5,1,2,24,17,1,2,7,4,11,35,1,3,11,21,35,19,5.259583333,2.247845734,5.259583333,5.259583333,5.259583333,0,0,0,5.8702875,3.5221725,2.348115,2.621208333,1.048483333,2.096966667,2.438333333,7.315,2.438333333,5.259583333,2.247845734,3.269557823,3.269557823,3.269557823,0.392346939,0.392346939,0.392346939,0.854444444,0.854444444,0.854444444,0.208062771,0.074902597,0.091985646,49.58690565,75
7487,2819,4668,29,7516,2,19,2,2,4,0,0,0,1,2,2,3,2,2,4,1,1,12,5,2,6,21,1,3,11,2,6,21,51,12,12,5,0.039473684,5,5,5,0,0,0,3.121725001,0.9365175,0.624345,0.929277778,0.83635,0.557566667,1.620833333,3.890000001,2.593333334,5,0.039473684,0.799036281,0.799036281,0.799036281,0.939666667,0.939666667,0.939666667,0.319614512,0.319614512,0.319614512,0.062811943,0.160170455,0.106780303,39.83551833,75
5998,1781,4217,13290,19288,2,3,1,2,3,0,0,0,2,2,1,3,2,1,2,2,2,29,17,2,5,18,2,5,17,2,5,17,25,25,25,5.038277356,5.282193959,5.038277356,5.038277356,5.038277356,0,0,0,1.410059375,0.846035625,1.1280475,0.83949537,0.755545833,1.007394444,2.928472222,1.757083333,1.171388889,5.038277356,5.282193959,0.593666667,0.593666667,0.593666667,0.374159664,0.374159664,0.374159664,0.249439776,0.249439776,0.249439776,0.080954545,0.048572727,0.032381818,55.3764319,75
4952,3229,1723,10992,15944,1,4,1,1,1,0,0,0,3,3,2,4,3,2,4,1,4,18,22,2,5,18,2,5,18,2,5,17,25,25,25,6.19,3.387919643,6.19,6.19,6.19,0,0,0,0.384085417,0.23045125,0.23045125,0.257253472,0.205802778,0.205802778,0.598263889,1.435833333,0.239305556,6.19,3.387919643,1.076333333,1.076333333,1.076333333,0.6458,0.6458,0.6458,0.452240896,0.452240896,0.452240896,0.146772727,0.088063636,0.058709091,54.10976395,75
9450,3115,6335,14261,23711,2,3,2,3,4,0,0,0,2,2,1,3,2,1,2,2,1,28,17,1,3,11,2,4,14,2,5,16,25,25,25,5.727272727,5.668181818,5.727272727,5.727272727,5.727272727,0,0,0,2.118265625,1.270959375,1.6946125,1.261134259,1.135020833,1.513361111,4.399305556,2.639583333,3.519444444,5.727272727,5.668181818,1.730555556,1.730555556,1.730555556,0.794642857,0.794642857,0.794642857,0.463541667,0.463541667,0.463541667,0.141590909,0.084954545,0.056636364,55.14743199,75
9102,136,8966,3643,12745,2,4,2,2,6,0,0,0,4,2,1,3,2,1,2,5,2,16,21,2,5,17,2,5,18,2,5,18,25,25,24,5.68875,1.215631696,5.68875,5.68875,5.68875,0,0,0,1.499003125,1.79880375,2.398405,1.784898148,1.606408333,2.141877778,6.226388889,1.494333333,2.490555556,5.68875,1.215631696,0.047619048,0.047619048,0.047619048,0.0272,0.0272,0.0272,0.018133333,0.018133333,0.018133333,0.006181818,0.003709091,0.002575758,53.13338045,75
11530,2636,8894,5311,16841,3,3,2,3,7,0,0,0,2,1,1,3,1,1,3,2,2,24,17,1,3,10,1,3,10,2,5,18,27,24,24,5,2.136904762,5,5,5,0,0,0,2.97393125,3.5687175,2.379145,1.770564815,3.187016667,2.124677778,4.117592593,3.705833333,2.470555556,5,2.136904762,1.569047619,1.569047619,1.569047619,0.941428571,0.941428571,0.941428571,0.351466667,0.351466667,0.351466667,0.110942761,0.074886364,0.049924242,50.28860375,75
14734,7473,7261,5777,20511,3,3,2,3,5,0,0,0,2,2,1,3,2,1,4,2,2,23,17,2,6,20,2,5,16,2,5,17,25,25,24,6.228400882,2.296104928,6.228400882,6.228400882,6.228400882,0,0,0,2.427896875,1.456738125,1.9423175,1.445476852,1.300929167,1.734572222,2.521180556,3.025416667,2.016944444,6.228400882,2.296104928,2.224107143,2.224107143,2.224107143,1.668080357,1.668080357,1.668080357,1.046638655,1.046638655,1.046638655,0.339681818,0.203809091,0.141534091,45.4343385,75
15312,8419,6893,2361,17673,3,3,2,3,4,0,0,0,3,4,2,4,2,2,3,3,3,20,13,2,6,21,2,5,17,2,5,15,32,24,17,6.38,1.227896825,6.38,6.38,6.38,0,0,0,1.536564583,0.691454062,0.92193875,1.029163194,1.234995833,0.823330556,3.191203704,1.914722222,1.276481481,6.38,1.227896825,2.386337868,2.386337868,2.386337868,1.768697479,1.768697479,1.768697479,1.336349206,1.336349206,1.336349206,0.29897017,0.239176136,0.225106952,42.01928666,75
12947,6103,6844,9825,22772,3,3,2,3,5,0,0,0,1,1,1,2,1,1,2,3,1,29,17,1,3,10,3,7,24,2,5,18,25,25,25,5.415861327,3.905007949,5.415861327,5.415861327,5.415861327,0,0,0,4.576925,2.746155,1.83077,2.043694444,2.452433333,1.634955556,4.752777778,1.901111111,3.802222222,5.415861327,3.905007949,3.632738095,3.632738095,3.632738095,0.908184524,0.908184524,0.908184524,0.813733333,0.813733333,0.813733333,0.277409091,0.166445455,0.110963636,49.73611068,75
15345,1656,13689,6914,22259,3,3,2,3,8,0,0,0,2,1,1,2,1,1,4,1,3,25,15,4,5,19,3,4,18,2,4,16,34,25,16,6.406795367,3.114414414,6.406795367,6.406795367,6.406795367,0,0,0,4.577259375,5.49271125,3.6618075,4.0876875,4.905225,3.27015,4.753125,11.4075,2.535,6.406795367,3.114414414,0.552,0.552,0.552,0.414,0.414,0.414,0.276,0.276,0.276,0.055347594,0.045163636,0.047045455,52.12093336,75
11876,7774,4102,4272,16148,3,3,2,3,3,0,0,0,2,2,2,3,2,2,3,3,2,23,16,2,6,21,2,5,16,2,5,16,32,24,17,5,1.843253968,5,5,5,0,0,0,1.37160625,0.82296375,0.5486425,0.816601852,0.734941667,0.489961111,1.899074074,1.139444444,1.139444444,5,1.843253968,2.203514739,2.203514739,2.203514739,1.735267857,1.735267857,1.735267857,1.156845238,1.156845238,1.156845238,0.276065341,0.220852273,0.207860963,43.07385158,75
14542,10599,3943,5448,19990,3,4,2,3,3,0,0,0,2,1,1,2,1,1,2,2,2,23,22,2,5,17,2,6,21,2,4,14,25,25,17,6.059166667,1.67528745,6.059166667,6.059166667,6.059166667,0,0,0,1.318440625,1.58212875,1.0547525,1.177423611,1.412908333,0.941938889,2.738194444,1.642916667,1.095277778,6.059166667,1.67528745,3.711134454,3.711134454,3.711134454,1.80255102,1.80255102,1.80255102,1.80255102,1.80255102,1.80255102,0.481772727,0.289063636,0.283395722,42.35292976,75
3768,2482,1286,13767,17535,1,4,1,1,1,0,0,0,3,3,1,4,3,1,3,1,1,24,23,3,8,22,2,7,21,1,3,7,39,12,17,5.04840484,4.097321429,5.04840484,5.04840484,5.04840484,0,0,0,0.286670833,0.1720025,0.344005,0.192006944,0.153605556,0.307211111,0.59537037,1.071666667,0.714444444,5.04840484,4.097321429,0.671536797,0.671536797,0.671536797,0.422108844,0.422108844,0.422108844,0.844217687,0.844217687,0.844217687,0.072319347,0.141022727,0.066363636,56.82801478,75
5331,413,4918,10954,16285,1,6,1,2,3,0,0,0,1,1,1,2,1,1,2,1,1,17,34,3,9,29,2,4,14,1,3,10,25,20,25,6.48812238,2.176868045,6.48812238,6.48812238,6.48812238,0,0,0,3.2889125,1.9733475,1.315565,1.468569445,1.762283334,1.174855556,3.415277778,4.098333334,2.732222222,6.48812238,2.176868045,0.084770115,0.084770115,0.084770115,0.105357143,0.105357143,0.105357143,0.098333333,0.098333333,0.098333333,0.018772727,0.014079545,0.007509091,58.8329026,75
19430,12219,7211,4554,23984,4,3,3,4,5,0,0,0,1,1,1,2,1,1,3,2,1,28,15,2,6,21,2,4,14,2,4,14,25,25,25,6.124887921,2.051351351,6.124887921,6.124887921,6.124887921,0,0,0,4.82235625,2.89341375,1.9289425,2.153284722,2.583941667,1.722627778,3.338425926,3.004583333,4.006111111,6.124887921,2.051351351,3.463435374,3.463435374,3.463435374,3.117091837,3.117091837,3.117091837,2.078061224,2.078061224,2.078061224,0.555409091,0.333245455,0.222163636,41.57962771,75
3207,267,2940,3622,6829,1,4,1,1,2,0,0,0,4,2,3,6,3,1,5,4,4,10,23,2,5,17,2,5,18,2,5,18,25,25,24,5.529770992,1.07797619,5.529770992,5.529770992,5.529770992,0,0,0,0.49153125,0.5898375,0.26215,0.292638889,0.351166667,0.702333333,0.816666667,0.6125,0.408333333,5.529770992,1.07797619,0.093487395,0.093487395,0.093487395,0.0534,0.0534,0.0534,0.0356,0.0356,0.0356,0.012136364,0.007281818,0.005056818,51.44720365,75
8618,2150,6468,12234,20852,2,3,2,3,5,0,0,0,2,2,1,3,2,1,2,2,1,27,17,1,2,8,2,5,17,2,5,18,25,25,25,5.223124433,4.862480127,5.223124433,5.223124433,5.223124433,0,0,0,2.1627375,1.2976425,1.73019,1.287611111,1.15885,1.545133333,4.491666667,2.695,3.593333333,5.223124433,4.862480127,1.791666667,1.791666667,1.791666667,0.451680672,0.451680672,0.451680672,0.286666667,0.286666667,0.286666667,0.097727273,0.058636364,0.039090909,55.17913871,75
8250,2134,6116,14095,22345,2,3,2,2,5,0,0,0,2,1,1,2,1,1,2,2,2,30,17,2,5,17,2,5,18,2,5,17,25,25,25,5.15625,5.708705357,5.15625,5.15625,5.15625,0,0,0,2.0450375,2.454045,1.63603,1.826305556,2.191566667,1.461044444,4.247222222,2.548333333,1.698888889,5.15625,5.708705357,0.74719888,0.74719888,0.74719888,0.4268,0.4268,0.4268,0.298879552,0.298879552,0.298879552,0.097,0.0582,0.0388,56.04738623,75
8620,2402,6218,4020,12640,2,3,2,2,4,0,0,0,3,3,2,5,3,2,4,4,3,16,17,2,5,17,2,5,18,2,5,18,25,25,24,5.607787043,1.597774245,5.607787043,5.607787043,5.607787043,0,0,0,1.386095833,0.8316575,0.8316575,0.742705556,0.742705556,0.742705556,2.159027778,1.295416667,1.151481481,5.607787043,1.597774245,0.841036415,0.841036415,0.841036415,0.4804,0.4804,0.4804,0.320266667,0.320266667,0.320266667,0.109181818,0.065509091,0.045492424,49.29135251,75
17134,5271,11863,166,17300,4,3,3,4,8,0,0,0,2,2,2,4,2,2,3,2,2,23,6,1,3,11,2,6,22,2,5,18,51,12,12,5.354375,0.220974206,5.354375,5.354375,5.354375,0,0,0,3.966690625,2.380014375,1.58667625,1.771211806,2.125454167,1.416969444,5.49212963,4.942916667,3.295277778,5.354375,0.220974206,2.928333333,2.928333333,2.928333333,0.8785,0.8785,0.8785,0.7028,0.7028,0.7028,0.117446524,0.299488636,0.199659091,44.39411423,75
21619,13241,8378,436,22055,5,3,4,6,6,0,0,0,1,1,1,2,1,1,3,1,2,29,9,3,7,24,3,6,22,1,2,7,39,14,13,5.240969697,0.34731823,5.240969697,5.240969697,5.240969697,0,0,0,5.6027875,3.3616725,2.241115,2.501763889,3.002116667,2.001411111,3.878703704,6.981666667,2.327222222,5.240969697,0.34731823,3.283978175,3.283978175,3.283978175,2.206833333,2.206833333,2.206833333,4.503741497,4.503741497,4.503741497,0.385810023,0.644853896,0.462972028,38.97339642,75
4942,3530,1412,14629,19571,1,3,1,1,1,0,0,0,3,5,2,4,2,2,4,3,4,21,17,2,5,18,2,5,17,2,5,17,25,25,25,6.417984035,5.814387917,6.417984035,6.417984035,6.417984035,0,0,0,0.314758333,0.113313,0.188855,0.210819444,0.252983333,0.168655556,0.490277778,0.392222222,0.196111111,6.417984035,5.814387917,1.176666667,1.176666667,1.176666667,0.741596639,0.741596639,0.741596639,0.494397759,0.494397759,0.494397759,0.160454545,0.096272727,0.064181818,55.70420217,75
14537,1104,13433,3884,18421,3,3,2,3,8,0,0,0,2,2,2,3,1,2,4,2,2,22,14,2,5,18,2,5,18,2,4,14,25,25,25,6.057083333,1.877215112,6.057083333,6.057083333,6.057083333,0,0,0,4.491659375,2.694995625,1.79666375,2.674162037,4.813491667,1.604497222,4.664236111,5.597083333,3.731388889,6.057083333,1.877215112,0.368,0.368,0.368,0.2208,0.2208,0.2208,0.187755102,0.187755102,0.187755102,0.050181818,0.030109091,0.020072727,51.97923543,75
14066,7800,6266,1924,15990,3,3,2,3,4,0,0,0,3,2,2,4,2,2,3,3,3,19,17,2,6,21,2,6,18,1,3,11,25,25,25,5.860833333,0.783770172,5.860833333,5.860833333,5.860833333,0,0,0,1.396795833,1.25711625,0.8380775,0.935548611,1.122658333,0.748438889,2.900925926,1.740555556,1.16037037,5.860833333,0.783770172,2.210884354,2.210884354,2.210884354,1.547619048,1.547619048,1.547619048,1.733333333,1.733333333,1.733333333,0.354545455,0.212727273,0.141818182,42.22194973,75
13780,9045,4735,1040,14820,3,4,2,3,3,0,0,0,1,5,1,2,1,1,6,1,1,18,23,1,3,11,3,7,23,2,5,17,32,17,24,5.741666667,0.32296875,5.741666667,5.741666667,5.741666667,0,0,0,3.16653125,0.37998375,1.2666125,1.413923611,1.696708333,1.131138889,1.096064815,3.945833333,2.630555556,5.741666667,0.32296875,5.025,5.025,5.025,1.404503106,1.404503106,1.404503106,1.266806723,1.266806723,1.266806723,0.321200284,0.36276738,0.171306818,39.72617287,75
8625,225,8400,9090,17715,2,3,2,3,6,0,0,0,2,2,2,3,2,2,4,1,1,23,17,2,5,17,2,5,16,2,5,18,25,25,25,5.227272727,3.638347763,5.227272727,5.227272727,5.227272727,0,0,0,2.80875,1.68525,1.1235,1.672222222,1.505,1.003333333,2.916666667,7,4.666666667,5.227272727,3.638347763,0.078781513,0.078781513,0.078781513,0.050223214,0.050223214,0.050223214,0.03,0.03,0.03,0.010227273,0.006136364,0.004090909,57.17140592,75
8078,1403,6675,14120,22198,2,3,2,2,5,0,0,0,2,1,1,2,1,1,2,2,2,30,17,2,5,18,2,5,17,2,5,17,25,25,25,5.068977896,5.612082671,5.068977896,5.068977896,5.068977896,0,0,0,2.231953125,2.67834375,1.7855625,1.993229167,2.391875,1.594583333,4.635416667,2.78125,1.854166667,5.068977896,5.612082671,0.467666667,0.467666667,0.467666667,0.294747899,0.294747899,0.294747899,0.196498599,0.196498599,0.196498599,0.063772727,0.038263636,0.025509091,58.08221992,75
6446,3884,2562,12315,18761,2,3,1,2,2,0,0,0,1,1,1,2,3,5,5,2,1,27,17,2,4,15,3,8,28,1,3,11,17,46,12,5.327272727,4.959437229,5.327272727,5.327272727,5.327272727,0,0,0,1.7133375,1.0280025,0.685335,0.765041667,0.306016667,0.122406667,0.711666667,1.0675,1.423333333,5.327272727,4.959437229,1.618333333,1.618333333,1.618333333,0.495408163,0.495408163,0.495408163,0.863111111,0.863111111,0.863111111,0.259625668,0.05756917,0.147121212,50.84290339,75
14933,14136,797,12836,27769,3,3,2,3,1,0,0,0,1,1,1,2,1,1,1,1,1,31,17,2,5,18,2,5,18,1,3,11,12,12,12,6.222083333,5.217167493,6.222083333,6.222083333,6.222083333,0,0,0,0.53299375,0.31979625,0.2131975,0.237993056,0.285591667,0.190394444,1.106944444,0.664166667,0.442777778,6.222083333,5.217167493,4.712,4.712,4.712,2.8272,2.8272,2.8272,3.141333333,3.141333333,3.141333333,1.338636364,0.803181818,0.535454545,44.41719533,75
15038,3438,11600,4569,19607,3,3,2,3,7,0,0,0,2,2,1,3,2,1,4,2,2,22,16,2,5,18,2,5,18,2,5,17,25,25,24,6.265833333,1.941911045,6.265833333,6.265833333,6.265833333,0,0,0,3.87875,2.32725,3.103,2.309259259,2.078333333,2.771111111,4.027777778,4.833333333,3.222222222,6.265833333,1.941911045,1.146,1.146,1.146,0.6876,0.6876,0.6876,0.481512605,0.481512605,0.481512605,0.156272727,0.093763636,0.065113636,49.570852,75
12111,9895,2216,1569,13680,3,3,2,3,2,0,0,0,3,3,2,4,3,2,4,3,3,19,16,2,6,21,2,5,17,2,4,15,32,24,17,5.04625,0.674835813,5.04625,5.04625,5.04625,0,0,0,0.493983333,0.29639,0.29639,0.330861111,0.264688889,0.264688889,0.769444444,0.615555556,0.41037037,5.04625,0.674835813,2.804705215,2.804705215,2.804705215,2.078781513,2.078781513,2.078781513,1.649166667,1.649166667,1.649166667,0.351384943,0.281107955,0.264572193,38.07638347,75
9089,459,8630,10303,19392,2,3,2,2,6,0,0,0,2,2,2,3,2,1,4,2,2,23,17,2,5,17,2,5,18,2,5,17,25,25,24,5.883340917,4.094992051,5.883340917,5.883340917,5.883340917,0,0,0,2.88565625,1.73139375,1.1542625,1.718009259,1.546208333,2.061611111,2.996527778,3.595833333,2.397222222,5.883340917,4.094992051,0.160714286,0.160714286,0.160714286,0.0918,0.0918,0.0918,0.064285714,0.064285714,0.064285714,0.020863636,0.012518182,0.008693182,56.63917676,75
14226,10854,3372,3202,17428,3,5,2,3,2,0,0,0,1,1,2,2,3,2,1,1,1,21,24,2,6,21,2,6,21,1,3,11,34,23,18,5.993770335,0.903346815,5.993770335,5.993770335,5.993770335,0,0,0,2.255025,1.353015,0.451005,1.006916667,0.402766667,0.402766667,4.683333333,2.81,1.873333333,5.993770335,0.903346815,3.076530612,3.076530612,3.076530612,1.845918367,1.845918367,1.845918367,2.412,2.412,2.412,0.36276738,0.321758893,0.274090909,40.20230112,75
9550,7384,2166,1736,11286,2,4,2,2,2,0,0,0,3,3,5,5,3,2,4,4,4,14,16,2,6,21,3,7,22,1,3,10,25,25,25,5.96875,0.749646577,5.96875,5.96875,5.96875,0,0,0,0.4828375,0.2897025,0.115881,0.258716667,0.258716667,0.258716667,0.752083333,0.45125,0.300833333,5.96875,0.749646577,2.092970522,2.092970522,2.092970522,1.198701299,1.198701299,1.198701299,1.758095238,1.758095238,1.758095238,0.335636364,0.201381818,0.134254545,37.83997283,75
14721,7775,6946,7658,22379,3,3,2,3,4,0,0,0,2,2,1,3,2,1,3,2,2,25,17,1,3,10,1,3,11,2,7,21,25,25,25,6.26136725,3.043720191,6.26136725,6.26136725,6.26136725,0,0,0,2.32256875,1.39354125,1.858055,1.382768519,1.244491667,1.659322222,3.215740741,2.894166667,1.929444444,6.26136725,3.043720191,4.62797619,4.62797619,4.62797619,2.591666667,2.591666667,2.591666667,0.881519274,0.881519274,0.881519274,0.353409091,0.212045455,0.141363636,46.89559284,75
8802,1950,6852,9611,18413,2,3,2,2,5,0,0,0,2,2,2,3,2,1,5,2,2,23,17,2,5,17,2,5,17,2,5,17,25,25,25,5.50125,3.829044643,5.50125,5.50125,5.50125,0,0,0,2.2911375,1.3746825,0.916455,1.364055556,1.22765,1.636866667,1.903333333,2.855,1.903333333,5.50125,3.829044643,0.682773109,0.682773109,0.682773109,0.409663866,0.409663866,0.409663866,0.273109244,0.273109244,0.273109244,0.088636364,0.053181818,0.035454545,54.60386904,75
3854,161,3693,1170,5024,1,7,1,1,3,0,0,0,1,1,1,2,2,1,1,3,4,8,26,2,5,18,2,5,18,2,5,18,25,25,24,5,0.305272109,5,5,5,0,0,0,2.46969375,1.48181625,0.9878775,1.102770833,0.6616625,0.882216667,5.129166667,1.025833333,0.512916667,5,0.305272109,0.053666667,0.053666667,0.053666667,0.0322,0.0322,0.0322,0.021466667,0.021466667,0.021466667,0.007318182,0.004390909,0.003049242,48.90393178,75
6596,4527,2069,14699,21295,2,3,2,2,2,0,0,0,1,1,1,6,1,1,1,1,3,31,17,1,3,11,3,10,34,1,3,9,39,12,17,5.011017304,5.842209857,5.011017304,5.011017304,5.011017304,0,0,0,1.38364375,0.83018625,0.5534575,0.20594213,0.741391667,0.494261111,2.873611111,1.724166667,0.383148148,5.011017304,5.842209857,2.515,2.515,2.515,0.503,0.503,0.503,1.197619048,1.197619048,1.197619048,0.131905594,0.257215909,0.121042781,51.87786276,75
5325,3427,1898,3925,9250,1,3,1,2,2,0,0,0,1,3,3,9,3,3,5,2,5,10,16,2,5,17,2,5,18,2,5,17,25,25,24,6.454545455,1.677669553,6.454545455,6.454545455,6.454545455,0,0,0,1.2692875,0.2538575,0.169238333,0.125947531,0.226705556,0.151137037,0.527222222,0.790833333,0.210888889,6.454545455,1.677669553,1.199929972,1.199929972,1.199929972,0.6854,0.6854,0.6854,0.479971989,0.479971989,0.479971989,0.155772727,0.093463636,0.064905303,43.94976073,75
11471,10309,1162,11121,22592,3,3,2,3,1,0,0,0,1,1,1,2,1,1,1,1,1,32,17,1,3,11,1,3,11,1,3,9,12,12,12,5,4.486111111,5,5,5,0,0,0,0.7770875,0.4662525,0.310835,0.346986111,0.416383333,0.277588889,1.613888889,0.968333333,0.645555556,5,4.486111111,5.727222222,5.727222222,5.727222222,3.436333333,3.436333333,3.436333333,2.727248677,2.727248677,2.727248677,0.976231061,0.585738636,0.390492424,45.43578412,75
2535,459,2076,9693,12228,1,3,1,1,2,0,0,0,6,3,5,3,3,5,4,1,2,18,17,2,5,17,2,5,17,2,5,18,25,25,25,5.279178997,3.85254372,5.279178997,5.279178997,5.279178997,0,0,0,0.2313875,0.277665,0.111066,0.413277778,0.247966667,0.099186667,0.720833333,1.73,0.576666667,5.279178997,3.85254372,0.160714286,0.160714286,0.160714286,0.096428571,0.096428571,0.096428571,0.0612,0.0612,0.0612,0.020863636,0.012518182,0.008345455,56.03016518,75
12281,9521,2760,5827,18108,3,3,2,3,2,0,0,0,3,1,1,2,1,1,1,1,1,25,16,1,3,10,1,3,11,1,3,8,12,12,12,5.117083333,2.487471065,5.117083333,5.117083333,5.117083333,0,0,0,0.61525,1.10745,0.7383,0.824166667,0.989,0.659333334,3.833333334,2.3,1.533333334,5.117083333,2.487471065,5.667261905,5.667261905,5.667261905,3.173666667,3.173666667,3.173666667,2.833630952,2.833630952,2.833630952,0.901609848,0.540965909,0.360643939,42.74751461,75
6615,4609,2006,12095,18710,2,3,2,2,2,0,0,0,2,1,1,3,1,1,3,2,2,27,17,2,5,18,2,5,18,2,5,18,29,24,22,5.16378045,4.807233704,5.16378045,5.16378045,5.16378045,0,0,0,0.67075625,0.8049075,0.536605,0.399342593,0.718816667,0.479211111,0.928703704,0.835833333,0.557222222,5.16378045,4.807233704,1.536333333,1.536333333,1.536333333,0.9218,0.9218,0.9218,0.614533333,0.614533333,0.614533333,0.180603448,0.1309375,0.095227273,49.91729906,75
12065,2150,9915,523,12588,3,3,2,3,7,0,0,0,3,2,2,2,1,2,10,3,4,18,10,1,3,10,1,3,11,1,3,11,25,25,25,5.035437457,0.377657809,5.035437457,5.035437457,5.035437457,0,0,0,2.21021875,1.989196875,1.32613125,2.960729167,3.552875,1.184291667,1.377083333,2.754166667,1.377083333,5.035437457,0.377657809,1.279761905,1.279761905,1.279761905,0.716666667,0.716666667,0.716666667,0.477777778,0.477777778,0.477777778,0.097727273,0.058636364,0.039090909,47.6016562,75
21289,13423,7866,2639,23928,4,3,3,5,5,0,0,0,2,1,1,4,1,1,3,1,2,26,13,2,6,22,2,6,22,1,3,11,31,24,20,6.451212121,1.402882636,6.451212121,6.451212121,6.451212121,0,0,0,2.63019375,3.1562325,2.104155,1.1744375,2.81865,1.8791,3.641666667,6.555,2.185,6.451212121,1.402882636,3.728611111,3.728611111,3.728611111,2.237166667,2.237166667,2.237166667,2.982888889,2.982888889,2.982888889,0.492045455,0.381335227,0.305068182,40.15856637,75
8550,294,8256,7907,16457,2,3,2,2,6,0,0,0,2,3,1,2,3,1,5,2,3,21,17,2,5,17,2,5,17,2,5,18,25,25,25,5.431804353,3.142686804,5.431804353,5.431804353,5.431804353,0,0,0,2.7606,1.10424,2.20848,2.465333333,0.986133333,1.972266667,2.293333333,3.44,1.528888889,5.431804353,3.142686804,0.102941176,0.102941176,0.102941176,0.061764706,0.061764706,0.061764706,0.0392,0.0392,0.0392,0.013363636,0.008018182,0.005345455,56.44823027,75
15079,7217,7862,7956,23035,3,3,2,3,5,0,0,0,2,2,1,3,1,1,3,2,2,26,16,2,6,20,2,5,17,2,5,16,25,25,25,6.282916667,3.423192295,6.282916667,6.282916667,6.282916667,0,0,0,2.62885625,1.57731375,2.103085,1.56512037,2.817216667,1.878144444,3.639814815,3.275833333,2.183888889,6.282916667,3.423192295,2.147916667,2.147916667,2.147916667,1.516176471,1.516176471,1.516176471,1.073958333,1.073958333,1.073958333,0.328045455,0.196827273,0.131218182,47.06277454,75
10988,5644,5344,4465,15453,3,3,2,3,4,0,0,0,2,2,2,3,2,1,3,3,2,23,17,2,6,21,2,5,16,2,5,16,25,25,24,5,1.843253968,5,5,5,0,0,0,1.7869,1.07214,0.71476,1.063851852,0.957466667,1.276622222,2.474074074,1.484444444,1.484444444,5,1.843253968,1.599773243,1.599773243,1.599773243,1.259821429,1.259821429,1.259821429,0.839880952,0.839880952,0.839880952,0.256545455,0.153927273,0.106893939,44.43657344,75
17243,14425,2818,5008,22251,4,3,3,4,2,0,0,0,2,1,1,2,1,1,2,2,1,29,16,2,6,21,2,6,22,1,3,11,32,24,17,5.3884375,2.121162698,5.3884375,5.3884375,5.3884375,0,0,0,0.94226875,1.1307225,0.753815,0.841486111,1.009783333,0.673188889,1.956944444,1.174166667,1.565555556,5.3884375,2.121162698,4.088718821,4.088718821,4.088718821,2.404166667,2.404166667,2.404166667,3.205555556,3.205555556,3.205555556,0.51225142,0.409801136,0.385695187,40.22637602,75
8781,83,8698,7729,16510,2,3,2,2,6,0,0,0,2,2,4,3,2,3,4,1,1,21,17,1,2,5,1,2,6,1,5,5,25,12,12,5.488125,3.175272321,5.488125,5.488125,5.488125,0,0,0,2.90839375,1.74503625,0.58167875,1.731546296,1.558391667,0.692618519,3.020138889,7.248333333,4.832222222,5.488125,3.175272321,0.098809524,0.098809524,0.098809524,0.049404762,0.049404762,0.049404762,0.03952381,0.03952381,0.03952381,0.003772727,0.004715909,0.003143939,56.41434664,75
16138,10988,5150,4202,20340,4,3,3,4,4,0,0,0,2,1,1,2,1,1,1,2,1,28,17,2,4,14,2,6,20,2,7,18,49,12,14,5.043125,1.689046627,5.043125,5.043125,5.043125,0,0,0,1.72203125,2.0664375,1.377625,1.537847222,1.845416667,1.230277778,7.152777778,2.145833333,2.861111111,5.043125,1.689046627,4.671768707,4.671768707,4.671768707,1.962142857,1.962142857,1.962142857,1.453439153,1.453439153,1.453439153,0.254823748,0.624318182,0.356753247,41.46185993,75
12022,225,11797,6500,18522,3,3,2,3,8,0,0,0,2,1,1,2,1,1,3,1,2,27,15,1,2,5,1,2,5,4,6,27,26,31,18,5.242327153,3.164118889,5.242327153,5.242327153,5.242327153,0,0,0,3.944621875,4.73354625,3.1556975,3.522715278,4.227258333,2.818172222,5.461574074,9.830833333,3.276944444,5.242327153,3.164118889,0.267857143,0.267857143,0.267857143,0.160714286,0.160714286,0.160714286,0.025,0.025,0.025,0.009833916,0.00494868,0.005681818,52.93846256,75
